⚠ [2912/3038] Replayed DoCarmoLib.Riemannian.Metric.RiemannianMetric
warning: DoCarmoLib/Riemannian/Metric/RiemannianMetric.lean:239:40: `ContinuousLinearMap.add_apply` has been deprecated: Use `add_apply` instead

Note: The updated constant is in a different namespace. Dot notation may need to be changed (e.g., from `x.add_apply` to `add_apply x`).
warning: DoCarmoLib/Riemannian/Metric/RiemannianMetric.lean:242:39: `ContinuousLinearMap.smul_apply` has been deprecated: Use `smul_apply` instead

Note: The updated constant is in a different namespace. Dot notation may need to be changed (e.g., from `x.smul_apply` to `smul_apply x`).
⚠ [2923/3038] Replayed DoCarmoLib.Riemannian.Util.Chart.FlatChartDerivs
warning: DoCarmoLib/Riemannian/Util/Chart/FlatChartDerivs.lean:158:6: `ContinuousLinearMap.sum_apply` has been deprecated: Use `sum_apply` instead

Note: The updated constant is in a different namespace. Dot notation may need to be changed (e.g., from `x.sum_apply` to `sum_apply x`).
warning: DoCarmoLib/Riemannian/Util/Chart/FlatChartDerivs.lean:184:8: `contMDiffOn_finset_sum` has been deprecated: Use `contMDiffOn_finsetSum` instead
⚠ [2924/3038] Replayed DoCarmoLib.Riemannian.TangentBundle.TangentSmooth
warning: DoCarmoLib/Riemannian/TangentBundle/TangentSmooth.lean:1:0: 'Mathlib.Geometry.Manifold.VectorBundle.SmoothSection' has been deprecated: please replace this import by

import Mathlib.Geometry.Manifold.VectorBundle.ContMDiffSection
⚠ [2925/3038] Replayed DoCarmoLib.Riemannian.TensorBundle.SmoothOrthoFrame.ChartBasis
warning: DoCarmoLib/Riemannian/TensorBundle/SmoothOrthoFrame/ChartBasis.lean:52:4: Overlapping instance parameters in `chartBasisVecFiber`:

⚠️ `[NormedSpace ℝ E]` and `[InnerProductSpace ℝ E]` can be used to infer conflicting versions of `[SMul ℝ E]`.
💡️ Of these, `[NormedSpace ℝ E]` may be removed.

When a data-carrying type class has multiple potential instances coming from different instance parameters, then these potential instances are incompatible. This is an example of an "instance diamond", which leads to unexpected unification failures.

Delete or combine some of your instance parameters to avoid this.

Note: This linter can be disabled with `set_option linter.overlappingInstances false`
warning: DoCarmoLib/Riemannian/TensorBundle/SmoothOrthoFrame/ChartBasis.lean:58:4: Overlapping instance parameters in `chartBasisVec`:

⚠️ `[NormedSpace ℝ E]` and `[InnerProductSpace ℝ E]` can be used to infer conflicting versions of `[SMul ℝ E]`.
💡️ Of these, `[NormedSpace ℝ E]` may be removed.

When a data-carrying type class has multiple potential instances coming from different instance parameters, then these potential instances are incompatible. This is an example of an "instance diamond", which leads to unexpected unification failures.

Delete or combine some of your instance parameters to avoid this.

Note: This linter can be disabled with `set_option linter.overlappingInstances false`
warning: DoCarmoLib/Riemannian/TensorBundle/SmoothOrthoFrame/ChartBasis.lean:107:4: Overlapping instance parameters in `chartBasisFamily`:

⚠️ `[NormedSpace ℝ E]` and `[InnerProductSpace ℝ E]` can be used to infer conflicting versions of `[SMul ℝ E]`.
💡️ Of these, `[NormedSpace ℝ E]` may be removed.

When a data-carrying type class has multiple potential instances coming from different instance parameters, then these potential instances are incompatible. This is an example of an "instance diamond", which leads to unexpected unification failures.

Delete or combine some of your instance parameters to avoid this.

Note: This linter can be disabled with `set_option linter.overlappingInstances false`
warning: DoCarmoLib/Riemannian/TensorBundle/SmoothOrthoFrame/ChartBasis.lean:153:18: Overlapping instance parameters in `chartFrameNormFiber`:

⚠️ `[NormedSpace ℝ E]` and `[InnerProductSpace ℝ E]` can be used to infer conflicting versions of `[SMul ℝ E]`.
💡️ Of these, `[NormedSpace ℝ E]` may be removed.

When a data-carrying type class has multiple potential instances coming from different instance parameters, then these potential instances are incompatible. This is an example of an "instance diamond", which leads to unexpected unification failures.

Delete or combine some of your instance parameters to avoid this.

Note: This linter can be disabled with `set_option linter.overlappingInstances false`
warning: DoCarmoLib/Riemannian/TensorBundle/SmoothOrthoFrame/ChartBasis.lean:170:18: Overlapping instance parameters in `chartFrameNorm`:

⚠️ `[NormedSpace ℝ E]` and `[InnerProductSpace ℝ E]` can be used to infer conflicting versions of `[SMul ℝ E]`.
💡️ Of these, `[NormedSpace ℝ E]` may be removed.

When a data-carrying type class has multiple potential instances coming from different instance parameters, then these potential instances are incompatible. This is an example of an "instance diamond", which leads to unexpected unification failures.

Delete or combine some of your instance parameters to avoid this.

Note: This linter can be disabled with `set_option linter.overlappingInstances false`
warning: DoCarmoLib/Riemannian/TensorBundle/SmoothOrthoFrame/ChartBasis.lean:180:18: Overlapping instance parameters in `chartFrameRawFiber`:

⚠️ `[NormedSpace ℝ E]` and `[InnerProductSpace ℝ E]` can be used to infer conflicting versions of `[SMul ℝ E]`.
💡️ Of these, `[NormedSpace ℝ E]` may be removed.

When a data-carrying type class has multiple potential instances coming from different instance parameters, then these potential instances are incompatible. This is an example of an "instance diamond", which leads to unexpected unification failures.

Delete or combine some of your instance parameters to avoid this.

Note: This linter can be disabled with `set_option linter.overlappingInstances false`
warning: DoCarmoLib/Riemannian/TensorBundle/SmoothOrthoFrame/ChartBasis.lean:252:12: `ContinuousLinearMap.smul_apply` has been deprecated: Use `smul_apply` instead

Note: The updated constant is in a different namespace. Dot notation may need to be changed (e.g., from `x.smul_apply` to `smul_apply x`).
⚠ [2926/3038] Replayed DoCarmoLib.Riemannian.TensorBundle.SmoothOrthoFrame.Orthonormality
warning: DoCarmoLib/Riemannian/TensorBundle/SmoothOrthoFrame/Orthonormality.lean:88:8: `ContinuousLinearMap.add_apply` has been deprecated: Use `add_apply` instead

Note: The updated constant is in a different namespace. Dot notation may need to be changed (e.g., from `x.add_apply` to `add_apply x`).
⚠ [2996/3195] Replayed DoCarmoLib.Riemannian.TensorBundle.SmoothOrthoFrame
warning: DoCarmoLib/Riemannian/TensorBundle/SmoothOrthoFrame.lean:1:0: 'Mathlib.Geometry.Manifold.VectorBundle.SmoothSection' has been deprecated: please replace this import by

import Mathlib.Geometry.Manifold.VectorBundle.ContMDiffSection
warning: DoCarmoLib/Riemannian/TensorBundle/SmoothOrthoFrame.lean:71:18: Overlapping instance parameters in `chartBumpAt`:

⚠️ `[NormedSpace ℝ E]` and `[InnerProductSpace ℝ E]` can be used to infer conflicting versions of `[SMul ℝ E]`.
💡️ Of these, `[NormedSpace ℝ E]` may be removed.

When a data-carrying type class has multiple potential instances coming from different instance parameters, then these potential instances are incompatible. This is an example of an "instance diamond", which leads to unexpected unification failures.

Delete or combine some of your instance parameters to avoid this.

Note: This linter can be disabled with `set_option linter.overlappingInstances false`
warning: DoCarmoLib/Riemannian/TensorBundle/SmoothOrthoFrame.lean:83:18: Overlapping instance parameters in `smoothOrthoFrame`:

⚠️ `[NormedSpace ℝ E]` and `[InnerProductSpace ℝ E]` can be used to infer conflicting versions of `[SMul ℝ E]`.
💡️ Of these, `[NormedSpace ℝ E]` may be removed.

When a data-carrying type class has multiple potential instances coming from different instance parameters, then these potential instances are incompatible. This is an example of an "instance diamond", which leads to unexpected unification failures.

Delete or combine some of your instance parameters to avoid this.

Note: This linter can be disabled with `set_option linter.overlappingInstances false`
warning: DoCarmoLib/Riemannian/TensorBundle/SmoothOrthoFrame.lean:93:18: Overlapping instance parameters in `smoothOrthoFrameNbhd`:

⚠️ `[NormedSpace ℝ E]` and `[InnerProductSpace ℝ E]` can be used to infer conflicting versions of `[SMul ℝ E]`.
💡️ Of these, `[NormedSpace ℝ E]` may be removed.

When a data-carrying type class has multiple potential instances coming from different instance parameters, then these potential instances are incompatible. This is an example of an "instance diamond", which leads to unexpected unification failures.

Delete or combine some of your instance parameters to avoid this.

Note: This linter can be disabled with `set_option linter.overlappingInstances false`
warning: DoCarmoLib/Riemannian/TensorBundle/SmoothOrthoFrame.lean:253:18: Overlapping instance parameters in `smoothOrthoFrameOrthonormalBasis`:

⚠️ `[NormedSpace ℝ E]` and `[InnerProductSpace ℝ E]` can be used to infer conflicting versions of `[SMul ℝ E]`.
💡️ Of these, `[NormedSpace ℝ E]` may be removed.

When a data-carrying type class has multiple potential instances coming from different instance parameters, then these potential instances are incompatible. This is an example of an "instance diamond", which leads to unexpected unification failures.

Delete or combine some of your instance parameters to avoid this.

Note: This linter can be disabled with `set_option linter.overlappingInstances false`
warning: DoCarmoLib/Riemannian/TensorBundle/SmoothOrthoFrame.lean:349:18: Overlapping instance parameters in `smoothOrthoFrameOrthonormalBasis_at_nbhd`:

⚠️ `[NormedSpace ℝ E]` and `[InnerProductSpace ℝ E]` can be used to infer conflicting versions of `[SMul ℝ E]`.
💡️ Of these, `[NormedSpace ℝ E]` may be removed.

When a data-carrying type class has multiple potential instances coming from different instance parameters, then these potential instances are incompatible. This is an example of an "instance diamond", which leads to unexpected unification failures.

Delete or combine some of your instance parameters to avoid this.

Note: This linter can be disabled with `set_option linter.overlappingInstances false`
⚠ [2997/3195] Replayed DoCarmoLib.Riemannian.TensorBundle.MusicalIso
warning: DoCarmoLib/Riemannian/TensorBundle/MusicalIso.lean:57:4: Overlapping instance parameters in `chartGramMatrix`:

⚠️ `[NormedSpace ℝ E]` and `[InnerProductSpace ℝ E]` can be used to infer conflicting versions of `[SMul ℝ E]`.
💡️ Of these, `[NormedSpace ℝ E]` may be removed.

When a data-carrying type class has multiple potential instances coming from different instance parameters, then these potential instances are incompatible. This is an example of an "instance diamond", which leads to unexpected unification failures.

Delete or combine some of your instance parameters to avoid this.

Note: This linter can be disabled with `set_option linter.overlappingInstances false`
warning: DoCarmoLib/Riemannian/TensorBundle/MusicalIso.lean:114:12: `ContinuousLinearMap.sum_apply` has been deprecated: Use `sum_apply` instead

Note: The updated constant is in a different namespace. Dot notation may need to be changed (e.g., from `x.sum_apply` to `sum_apply x`).
warning: DoCarmoLib/Riemannian/TensorBundle/MusicalIso.lean:117:8: `ContinuousLinearMap.smul_apply` has been deprecated: Use `smul_apply` instead

Note: The updated constant is in a different namespace. Dot notation may need to be changed (e.g., from `x.smul_apply` to `smul_apply x`).
warning: DoCarmoLib/Riemannian/TensorBundle/MusicalIso.lean:228:9: `contMDiffOn_finset_sum` has been deprecated: Use `contMDiffOn_finsetSum` instead
warning: DoCarmoLib/Riemannian/TensorBundle/MusicalIso.lean:231:9: `contMDiffOn_finset_prod` has been deprecated: Use `contMDiffOn_finsetProd` instead
warning: DoCarmoLib/Riemannian/TensorBundle/MusicalIso.lean:265:9: `contMDiffOn_finset_sum` has been deprecated: Use `contMDiffOn_finsetSum` instead
warning: DoCarmoLib/Riemannian/TensorBundle/MusicalIso.lean:268:9: `contMDiffOn_finset_prod` has been deprecated: Use `contMDiffOn_finsetProd` instead
warning: DoCarmoLib/Riemannian/TensorBundle/MusicalIso.lean:292:4: Overlapping instance parameters in `chartInvGramMatrix`:

⚠️ `[NormedSpace ℝ E]` and `[InnerProductSpace ℝ E]` can be used to infer conflicting versions of `[SMul ℝ E]`.
💡️ Of these, `[NormedSpace ℝ E]` may be removed.

When a data-carrying type class has multiple potential instances coming from different instance parameters, then these potential instances are incompatible. This is an example of an "instance diamond", which leads to unexpected unification failures.

Delete or combine some of your instance parameters to avoid this.

Note: This linter can be disabled with `set_option linter.overlappingInstances false`
warning: DoCarmoLib/Riemannian/TensorBundle/MusicalIso.lean:399:8: `ContinuousLinearMap.sum_apply` has been deprecated: Use `sum_apply` instead

Note: The updated constant is in a different namespace. Dot notation may need to be changed (e.g., from `x.sum_apply` to `sum_apply x`).
warning: DoCarmoLib/Riemannian/TensorBundle/MusicalIso.lean:410:10: `ContinuousLinearMap.smul_apply` has been deprecated: Use `smul_apply` instead

Note: The updated constant is in a different namespace. Dot notation may need to be changed (e.g., from `x.smul_apply` to `smul_apply x`).
warning: DoCarmoLib/Riemannian/TensorBundle/MusicalIso.lean:555:11: `contMDiffOn_finset_sum` has been deprecated: Use `contMDiffOn_finsetSum` instead
warning: DoCarmoLib/Riemannian/TensorBundle/MusicalIso.lean:597:11: `contMDiffOn_finset_sum` has been deprecated: Use `contMDiffOn_finsetSum` instead
warning: DoCarmoLib/Riemannian/TensorBundle/MusicalIso.lean:671:13: `contMDiffWithinAt_finset_sum` has been deprecated: Use `contMDiffWithinAt_finsetSum` instead
warning: DoCarmoLib/Riemannian/TensorBundle/MusicalIso.lean:711:13: `contMDiffAt_finset_sum` has been deprecated: Use `contMDiffAt_finsetSum` instead
⚠ [2998/3195] Replayed DoCarmoLib.Riemannian.Connection.ChartChristoffel
warning: DoCarmoLib/Riemannian/Connection/ChartChristoffel.lean:38:4: Overlapping instance parameters in `partialDeriv`:

⚠️ `[NormedSpace ℝ E]` and `[InnerProductSpace ℝ E]` can be used to infer conflicting versions of `[SMul ℝ E]`.
💡️ Of these, `[NormedSpace ℝ E]` may be removed.

When a data-carrying type class has multiple potential instances coming from different instance parameters, then these potential instances are incompatible. This is an example of an "instance diamond", which leads to unexpected unification failures.

Delete or combine some of your instance parameters to avoid this.

Note: This linter can be disabled with `set_option linter.overlappingInstances false`
warning: DoCarmoLib/Riemannian/Connection/ChartChristoffel.lean:43:4: Overlapping instance parameters in `chartGramOnE`:

⚠️ `[NormedSpace ℝ E]` and `[InnerProductSpace ℝ E]` can be used to infer conflicting versions of `[SMul ℝ E]`.
💡️ Of these, `[NormedSpace ℝ E]` may be removed.

When a data-carrying type class has multiple potential instances coming from different instance parameters, then these potential instances are incompatible. This is an example of an "instance diamond", which leads to unexpected unification failures.

Delete or combine some of your instance parameters to avoid this.

Note: This linter can be disabled with `set_option linter.overlappingInstances false`
warning: DoCarmoLib/Riemannian/Connection/ChartChristoffel.lean:68:4: Overlapping instance parameters in `chartChristoffel`:

⚠️ `[NormedSpace ℝ E]` and `[InnerProductSpace ℝ E]` can be used to infer conflicting versions of `[SMul ℝ E]`.
💡️ Of these, `[NormedSpace ℝ E]` may be removed.

When a data-carrying type class has multiple potential instances coming from different instance parameters, then these potential instances are incompatible. This is an example of an "instance diamond", which leads to unexpected unification failures.

Delete or combine some of your instance parameters to avoid this.

Note: This linter can be disabled with `set_option linter.overlappingInstances false`
⚠ [2999/3195] Replayed DoCarmoLib.Riemannian.Connection.ChartChristoffelSmooth
warning: DoCarmoLib/Riemannian/Connection/ChartChristoffelSmooth.lean:85:4: Overlapping instance parameters in `chartInvGramOnE`:

⚠️ `[NormedSpace ℝ E]` and `[InnerProductSpace ℝ E]` can be used to infer conflicting versions of `[SMul ℝ E]`.
💡️ Of these, `[NormedSpace ℝ E]` may be removed.

When a data-carrying type class has multiple potential instances coming from different instance parameters, then these potential instances are incompatible. This is an example of an "instance diamond", which leads to unexpected unification failures.

Delete or combine some of your instance parameters to avoid this.

Note: This linter can be disabled with `set_option linter.overlappingInstances false`
⚠ [3000/3195] Replayed DoCarmoLib.Riemannian.Geodesic.Equation
warning: DoCarmoLib/Riemannian/Geodesic/Equation.lean:86:4: Overlapping instance parameters in `chartCoord`:

⚠️ `[NormedSpace ℝ E]` and `[InnerProductSpace ℝ E]` can be used to infer conflicting versions of `[SMul ℝ E]`.
💡️ Of these, `[NormedSpace ℝ E]` may be removed.

When a data-carrying type class has multiple potential instances coming from different instance parameters, then these potential instances are incompatible. This is an example of an "instance diamond", which leads to unexpected unification failures.

Delete or combine some of your instance parameters to avoid this.

Note: This linter can be disabled with `set_option linter.overlappingInstances false`
warning: DoCarmoLib/Riemannian/Geodesic/Equation.lean:113:4: Overlapping instance parameters in `chartChristoffelContraction`:

⚠️ `[NormedSpace ℝ E]` and `[InnerProductSpace ℝ E]` can be used to infer conflicting versions of `[SMul ℝ E]`.
💡️ Of these, `[NormedSpace ℝ E]` may be removed.

When a data-carrying type class has multiple potential instances coming from different instance parameters, then these potential instances are incompatible. This is an example of an "instance diamond", which leads to unexpected unification failures.

Delete or combine some of your instance parameters to avoid this.

Note: This linter can be disabled with `set_option linter.overlappingInstances false`
warning: DoCarmoLib/Riemannian/Geodesic/Equation.lean:262:4: Overlapping instance parameters in `geodesicVectorField`:

⚠️ `[NormedSpace ℝ E]` and `[InnerProductSpace ℝ E]` can be used to infer conflicting versions of `[SMul ℝ E]`.
💡️ Of these, `[NormedSpace ℝ E]` may be removed.

When a data-carrying type class has multiple potential instances coming from different instance parameters, then these potential instances are incompatible. This is an example of an "instance diamond", which leads to unexpected unification failures.

Delete or combine some of your instance parameters to avoid this.

Note: This linter can be disabled with `set_option linter.overlappingInstances false`
warning: DoCarmoLib/Riemannian/Geodesic/Equation.lean:320:4: Overlapping instance parameters in `geodesicSprayCoord`:

⚠️ `[NormedSpace ℝ E]` and `[InnerProductSpace ℝ E]` can be used to infer conflicting versions of `[SMul ℝ E]`.
💡️ Of these, `[NormedSpace ℝ E]` may be removed.

When a data-carrying type class has multiple potential instances coming from different instance parameters, then these potential instances are incompatible. This is an example of an "instance diamond", which leads to unexpected unification failures.

Delete or combine some of your instance parameters to avoid this.

Note: This linter can be disabled with `set_option linter.overlappingInstances false`
warning: DoCarmoLib/Riemannian/Geodesic/Equation.lean:370:4: Overlapping instance parameters in `chartLocalCurve`:

⚠️ `[NormedSpace ℝ E]` and `[InnerProductSpace ℝ E]` can be used to infer conflicting versions of `[SMul ℝ E]`.
💡️ Of these, `[NormedSpace ℝ E]` may be removed.

When a data-carrying type class has multiple potential instances coming from different instance parameters, then these potential instances are incompatible. This is an example of an "instance diamond", which leads to unexpected unification failures.

Delete or combine some of your instance parameters to avoid this.

Note: This linter can be disabled with `set_option linter.overlappingInstances false`
warning: DoCarmoLib/Riemannian/Geodesic/Equation.lean:384:4: Overlapping instance parameters in `HasGeodesicEquationAt`:

⚠️ `[NormedSpace ℝ E]` and `[InnerProductSpace ℝ E]` can be used to infer conflicting versions of `[SMul ℝ E]`.
💡️ Of these, `[NormedSpace ℝ E]` may be removed.

When a data-carrying type class has multiple potential instances coming from different instance parameters, then these potential instances are incompatible. This is an example of an "instance diamond", which leads to unexpected unification failures.

Delete or combine some of your instance parameters to avoid this.

Note: This linter can be disabled with `set_option linter.overlappingInstances false`
warning: DoCarmoLib/Riemannian/Geodesic/Equation.lean:395:4: Overlapping instance parameters in `chartFiberCoord`:

⚠️ `[NormedSpace ℝ E]` and `[InnerProductSpace ℝ E]` can be used to infer conflicting versions of `[SMul ℝ E]`.
💡️ Of these, `[NormedSpace ℝ E]` may be removed.

When a data-carrying type class has multiple potential instances coming from different instance parameters, then these potential instances are incompatible. This is an example of an "instance diamond", which leads to unexpected unification failures.

Delete or combine some of your instance parameters to avoid this.

Note: This linter can be disabled with `set_option linter.overlappingInstances false`
warning: DoCarmoLib/Riemannian/Geodesic/Equation.lean:408:4: Overlapping instance parameters in `geodesicVectorFieldChartFiber`:

⚠️ `[NormedSpace ℝ E]` and `[InnerProductSpace ℝ E]` can be used to infer conflicting versions of `[SMul ℝ E]`.
💡️ Of these, `[NormedSpace ℝ E]` may be removed.

When a data-carrying type class has multiple potential instances coming from different instance parameters, then these potential instances are incompatible. This is an example of an "instance diamond", which leads to unexpected unification failures.

Delete or combine some of your instance parameters to avoid this.

Note: This linter can be disabled with `set_option linter.overlappingInstances false`
warning: DoCarmoLib/Riemannian/Geodesic/Equation.lean:440:4: Overlapping instance parameters in `geodesicVectorFieldChart`:

⚠️ `[NormedSpace ℝ E]` and `[InnerProductSpace ℝ E]` can be used to infer conflicting versions of `[SMul ℝ E]`.
💡️ Of these, `[NormedSpace ℝ E]` may be removed.

When a data-carrying type class has multiple potential instances coming from different instance parameters, then these potential instances are incompatible. This is an example of an "instance diamond", which leads to unexpected unification failures.

Delete or combine some of your instance parameters to avoid this.

Note: This linter can be disabled with `set_option linter.overlappingInstances false`
warning: DoCarmoLib/Riemannian/Geodesic/Equation.lean:449:4: Overlapping instance parameters in `geodesicChartDomain`:

⚠️ `[NormedSpace ℝ E]` and `[InnerProductSpace ℝ E]` can be used to infer conflicting versions of `[SMul ℝ E]`.
💡️ Of these, `[NormedSpace ℝ E]` may be removed.

When a data-carrying type class has multiple potential instances coming from different instance parameters, then these potential instances are incompatible. This is an example of an "instance diamond", which leads to unexpected unification failures.

Delete or combine some of your instance parameters to avoid this.

Note: This linter can be disabled with `set_option linter.overlappingInstances false`
warning: DoCarmoLib/Riemannian/Geodesic/Equation.lean:539:4: Overlapping instance parameters in `IsGeodesicAt`:

⚠️ `[NormedSpace ℝ E]` and `[InnerProductSpace ℝ E]` can be used to infer conflicting versions of `[SMul ℝ E]`.
💡️ Of these, `[NormedSpace ℝ E]` may be removed.

When a data-carrying type class has multiple potential instances coming from different instance parameters, then these potential instances are incompatible. This is an example of an "instance diamond", which leads to unexpected unification failures.

Delete or combine some of your instance parameters to avoid this.

Note: This linter can be disabled with `set_option linter.overlappingInstances false`
warning: DoCarmoLib/Riemannian/Geodesic/Equation.lean:551:4: Overlapping instance parameters in `IsGeodesic`:

⚠️ `[NormedSpace ℝ E]` and `[InnerProductSpace ℝ E]` can be used to infer conflicting versions of `[SMul ℝ E]`.
💡️ Of these, `[NormedSpace ℝ E]` may be removed.

When a data-carrying type class has multiple potential instances coming from different instance parameters, then these potential instances are incompatible. This is an example of an "instance diamond", which leads to unexpected unification failures.

Delete or combine some of your instance parameters to avoid this.

Note: This linter can be disabled with `set_option linter.overlappingInstances false`
warning: DoCarmoLib/Riemannian/Geodesic/Equation.lean:565:4: Overlapping instance parameters in `IsGeodesicOn`:

⚠️ `[NormedSpace ℝ E]` and `[InnerProductSpace ℝ E]` can be used to infer conflicting versions of `[SMul ℝ E]`.
💡️ Of these, `[NormedSpace ℝ E]` may be removed.

When a data-carrying type class has multiple potential instances coming from different instance parameters, then these potential instances are incompatible. This is an example of an "instance diamond", which leads to unexpected unification failures.

Delete or combine some of your instance parameters to avoid this.

Note: This linter can be disabled with `set_option linter.overlappingInstances false`
warning: DoCarmoLib/Riemannian/Geodesic/Equation.lean:573:4: Overlapping instance parameters in `IsGeodesicCurve`:

⚠️ `[NormedSpace ℝ E]` and `[InnerProductSpace ℝ E]` can be used to infer conflicting versions of `[SMul ℝ E]`.
💡️ Of these, `[NormedSpace ℝ E]` may be removed.

When a data-carrying type class has multiple potential instances coming from different instance parameters, then these potential instances are incompatible. This is an example of an "instance diamond", which leads to unexpected unification failures.

Delete or combine some of your instance parameters to avoid this.

Note: This linter can be disabled with `set_option linter.overlappingInstances false`
warning: DoCarmoLib/Riemannian/Geodesic/Equation.lean:577:4: Overlapping instance parameters in `IsGeodesicCurveOn`:

⚠️ `[NormedSpace ℝ E]` and `[InnerProductSpace ℝ E]` can be used to infer conflicting versions of `[SMul ℝ E]`.
💡️ Of these, `[NormedSpace ℝ E]` may be removed.

When a data-carrying type class has multiple potential instances coming from different instance parameters, then these potential instances are incompatible. This is an example of an "instance diamond", which leads to unexpected unification failures.

Delete or combine some of your instance parameters to avoid this.

Note: This linter can be disabled with `set_option linter.overlappingInstances false`
warning: DoCarmoLib/Riemannian/Geodesic/Equation.lean:1046:17: Overlapping instance parameters in `trivializationAt_tangent_tangent_isAtlas`:

⚠️ `[NormedSpace ℝ E]` and `[InnerProductSpace ℝ E]` can be used to infer conflicting versions of `[SMul ℝ E]`.
💡️ Of these, `[NormedSpace ℝ E]` may be removed.

When a data-carrying type class has multiple potential instances coming from different instance parameters, then these potential instances are incompatible. This is an example of an "instance diamond", which leads to unexpected unification failures.

Delete or combine some of your instance parameters to avoid this.

Note: This linter can be disabled with `set_option linter.overlappingInstances false`
⚠ [3016/3195] Replayed DoCarmoLib.Riemannian.Geodesic.CovariantDerivative
warning: DoCarmoLib/Riemannian/Geodesic/CovariantDerivative.lean:51:4: Overlapping instance parameters in `covariantDerivCoord`:

⚠️ `[NormedSpace ℝ E]` and `[InnerProductSpace ℝ E]` can be used to infer conflicting versions of `[SMul ℝ E]`.
💡️ Of these, `[NormedSpace ℝ E]` may be removed.

When a data-carrying type class has multiple potential instances coming from different instance parameters, then these potential instances are incompatible. This is an example of an "instance diamond", which leads to unexpected unification failures.

Delete or combine some of your instance parameters to avoid this.

Note: This linter can be disabled with `set_option linter.overlappingInstances false`
warning: DoCarmoLib/Riemannian/Geodesic/CovariantDerivative.lean:88:4: Overlapping instance parameters in `IsParallelCoord`:

⚠️ `[NormedSpace ℝ E]` and `[InnerProductSpace ℝ E]` can be used to infer conflicting versions of `[SMul ℝ E]`.
💡️ Of these, `[NormedSpace ℝ E]` may be removed.

When a data-carrying type class has multiple potential instances coming from different instance parameters, then these potential instances are incompatible. This is an example of an "instance diamond", which leads to unexpected unification failures.

Delete or combine some of your instance parameters to avoid this.

Note: This linter can be disabled with `set_option linter.overlappingInstances false`
warning: DoCarmoLib/Riemannian/Geodesic/CovariantDerivative.lean:125:4: Overlapping instance parameters in `chartChristoffelContractionRight`:

⚠️ `[NormedSpace ℝ E]` and `[InnerProductSpace ℝ E]` can be used to infer conflicting versions of `[SMul ℝ E]`.
💡️ Of these, `[NormedSpace ℝ E]` may be removed.

When a data-carrying type class has multiple potential instances coming from different instance parameters, then these potential instances are incompatible. This is an example of an "instance diamond", which leads to unexpected unification failures.

Delete or combine some of your instance parameters to avoid this.

Note: This linter can be disabled with `set_option linter.overlappingInstances false`
warning: DoCarmoLib/Riemannian/Geodesic/CovariantDerivative.lean:219:11: `ContinuousLinearMap.neg_apply` has been deprecated: Use `neg_apply` instead

Note: The updated constant is in a different namespace. Dot notation may need to be changed (e.g., from `x.neg_apply` to `neg_apply x`).
warning: DoCarmoLib/Riemannian/Geodesic/CovariantDerivative.lean:249:26: `ContinuousLinearMap.neg_apply` has been deprecated: Use `neg_apply` instead

Note: The updated constant is in a different namespace. Dot notation may need to be changed (e.g., from `x.neg_apply` to `neg_apply x`).
warning: DoCarmoLib/Riemannian/Geodesic/CovariantDerivative.lean:255:26: `ContinuousLinearMap.neg_apply` has been deprecated: Use `neg_apply` instead

Note: The updated constant is in a different namespace. Dot notation may need to be changed (e.g., from `x.neg_apply` to `neg_apply x`).
warning: DoCarmoLib/Riemannian/Geodesic/CovariantDerivative.lean:266:18: Overlapping instance parameters in `parallelTransport`:

⚠️ `[NormedSpace ℝ E]` and `[InnerProductSpace ℝ E]` can be used to infer conflicting versions of `[SMul ℝ E]`.
💡️ Of these, `[NormedSpace ℝ E]` may be removed.

When a data-carrying type class has multiple potential instances coming from different instance parameters, then these potential instances are incompatible. This is an example of an "instance diamond", which leads to unexpected unification failures.

Delete or combine some of your instance parameters to avoid this.

Note: This linter can be disabled with `set_option linter.overlappingInstances false`
warning: DoCarmoLib/Riemannian/Geodesic/CovariantDerivative.lean:306:24: `ContinuousLinearMap.neg_apply` has been deprecated: Use `neg_apply` instead

Note: The updated constant is in a different namespace. Dot notation may need to be changed (e.g., from `x.neg_apply` to `neg_apply x`).
warning: DoCarmoLib/Riemannian/Geodesic/CovariantDerivative.lean:316:4: Overlapping instance parameters in `chartCovariantDeriv`:

⚠️ `[NormedSpace ℝ E]` and `[InnerProductSpace ℝ E]` can be used to infer conflicting versions of `[SMul ℝ E]`.
💡️ Of these, `[NormedSpace ℝ E]` may be removed.

When a data-carrying type class has multiple potential instances coming from different instance parameters, then these potential instances are incompatible. This is an example of an "instance diamond", which leads to unexpected unification failures.

Delete or combine some of your instance parameters to avoid this.

Note: This linter can be disabled with `set_option linter.overlappingInstances false`
warning: DoCarmoLib/Riemannian/Geodesic/CovariantDerivative.lean:378:18: Overlapping instance parameters in `Geodesic.chartCoordFunctional`:

⚠️ `[NormedSpace ℝ E]` and `[InnerProductSpace ℝ E]` can be used to infer conflicting versions of `[SMul ℝ E]`.
💡️ Of these, `[NormedSpace ℝ E]` may be removed.

When a data-carrying type class has multiple potential instances coming from different instance parameters, then these potential instances are incompatible. This is an example of an "instance diamond", which leads to unexpected unification failures.

Delete or combine some of your instance parameters to avoid this.

Note: This linter can be disabled with `set_option linter.overlappingInstances false`
warning: DoCarmoLib/Riemannian/Geodesic/CovariantDerivative.lean:391:4: Overlapping instance parameters in `chartMetricInner`:

⚠️ `[NormedSpace ℝ E]` and `[InnerProductSpace ℝ E]` can be used to infer conflicting versions of `[SMul ℝ E]`.
💡️ Of these, `[NormedSpace ℝ E]` may be removed.

When a data-carrying type class has multiple potential instances coming from different instance parameters, then these potential instances are incompatible. This is an example of an "instance diamond", which leads to unexpected unification failures.

Delete or combine some of your instance parameters to avoid this.

Note: This linter can be disabled with `set_option linter.overlappingInstances false`
warning: DoCarmoLib/Riemannian/Geodesic/CovariantDerivative.lean:768:6: `ContinuousLinearMap.zero_apply` has been deprecated: Use `zero_apply` instead

Note: The updated constant is in a different namespace. Dot notation may need to be changed (e.g., from `x.zero_apply` to `zero_apply x`).
warning: DoCarmoLib/Riemannian/Geodesic/CovariantDerivative.lean:823:4: Overlapping instance parameters in `IsMetricCompatibleCoord`:

⚠️ `[NormedSpace ℝ E]` and `[InnerProductSpace ℝ E]` can be used to infer conflicting versions of `[SMul ℝ E]`.
💡️ Of these, `[NormedSpace ℝ E]` may be removed.

When a data-carrying type class has multiple potential instances coming from different instance parameters, then these potential instances are incompatible. This is an example of an "instance diamond", which leads to unexpected unification failures.

Delete or combine some of your instance parameters to avoid this.

Note: This linter can be disabled with `set_option linter.overlappingInstances false`
warning: DoCarmoLib/Riemannian/Geodesic/CovariantDerivative.lean:843:4: Overlapping instance parameters in `covDerivGen`:

⚠️ `[NormedSpace ℝ E]` and `[InnerProductSpace ℝ E]` can be used to infer conflicting versions of `[SMul ℝ E]`.
💡️ Of these, `[NormedSpace ℝ E]` may be removed.

When a data-carrying type class has multiple potential instances coming from different instance parameters, then these potential instances are incompatible. This is an example of an "instance diamond", which leads to unexpected unification failures.

Delete or combine some of your instance parameters to avoid this.

Note: This linter can be disabled with `set_option linter.overlappingInstances false`
warning: DoCarmoLib/Riemannian/Geodesic/CovariantDerivative.lean:847:4: Overlapping instance parameters in `IsParallelGen`:

⚠️ `[NormedSpace ℝ E]` and `[InnerProductSpace ℝ E]` can be used to infer conflicting versions of `[SMul ℝ E]`.
💡️ Of these, `[NormedSpace ℝ E]` may be removed.

When a data-carrying type class has multiple potential instances coming from different instance parameters, then these potential instances are incompatible. This is an example of an "instance diamond", which leads to unexpected unification failures.

Delete or combine some of your instance parameters to avoid this.

Note: This linter can be disabled with `set_option linter.overlappingInstances false`
warning: DoCarmoLib/Riemannian/Geodesic/CovariantDerivative.lean:852:4: Overlapping instance parameters in `CompatibleGen`:

⚠️ `[NormedSpace ℝ E]` and `[InnerProductSpace ℝ E]` can be used to infer conflicting versions of `[SMul ℝ E]`.
💡️ Of these, `[NormedSpace ℝ E]` may be removed.

When a data-carrying type class has multiple potential instances coming from different instance parameters, then these potential instances are incompatible. This is an example of an "instance diamond", which leads to unexpected unification failures.

Delete or combine some of your instance parameters to avoid this.

Note: This linter can be disabled with `set_option linter.overlappingInstances false`
warning: DoCarmoLib/Riemannian/Geodesic/CovariantDerivative.lean:859:4: Overlapping instance parameters in `ProductRuleGen`:

⚠️ `[NormedSpace ℝ E]` and `[InnerProductSpace ℝ E]` can be used to infer conflicting versions of `[SMul ℝ E]`.
💡️ Of these, `[NormedSpace ℝ E]` may be removed.

When a data-carrying type class has multiple potential instances coming from different instance parameters, then these potential instances are incompatible. This is an example of an "instance diamond", which leads to unexpected unification failures.

Delete or combine some of your instance parameters to avoid this.

Note: This linter can be disabled with `set_option linter.overlappingInstances false`
warning: DoCarmoLib/Riemannian/Geodesic/CovariantDerivative.lean:875:14: `ContinuousLinearMap.add_apply` has been deprecated: Use `add_apply` instead

Note: The updated constant is in a different namespace. Dot notation may need to be changed (e.g., from `x.add_apply` to `add_apply x`).
warning: DoCarmoLib/Riemannian/Geodesic/CovariantDerivative.lean:880:4: Overlapping instance parameters in `PointwiseCompatGen`:

⚠️ `[NormedSpace ℝ E]` and `[InnerProductSpace ℝ E]` can be used to infer conflicting versions of `[SMul ℝ E]`.
💡️ Of these, `[NormedSpace ℝ E]` may be removed.

When a data-carrying type class has multiple potential instances coming from different instance parameters, then these potential instances are incompatible. This is an example of an "instance diamond", which leads to unexpected unification failures.

Delete or combine some of your instance parameters to avoid this.

Note: This linter can be disabled with `set_option linter.overlappingInstances false`
warning: DoCarmoLib/Riemannian/Geodesic/CovariantDerivative.lean:905:36: `ContinuousLinearMap.zero_apply` has been deprecated: Use `zero_apply` instead

Note: The updated constant is in a different namespace. Dot notation may need to be changed (e.g., from `x.zero_apply` to `zero_apply x`).
warning: DoCarmoLib/Riemannian/Geodesic/CovariantDerivative.lean:911:37: `ContinuousLinearMap.add_apply` has been deprecated: Use `add_apply` instead

Note: The updated constant is in a different namespace. Dot notation may need to be changed (e.g., from `x.add_apply` to `add_apply x`).
warning: DoCarmoLib/Riemannian/Geodesic/CovariantDerivative.lean:940:24: `ContinuousLinearMap.neg_apply` has been deprecated: Use `neg_apply` instead

Note: The updated constant is in a different namespace. Dot notation may need to be changed (e.g., from `x.neg_apply` to `neg_apply x`).
warning: DoCarmoLib/Riemannian/Geodesic/CovariantDerivative.lean:953:26: `ContinuousLinearMap.neg_apply` has been deprecated: Use `neg_apply` instead

Note: The updated constant is in a different namespace. Dot notation may need to be changed (e.g., from `x.neg_apply` to `neg_apply x`).
⚠ [3017/3195] Replayed DoCarmoLib.Riemannian.Geodesic.FiberScaling
warning: DoCarmoLib/Riemannian/Geodesic/FiberScaling.lean:63:4: Overlapping instance parameters in `fiberScaling`:

⚠️ `[NormedSpace ℝ E]` and `[InnerProductSpace ℝ E]` can be used to infer conflicting versions of `[SMul ℝ E]`.
💡️ Of these, `[NormedSpace ℝ E]` may be removed.

When a data-carrying type class has multiple potential instances coming from different instance parameters, then these potential instances are incompatible. This is an example of an "instance diamond", which leads to unexpected unification failures.

Delete or combine some of your instance parameters to avoid this.

Note: This linter can be disabled with `set_option linter.overlappingInstances false`
warning: DoCarmoLib/Riemannian/Geodesic/FiberScaling.lean:239:4: Overlapping instance parameters in `fiberScalingLinearMap`:

⚠️ `[NormedSpace ℝ E]` and `[InnerProductSpace ℝ E]` can be used to infer conflicting versions of `[SMul ℝ E]`.
💡️ Of these, `[NormedSpace ℝ E]` may be removed.

When a data-carrying type class has multiple potential instances coming from different instance parameters, then these potential instances are incompatible. This is an example of an "instance diamond", which leads to unexpected unification failures.

Delete or combine some of your instance parameters to avoid this.

Note: This linter can be disabled with `set_option linter.overlappingInstances false`
⚠ [3019/3195] Replayed DoCarmoLib.Riemannian.Geodesic.Existence
warning: DoCarmoLib/Riemannian/Geodesic/Existence.lean:86:4: Overlapping instance parameters in `projectCurve`:

⚠️ `[NormedSpace ℝ E]` and `[InnerProductSpace ℝ E]` can be used to infer conflicting versions of `[SMul ℝ E]`.
💡️ Of these, `[NormedSpace ℝ E]` may be removed.

When a data-carrying type class has multiple potential instances coming from different instance parameters, then these potential instances are incompatible. This is an example of an "instance diamond", which leads to unexpected unification failures.

Delete or combine some of your instance parameters to avoid this.

Note: This linter can be disabled with `set_option linter.overlappingInstances false`
⚠ [3023/3195] Replayed DoCarmoLib.Riemannian.Geodesic.MaximalInterval
warning: DoCarmoLib/Riemannian/Geodesic/MaximalInterval.lean:82:4: Overlapping instance parameters in `IsGeodesicOnWithInitial`:

⚠️ `[NormedSpace ℝ E]` and `[InnerProductSpace ℝ E]` can be used to infer conflicting versions of `[SMul ℝ E]`.
💡️ Of these, `[NormedSpace ℝ E]` may be removed.

When a data-carrying type class has multiple potential instances coming from different instance parameters, then these potential instances are incompatible. This is an example of an "instance diamond", which leads to unexpected unification failures.

Delete or combine some of your instance parameters to avoid this.

Note: This linter can be disabled with `set_option linter.overlappingInstances false`
warning: DoCarmoLib/Riemannian/Geodesic/MaximalInterval.lean:143:4: Overlapping instance parameters in `MaximalGeodesicWitness`:

⚠️ `[NormedSpace ℝ E]` and `[InnerProductSpace ℝ E]` can be used to infer conflicting versions of `[SMul ℝ E]`.
💡️ Of these, `[NormedSpace ℝ E]` may be removed.

When a data-carrying type class has multiple potential instances coming from different instance parameters, then these potential instances are incompatible. This is an example of an "instance diamond", which leads to unexpected unification failures.

Delete or combine some of your instance parameters to avoid this.

Note: This linter can be disabled with `set_option linter.overlappingInstances false`
warning: DoCarmoLib/Riemannian/Geodesic/MaximalInterval.lean:153:4: Overlapping instance parameters in `maximalGeodesicInterval`:

⚠️ `[NormedSpace ℝ E]` and `[InnerProductSpace ℝ E]` can be used to infer conflicting versions of `[SMul ℝ E]`.
💡️ Of these, `[NormedSpace ℝ E]` may be removed.

When a data-carrying type class has multiple potential instances coming from different instance parameters, then these potential instances are incompatible. This is an example of an "instance diamond", which leads to unexpected unification failures.

Delete or combine some of your instance parameters to avoid this.

Note: This linter can be disabled with `set_option linter.overlappingInstances false`
warning: DoCarmoLib/Riemannian/Geodesic/MaximalInterval.lean:223:4: Overlapping instance parameters in `maximalGeodesicChosenCurve`:

⚠️ `[NormedSpace ℝ E]` and `[InnerProductSpace ℝ E]` can be used to infer conflicting versions of `[SMul ℝ E]`.
💡️ Of these, `[NormedSpace ℝ E]` may be removed.

When a data-carrying type class has multiple potential instances coming from different instance parameters, then these potential instances are incompatible. This is an example of an "instance diamond", which leads to unexpected unification failures.

Delete or combine some of your instance parameters to avoid this.

Note: This linter can be disabled with `set_option linter.overlappingInstances false`
warning: DoCarmoLib/Riemannian/Geodesic/MaximalInterval.lean:242:4: Overlapping instance parameters in `maximalGeodesic`:

⚠️ `[NormedSpace ℝ E]` and `[InnerProductSpace ℝ E]` can be used to infer conflicting versions of `[SMul ℝ E]`.
💡️ Of these, `[NormedSpace ℝ E]` may be removed.

When a data-carrying type class has multiple potential instances coming from different instance parameters, then these potential instances are incompatible. This is an example of an "instance diamond", which leads to unexpected unification failures.

Delete or combine some of your instance parameters to avoid this.

Note: This linter can be disabled with `set_option linter.overlappingInstances false`
⚠ [3051/3195] Replayed DoCarmoLib.Riemannian.Manifold.DoCarmoCh2
warning: DoCarmoLib/Riemannian/Manifold/DoCarmoCh2.lean:792:4: `ContinuousLinearMap.smul_apply` has been deprecated: Use `smul_apply` instead

Note: The updated constant is in a different namespace. Dot notation may need to be changed (e.g., from `x.smul_apply` to `smul_apply x`).
warning: DoCarmoLib/Riemannian/Manifold/DoCarmoCh2.lean:1163:13: `ContinuousLinearMap.smul_apply` has been deprecated: Use `smul_apply` instead

Note: The updated constant is in a different namespace. Dot notation may need to be changed (e.g., from `x.smul_apply` to `smul_apply x`).
warning: DoCarmoLib/Riemannian/Manifold/DoCarmoCh2.lean:1135:8: Overlapping instance parameters in `RiemannianMetric.koszulDualSection_contMDiffAt`:

⚠️ `[NormedSpace ℝ E]` and `[InnerProductSpace ℝ E]` can be used to infer conflicting versions of `[SMul ℝ E]`.
💡️ Of these, `[NormedSpace ℝ E]` may be removed.

When a data-carrying type class has multiple potential instances coming from different instance parameters, then these potential instances are incompatible. This is an example of an "instance diamond", which leads to unexpected unification failures.

Delete or combine some of your instance parameters to avoid this.

Note: This linter can be disabled with `set_option linter.overlappingInstances false`
warning: DoCarmoLib/Riemannian/Manifold/DoCarmoCh2.lean:1170:18: Overlapping instance parameters in `RiemannianMetric.leviCivitaCovField`:

⚠️ `[NormedSpace ℝ E]` and `[InnerProductSpace ℝ E]` can be used to infer conflicting versions of `[SMul ℝ E]`.
💡️ Of these, `[NormedSpace ℝ E]` may be removed.

When a data-carrying type class has multiple potential instances coming from different instance parameters, then these potential instances are incompatible. This is an example of an "instance diamond", which leads to unexpected unification failures.

Delete or combine some of your instance parameters to avoid this.

Note: This linter can be disabled with `set_option linter.overlappingInstances false`
warning: DoCarmoLib/Riemannian/Manifold/DoCarmoCh2.lean:1177:16: Overlapping instance parameters in `RiemannianMetric.leviCivitaCovField_apply`:

⚠️ `[NormedSpace ℝ E]` and `[InnerProductSpace ℝ E]` can be used to infer conflicting versions of `[SMul ℝ E]`.
💡️ Of these, `[NormedSpace ℝ E]` may be removed.

When a data-carrying type class has multiple potential instances coming from different instance parameters, then these potential instances are incompatible. This is an example of an "instance diamond", which leads to unexpected unification failures.

Delete or combine some of your instance parameters to avoid this.

Note: This linter can be disabled with `set_option linter.overlappingInstances false`
warning: DoCarmoLib/Riemannian/Manifold/DoCarmoCh2.lean:1191:18: Overlapping instance parameters in `RiemannianMetric.leviCivitaConnection`:

⚠️ `[NormedSpace ℝ E]` and `[InnerProductSpace ℝ E]` can be used to infer conflicting versions of `[SMul ℝ E]`.
💡️ Of these, `[NormedSpace ℝ E]` may be removed.

When a data-carrying type class has multiple potential instances coming from different instance parameters, then these potential instances are incompatible. This is an example of an "instance diamond", which leads to unexpected unification failures.

Delete or combine some of your instance parameters to avoid this.

Note: This linter can be disabled with `set_option linter.overlappingInstances false`
warning: DoCarmoLib/Riemannian/Manifold/DoCarmoCh2.lean:1269:8: Overlapping instance parameters in `RiemannianMetric.exists_unique_isLeviCivita`:

⚠️ `[NormedSpace ℝ E]` and `[InnerProductSpace ℝ E]` can be used to infer conflicting versions of `[SMul ℝ E]`.
💡️ Of these, `[NormedSpace ℝ E]` may be removed.

When a data-carrying type class has multiple potential instances coming from different instance parameters, then these potential instances are incompatible. This is an example of an "instance diamond", which leads to unexpected unification failures.

Delete or combine some of your instance parameters to avoid this.

Note: This linter can be disabled with `set_option linter.overlappingInstances false`
⚠ [3056/3195] Replayed MorganTianLib.Ch01.CurvatureCommutation
warning: MorganTianLib/Ch01/CurvatureCommutation.lean:142:13: `ContinuousLinearMap.add_apply` has been deprecated: Use `add_apply` instead

Note: The updated constant is in a different namespace. Dot notation may need to be changed (e.g., from `x.add_apply` to `add_apply x`).
warning: MorganTianLib/Ch01/CurvatureCommutation.lean:142:44: `ContinuousLinearMap.coe_comp'` has been deprecated: Use `ContinuousLinearMap.coe_comp` instead
⚠ [3057/3195] Replayed MorganTianLib.Ch01.ChartCurvature
warning: MorganTianLib/Ch01/ChartCurvature.lean:62:4: Overlapping instance parameters in `chartChristoffelBilin`:

⚠️ `[NormedSpace ℝ E]` and `[InnerProductSpace ℝ E]` can be used to infer conflicting versions of `[SMul ℝ E]`.
💡️ Of these, `[NormedSpace ℝ E]` may be removed.
⚠️ `[Module.Finite ℝ E]` and `[FiniteDimensional ℝ E]` each imply `[Module.Finite ℝ E]`.
💡️ Of these, `[Module.Finite ℝ E]` and `[FiniteDimensional ℝ E]` may be removed.

When a data-carrying type class has multiple potential instances coming from different instance parameters, then these potential instances are incompatible. This is an example of an "instance diamond", which leads to unexpected unification failures.

Delete or combine some of your instance parameters to avoid this.

Note: This linter can be disabled with `set_option linter.overlappingInstances false`
warning: MorganTianLib/Ch01/ChartCurvature.lean:76:4: `ContinuousLinearMap.sum_apply` has been deprecated: Use `sum_apply` instead

Note: The updated constant is in a different namespace. Dot notation may need to be changed (e.g., from `x.sum_apply` to `sum_apply x`).
warning: MorganTianLib/Ch01/ChartCurvature.lean:77:4: `ContinuousLinearMap.smul_apply` has been deprecated: Use `smul_apply` instead

Note: The updated constant is in a different namespace. Dot notation may need to be changed (e.g., from `x.smul_apply` to `smul_apply x`).
warning: MorganTianLib/Ch01/ChartCurvature.lean:71:8: Overlapping instance parameters in `chartChristoffelBilin_apply`:

⚠️ `[NormedSpace ℝ E]` and `[InnerProductSpace ℝ E]` can be used to infer conflicting versions of `[SMul ℝ E]`.
💡️ Of these, `[NormedSpace ℝ E]` may be removed.
⚠️ `[Module.Finite ℝ E]` and `[FiniteDimensional ℝ E]` each imply `[Module.Finite ℝ E]`.
💡️ Of these, `[Module.Finite ℝ E]` and `[FiniteDimensional ℝ E]` may be removed.

When a data-carrying type class has multiple potential instances coming from different instance parameters, then these potential instances are incompatible. This is an example of an "instance diamond", which leads to unexpected unification failures.

Delete or combine some of your instance parameters to avoid this.

Note: This linter can be disabled with `set_option linter.overlappingInstances false`
warning: MorganTianLib/Ch01/ChartCurvature.lean:89:8: Overlapping instance parameters in `chartChristoffelBilin_symm`:

⚠️ `[NormedSpace ℝ E]` and `[InnerProductSpace ℝ E]` can be used to infer conflicting versions of `[SMul ℝ E]`.
💡️ Of these, `[NormedSpace ℝ E]` may be removed.
⚠️ `[Module.Finite ℝ E]` and `[FiniteDimensional ℝ E]` each imply `[Module.Finite ℝ E]`.
💡️ Of these, `[Module.Finite ℝ E]` and `[FiniteDimensional ℝ E]` may be removed.

When a data-carrying type class has multiple potential instances coming from different instance parameters, then these potential instances are incompatible. This is an example of an "instance diamond", which leads to unexpected unification failures.

Delete or combine some of your instance parameters to avoid this.

Note: This linter can be disabled with `set_option linter.overlappingInstances false`
warning: MorganTianLib/Ch01/ChartCurvature.lean:100:8: Overlapping instance parameters in `contDiffOn_chartChristoffelBilin`:

⚠️ `[NormedSpace ℝ E]` and `[InnerProductSpace ℝ E]` can be used to infer conflicting versions of `[SMul ℝ E]`.
💡️ Of these, `[NormedSpace ℝ E]` may be removed.
⚠️ `[Module.Finite ℝ E]` and `[FiniteDimensional ℝ E]` each imply `[Module.Finite ℝ E]`.
💡️ Of these, `[Module.Finite ℝ E]` and `[FiniteDimensional ℝ E]` may be removed.

When a data-carrying type class has multiple potential instances coming from different instance parameters, then these potential instances are incompatible. This is an example of an "instance diamond", which leads to unexpected unification failures.

Delete or combine some of your instance parameters to avoid this.

Note: This linter can be disabled with `set_option linter.overlappingInstances false`
warning: MorganTianLib/Ch01/ChartCurvature.lean:115:8: Overlapping instance parameters in `differentiableAt_chartChristoffelBilin`:

⚠️ `[NormedSpace ℝ E]` and `[InnerProductSpace ℝ E]` can be used to infer conflicting versions of `[SMul ℝ E]`.
💡️ Of these, `[NormedSpace ℝ E]` may be removed.
⚠️ `[Module.Finite ℝ E]` and `[FiniteDimensional ℝ E]` each imply `[Module.Finite ℝ E]`.
💡️ Of these, `[Module.Finite ℝ E]` and `[FiniteDimensional ℝ E]` may be removed.

When a data-carrying type class has multiple potential instances coming from different instance parameters, then these potential instances are incompatible. This is an example of an "instance diamond", which leads to unexpected unification failures.

Delete or combine some of your instance parameters to avoid this.

Note: This linter can be disabled with `set_option linter.overlappingInstances false`
warning: MorganTianLib/Ch01/ChartCurvature.lean:131:4: Overlapping instance parameters in `chartCurvature`:

⚠️ `[NormedSpace ℝ E]` and `[InnerProductSpace ℝ E]` can be used to infer conflicting versions of `[SMul ℝ E]`.
💡️ Of these, `[NormedSpace ℝ E]` may be removed.
⚠️ `[Module.Finite ℝ E]` and `[FiniteDimensional ℝ E]` each imply `[Module.Finite ℝ E]`.
💡️ Of these, `[Module.Finite ℝ E]` and `[FiniteDimensional ℝ E]` may be removed.

When a data-carrying type class has multiple potential instances coming from different instance parameters, then these potential instances are incompatible. This is an example of an "instance diamond", which leads to unexpected unification failures.

Delete or combine some of your instance parameters to avoid this.

Note: This linter can be disabled with `set_option linter.overlappingInstances false`
warning: MorganTianLib/Ch01/ChartCurvature.lean:134:8: Overlapping instance parameters in `chartCurvature_def`:

⚠️ `[NormedSpace ℝ E]` and `[InnerProductSpace ℝ E]` can be used to infer conflicting versions of `[SMul ℝ E]`.
💡️ Of these, `[NormedSpace ℝ E]` may be removed.
⚠️ `[Module.Finite ℝ E]` and `[FiniteDimensional ℝ E]` each imply `[Module.Finite ℝ E]`.
💡️ Of these, `[Module.Finite ℝ E]` and `[FiniteDimensional ℝ E]` may be removed.

When a data-carrying type class has multiple potential instances coming from different instance parameters, then these potential instances are incompatible. This is an example of an "instance diamond", which leads to unexpected unification failures.

Delete or combine some of your instance parameters to avoid this.

Note: This linter can be disabled with `set_option linter.overlappingInstances false`
warning: MorganTianLib/Ch01/ChartCurvature.lean:143:8: Overlapping instance parameters in `covDerivAlong_chartChristoffelBilin_eq`:

⚠️ `[NormedSpace ℝ E]` and `[InnerProductSpace ℝ E]` can be used to infer conflicting versions of `[SMul ℝ E]`.
💡️ Of these, `[NormedSpace ℝ E]` may be removed.
⚠️ `[Module.Finite ℝ E]` and `[FiniteDimensional ℝ E]` each imply `[Module.Finite ℝ E]`.
💡️ Of these, `[Module.Finite ℝ E]` and `[FiniteDimensional ℝ E]` may be removed.

When a data-carrying type class has multiple potential instances coming from different instance parameters, then these potential instances are incompatible. This is an example of an "instance diamond", which leads to unexpected unification failures.

Delete or combine some of your instance parameters to avoid this.

Note: This linter can be disabled with `set_option linter.overlappingInstances false`
warning: MorganTianLib/Ch01/ChartCurvature.lean:159:8: Overlapping instance parameters in `chart_geodesic_family_jacobi`:

⚠️ `[NormedSpace ℝ E]` and `[InnerProductSpace ℝ E]` can be used to infer conflicting versions of `[SMul ℝ E]`.
💡️ Of these, `[NormedSpace ℝ E]` may be removed.
⚠️ `[Module.Finite ℝ E]` and `[FiniteDimensional ℝ E]` each imply `[Module.Finite ℝ E]`.
💡️ Of these, `[Module.Finite ℝ E]` and `[FiniteDimensional ℝ E]` may be removed.

When a data-carrying type class has multiple potential instances coming from different instance parameters, then these potential instances are incompatible. This is an example of an "instance diamond", which leads to unexpected unification failures.

Delete or combine some of your instance parameters to avoid this.

Note: This linter can be disabled with `set_option linter.overlappingInstances false`
⚠ [3058/3195] Replayed MorganTianLib.Ch01.JacobiField
warning: MorganTianLib/Ch01/JacobiField.lean:69:4: `ContinuousLinearMap.add_apply` has been deprecated: Use `add_apply` instead

Note: The updated constant is in a different namespace. Dot notation may need to be changed (e.g., from `x.add_apply` to `add_apply x`).
warning: MorganTianLib/Ch01/JacobiField.lean:63:8: Overlapping instance parameters in `chartCurvature_add_left`:

⚠️ `[NormedSpace ℝ E]` and `[InnerProductSpace ℝ E]` can be used to infer conflicting versions of `[SMul ℝ E]`.
💡️ Of these, `[NormedSpace ℝ E]` may be removed.
⚠️ `[Module.Finite ℝ E]` and `[FiniteDimensional ℝ E]` each imply `[Module.Finite ℝ E]`.
💡️ Of these, `[Module.Finite ℝ E]` and `[FiniteDimensional ℝ E]` may be removed.

When a data-carrying type class has multiple potential instances coming from different instance parameters, then these potential instances are incompatible. This is an example of an "instance diamond", which leads to unexpected unification failures.

Delete or combine some of your instance parameters to avoid this.

Note: This linter can be disabled with `set_option linter.overlappingInstances false`
warning: MorganTianLib/Ch01/JacobiField.lean:78:4: `ContinuousLinearMap.smul_apply` has been deprecated: Use `smul_apply` instead

Note: The updated constant is in a different namespace. Dot notation may need to be changed (e.g., from `x.smul_apply` to `smul_apply x`).
warning: MorganTianLib/Ch01/JacobiField.lean:73:8: Overlapping instance parameters in `chartCurvature_smul_left`:

⚠️ `[NormedSpace ℝ E]` and `[InnerProductSpace ℝ E]` can be used to infer conflicting versions of `[SMul ℝ E]`.
💡️ Of these, `[NormedSpace ℝ E]` may be removed.
⚠️ `[Module.Finite ℝ E]` and `[FiniteDimensional ℝ E]` each imply `[Module.Finite ℝ E]`.
💡️ Of these, `[Module.Finite ℝ E]` and `[FiniteDimensional ℝ E]` may be removed.

When a data-carrying type class has multiple potential instances coming from different instance parameters, then these potential instances are incompatible. This is an example of an "instance diamond", which leads to unexpected unification failures.

Delete or combine some of your instance parameters to avoid this.

Note: This linter can be disabled with `set_option linter.overlappingInstances false`
warning: MorganTianLib/Ch01/JacobiField.lean:84:4: Overlapping instance parameters in `chartCurvatureEndo`:

⚠️ `[NormedSpace ℝ E]` and `[InnerProductSpace ℝ E]` can be used to infer conflicting versions of `[SMul ℝ E]`.
💡️ Of these, `[NormedSpace ℝ E]` may be removed.
⚠️ `[Module.Finite ℝ E]` and `[FiniteDimensional ℝ E]` each imply `[Module.Finite ℝ E]`.
💡️ Of these, `[Module.Finite ℝ E]` and `[FiniteDimensional ℝ E]` may be removed.

When a data-carrying type class has multiple potential instances coming from different instance parameters, then these potential instances are incompatible. This is an example of an "instance diamond", which leads to unexpected unification failures.

Delete or combine some of your instance parameters to avoid this.

Note: This linter can be disabled with `set_option linter.overlappingInstances false`
warning: MorganTianLib/Ch01/JacobiField.lean:91:16: Overlapping instance parameters in `chartCurvatureEndo_apply`:

⚠️ `[NormedSpace ℝ E]` and `[InnerProductSpace ℝ E]` can be used to infer conflicting versions of `[SMul ℝ E]`.
💡️ Of these, `[NormedSpace ℝ E]` may be removed.
⚠️ `[Module.Finite ℝ E]` and `[FiniteDimensional ℝ E]` each imply `[Module.Finite ℝ E]`.
💡️ Of these, `[Module.Finite ℝ E]` and `[FiniteDimensional ℝ E]` may be removed.

When a data-carrying type class has multiple potential instances coming from different instance parameters, then these potential instances are incompatible. This is an example of an "instance diamond", which leads to unexpected unification failures.

Delete or combine some of your instance parameters to avoid this.

Note: This linter can be disabled with `set_option linter.overlappingInstances false`
warning: MorganTianLib/Ch01/JacobiField.lean:119:7: Overlapping instance parameters in `JacobiFieldOn`:

⚠️ `[NormedSpace ℝ E]` and `[InnerProductSpace ℝ E]` can be used to infer conflicting versions of `[SMul ℝ E]`.
💡️ Of these, `[NormedSpace ℝ E]` may be removed.
⚠️ `[Module.Finite ℝ E]` and `[FiniteDimensional ℝ E]` each imply `[Module.Finite ℝ E]`.
💡️ Of these, `[Module.Finite ℝ E]` and `[FiniteDimensional ℝ E]` may be removed.

When a data-carrying type class has multiple potential instances coming from different instance parameters, then these potential instances are incompatible. This is an example of an "instance diamond", which leads to unexpected unification failures.

Delete or combine some of your instance parameters to avoid this.

Note: This linter can be disabled with `set_option linter.overlappingInstances false`
warning: MorganTianLib/Ch01/JacobiField.lean:127:8: Overlapping instance parameters in `continuousOn_fst`:

⚠️ `[NormedSpace ℝ E]` and `[InnerProductSpace ℝ E]` can be used to infer conflicting versions of `[SMul ℝ E]`.
💡️ Of these, `[NormedSpace ℝ E]` may be removed.
⚠️ `[Module.Finite ℝ E]` and `[FiniteDimensional ℝ E]` each imply `[Module.Finite ℝ E]`.
💡️ Of these, `[Module.Finite ℝ E]` and `[FiniteDimensional ℝ E]` may be removed.

When a data-carrying type class has multiple potential instances coming from different instance parameters, then these potential instances are incompatible. This is an example of an "instance diamond", which leads to unexpected unification failures.

Delete or combine some of your instance parameters to avoid this.

Note: This linter can be disabled with `set_option linter.overlappingInstances false`
warning: MorganTianLib/Ch01/JacobiField.lean:131:8: Overlapping instance parameters in `continuousOn_snd`:

⚠️ `[NormedSpace ℝ E]` and `[InnerProductSpace ℝ E]` can be used to infer conflicting versions of `[SMul ℝ E]`.
💡️ Of these, `[NormedSpace ℝ E]` may be removed.
⚠️ `[Module.Finite ℝ E]` and `[FiniteDimensional ℝ E]` each imply `[Module.Finite ℝ E]`.
💡️ Of these, `[Module.Finite ℝ E]` and `[FiniteDimensional ℝ E]` may be removed.

When a data-carrying type class has multiple potential instances coming from different instance parameters, then these potential instances are incompatible. This is an example of an "instance diamond", which leads to unexpected unification failures.

Delete or combine some of your instance parameters to avoid this.

Note: This linter can be disabled with `set_option linter.overlappingInstances false`
warning: MorganTianLib/Ch01/JacobiField.lean:137:8: Overlapping instance parameters in `covariantDerivCoord_fst`:

⚠️ `[NormedSpace ℝ E]` and `[InnerProductSpace ℝ E]` can be used to infer conflicting versions of `[SMul ℝ E]`.
💡️ Of these, `[NormedSpace ℝ E]` may be removed.
⚠️ `[Module.Finite ℝ E]` and `[FiniteDimensional ℝ E]` each imply `[Module.Finite ℝ E]`.
💡️ Of these, `[Module.Finite ℝ E]` and `[FiniteDimensional ℝ E]` may be removed.

When a data-carrying type class has multiple potential instances coming from different instance parameters, then these potential instances are incompatible. This is an example of an "instance diamond", which leads to unexpected unification failures.

Delete or combine some of your instance parameters to avoid this.

Note: This linter can be disabled with `set_option linter.overlappingInstances false`
warning: MorganTianLib/Ch01/JacobiField.lean:148:8: Overlapping instance parameters in `covariantDerivCoord_snd`:

⚠️ `[NormedSpace ℝ E]` and `[InnerProductSpace ℝ E]` can be used to infer conflicting versions of `[SMul ℝ E]`.
💡️ Of these, `[NormedSpace ℝ E]` may be removed.
⚠️ `[Module.Finite ℝ E]` and `[FiniteDimensional ℝ E]` each imply `[Module.Finite ℝ E]`.
💡️ Of these, `[Module.Finite ℝ E]` and `[FiniteDimensional ℝ E]` may be removed.

When a data-carrying type class has multiple potential instances coming from different instance parameters, then these potential instances are incompatible. This is an example of an "instance diamond", which leads to unexpected unification failures.

Delete or combine some of your instance parameters to avoid this.

Note: This linter can be disabled with `set_option linter.overlappingInstances false`
warning: MorganTianLib/Ch01/JacobiField.lean:164:4: Overlapping instance parameters in `jacobiPairCoeffCoord`:

⚠️ `[NormedSpace ℝ E]` and `[InnerProductSpace ℝ E]` can be used to infer conflicting versions of `[SMul ℝ E]`.
💡️ Of these, `[NormedSpace ℝ E]` may be removed.
⚠️ `[Module.Finite ℝ E]` and `[FiniteDimensional ℝ E]` each imply `[Module.Finite ℝ E]`.
💡️ Of these, `[Module.Finite ℝ E]` and `[FiniteDimensional ℝ E]` may be removed.

When a data-carrying type class has multiple potential instances coming from different instance parameters, then these potential instances are incompatible. This is an example of an "instance diamond", which leads to unexpected unification failures.

Delete or combine some of your instance parameters to avoid this.

Note: This linter can be disabled with `set_option linter.overlappingInstances false`
warning: MorganTianLib/Ch01/JacobiField.lean:174:16: Overlapping instance parameters in `jacobiPairCoeffCoord_apply`:

⚠️ `[NormedSpace ℝ E]` and `[InnerProductSpace ℝ E]` can be used to infer conflicting versions of `[SMul ℝ E]`.
💡️ Of these, `[NormedSpace ℝ E]` may be removed.
⚠️ `[Module.Finite ℝ E]` and `[FiniteDimensional ℝ E]` each imply `[Module.Finite ℝ E]`.
💡️ Of these, `[Module.Finite ℝ E]` and `[FiniteDimensional ℝ E]` may be removed.

When a data-carrying type class has multiple potential instances coming from different instance parameters, then these potential instances are incompatible. This is an example of an "instance diamond", which leads to unexpected unification failures.

Delete or combine some of your instance parameters to avoid this.

Note: This linter can be disabled with `set_option linter.overlappingInstances false`
warning: MorganTianLib/Ch01/JacobiField.lean:185:8: Overlapping instance parameters in `IsJacobiFieldOn.isSolOn_pair`:

⚠️ `[NormedSpace ℝ E]` and `[InnerProductSpace ℝ E]` can be used to infer conflicting versions of `[SMul ℝ E]`.
💡️ Of these, `[NormedSpace ℝ E]` may be removed.
⚠️ `[Module.Finite ℝ E]` and `[FiniteDimensional ℝ E]` each imply `[Module.Finite ℝ E]`.
💡️ Of these, `[Module.Finite ℝ E]` and `[FiniteDimensional ℝ E]` may be removed.

When a data-carrying type class has multiple potential instances coming from different instance parameters, then these potential instances are incompatible. This is an example of an "instance diamond", which leads to unexpected unification failures.

Delete or combine some of your instance parameters to avoid this.

Note: This linter can be disabled with `set_option linter.overlappingInstances false`
warning: MorganTianLib/Ch01/JacobiField.lean:196:8: Overlapping instance parameters in `isJacobiFieldOn_of_isSolOn`:

⚠️ `[NormedSpace ℝ E]` and `[InnerProductSpace ℝ E]` can be used to infer conflicting versions of `[SMul ℝ E]`.
💡️ Of these, `[NormedSpace ℝ E]` may be removed.
⚠️ `[Module.Finite ℝ E]` and `[FiniteDimensional ℝ E]` each imply `[Module.Finite ℝ E]`.
💡️ Of these, `[Module.Finite ℝ E]` and `[FiniteDimensional ℝ E]` may be removed.

When a data-carrying type class has multiple potential instances coming from different instance parameters, then these potential instances are incompatible. This is an example of an "instance diamond", which leads to unexpected unification failures.

Delete or combine some of your instance parameters to avoid this.

Note: This linter can be disabled with `set_option linter.overlappingInstances false`
warning: MorganTianLib/Ch01/JacobiField.lean:228:8: Overlapping instance parameters in `exists_isJacobiFieldOn_Icc`:

⚠️ `[NormedSpace ℝ E]` and `[InnerProductSpace ℝ E]` can be used to infer conflicting versions of `[SMul ℝ E]`.
💡️ Of these, `[NormedSpace ℝ E]` may be removed.
⚠️ `[Module.Finite ℝ E]` and `[FiniteDimensional ℝ E]` each imply `[Module.Finite ℝ E]`.
💡️ Of these, `[Module.Finite ℝ E]` and `[FiniteDimensional ℝ E]` may be removed.

When a data-carrying type class has multiple potential instances coming from different instance parameters, then these potential instances are incompatible. This is an example of an "instance diamond", which leads to unexpected unification failures.

Delete or combine some of your instance parameters to avoid this.

Note: This linter can be disabled with `set_option linter.overlappingInstances false`
warning: MorganTianLib/Ch01/JacobiField.lean:251:8: Overlapping instance parameters in `eqOn_of_left`:

⚠️ `[NormedSpace ℝ E]` and `[InnerProductSpace ℝ E]` can be used to infer conflicting versions of `[SMul ℝ E]`.
💡️ Of these, `[NormedSpace ℝ E]` may be removed.
⚠️ `[Module.Finite ℝ E]` and `[FiniteDimensional ℝ E]` each imply `[Module.Finite ℝ E]`.
💡️ Of these, `[Module.Finite ℝ E]` and `[FiniteDimensional ℝ E]` may be removed.

When a data-carrying type class has multiple potential instances coming from different instance parameters, then these potential instances are incompatible. This is an example of an "instance diamond", which leads to unexpected unification failures.

Delete or combine some of your instance parameters to avoid this.

Note: This linter can be disabled with `set_option linter.overlappingInstances false`
warning: MorganTianLib/Ch01/JacobiField.lean:267:8: Overlapping instance parameters in `eqOn_of_right`:

⚠️ `[NormedSpace ℝ E]` and `[InnerProductSpace ℝ E]` can be used to infer conflicting versions of `[SMul ℝ E]`.
💡️ Of these, `[NormedSpace ℝ E]` may be removed.
⚠️ `[Module.Finite ℝ E]` and `[FiniteDimensional ℝ E]` each imply `[Module.Finite ℝ E]`.
💡️ Of these, `[Module.Finite ℝ E]` and `[FiniteDimensional ℝ E]` may be removed.

When a data-carrying type class has multiple potential instances coming from different instance parameters, then these potential instances are incompatible. This is an example of an "instance diamond", which leads to unexpected unification failures.

Delete or combine some of your instance parameters to avoid this.

Note: This linter can be disabled with `set_option linter.overlappingInstances false`
warning: MorganTianLib/Ch01/JacobiField.lean:282:8: Overlapping instance parameters in `add`:

⚠️ `[NormedSpace ℝ E]` and `[InnerProductSpace ℝ E]` can be used to infer conflicting versions of `[SMul ℝ E]`.
💡️ Of these, `[NormedSpace ℝ E]` may be removed.
⚠️ `[Module.Finite ℝ E]` and `[FiniteDimensional ℝ E]` each imply `[Module.Finite ℝ E]`.
💡️ Of these, `[Module.Finite ℝ E]` and `[FiniteDimensional ℝ E]` may be removed.

When a data-carrying type class has multiple potential instances coming from different instance parameters, then these potential instances are incompatible. This is an example of an "instance diamond", which leads to unexpected unification failures.

Delete or combine some of your instance parameters to avoid this.

Note: This linter can be disabled with `set_option linter.overlappingInstances false`
warning: MorganTianLib/Ch01/JacobiField.lean:332:8: Overlapping instance parameters in `const_smul`:

⚠️ `[NormedSpace ℝ E]` and `[InnerProductSpace ℝ E]` can be used to infer conflicting versions of `[SMul ℝ E]`.
💡️ Of these, `[NormedSpace ℝ E]` may be removed.
⚠️ `[Module.Finite ℝ E]` and `[FiniteDimensional ℝ E]` each imply `[Module.Finite ℝ E]`.
💡️ Of these, `[Module.Finite ℝ E]` and `[FiniteDimensional ℝ E]` may be removed.

When a data-carrying type class has multiple potential instances coming from different instance parameters, then these potential instances are incompatible. This is an example of an "instance diamond", which leads to unexpected unification failures.

Delete or combine some of your instance parameters to avoid this.

Note: This linter can be disabled with `set_option linter.overlappingInstances false`
warning: MorganTianLib/Ch01/JacobiField.lean:373:8: Overlapping instance parameters in `isJacobiFieldOn_zero`:

⚠️ `[NormedSpace ℝ E]` and `[InnerProductSpace ℝ E]` can be used to infer conflicting versions of `[SMul ℝ E]`.
💡️ Of these, `[NormedSpace ℝ E]` may be removed.
⚠️ `[Module.Finite ℝ E]` and `[FiniteDimensional ℝ E]` each imply `[Module.Finite ℝ E]`.
💡️ Of these, `[Module.Finite ℝ E]` and `[FiniteDimensional ℝ E]` may be removed.

When a data-carrying type class has multiple potential instances coming from different instance parameters, then these potential instances are incompatible. This is an example of an "instance diamond", which leads to unexpected unification failures.

Delete or combine some of your instance parameters to avoid this.

Note: This linter can be disabled with `set_option linter.overlappingInstances false`
warning: MorganTianLib/Ch01/JacobiField.lean:396:8: Overlapping instance parameters in `IsJacobiFieldOn.eqOn_zero`:

⚠️ `[NormedSpace ℝ E]` and `[InnerProductSpace ℝ E]` can be used to infer conflicting versions of `[SMul ℝ E]`.
💡️ Of these, `[NormedSpace ℝ E]` may be removed.
⚠️ `[Module.Finite ℝ E]` and `[FiniteDimensional ℝ E]` each imply `[Module.Finite ℝ E]`.
💡️ Of these, `[Module.Finite ℝ E]` and `[FiniteDimensional ℝ E]` may be removed.

When a data-carrying type class has multiple potential instances coming from different instance parameters, then these potential instances are incompatible. This is an example of an "instance diamond", which leads to unexpected unification failures.

Delete or combine some of your instance parameters to avoid this.

Note: This linter can be disabled with `set_option linter.overlappingInstances false`
warning: MorganTianLib/Ch01/JacobiField.lean:416:8: Overlapping instance parameters in `chartChristoffelContractionRight_eq_bilin`:

⚠️ `[NormedSpace ℝ E]` and `[InnerProductSpace ℝ E]` can be used to infer conflicting versions of `[SMul ℝ E]`.
💡️ Of these, `[NormedSpace ℝ E]` may be removed.
⚠️ `[Module.Finite ℝ E]` and `[FiniteDimensional ℝ E]` each imply `[Module.Finite ℝ E]`.
💡️ Of these, `[Module.Finite ℝ E]` and `[FiniteDimensional ℝ E]` may be removed.

When a data-carrying type class has multiple potential instances coming from different instance parameters, then these potential instances are incompatible. This is an example of an "instance diamond", which leads to unexpected unification failures.

Delete or combine some of your instance parameters to avoid this.

Note: This linter can be disabled with `set_option linter.overlappingInstances false`
warning: MorganTianLib/Ch01/JacobiField.lean:442:4: `ContinuousLinearMap.coe_comp'` has been deprecated: Use `ContinuousLinearMap.coe_comp` instead
warning: MorganTianLib/Ch01/JacobiField.lean:443:37: `ContinuousLinearMap.sub_apply` has been deprecated: Use `sub_apply` instead

Note: The updated constant is in a different namespace. Dot notation may need to be changed (e.g., from `x.sub_apply` to `sub_apply x`).
warning: MorganTianLib/Ch01/JacobiField.lean:444:4: `ContinuousLinearMap.add_apply` has been deprecated: Use `add_apply` instead

Note: The updated constant is in a different namespace. Dot notation may need to be changed (e.g., from `x.add_apply` to `add_apply x`).
warning: MorganTianLib/Ch01/JacobiField.lean:427:8: Overlapping instance parameters in `chartCurvatureEndo_eq`:

⚠️ `[NormedSpace ℝ E]` and `[InnerProductSpace ℝ E]` can be used to infer conflicting versions of `[SMul ℝ E]`.
💡️ Of these, `[NormedSpace ℝ E]` may be removed.
⚠️ `[Module.Finite ℝ E]` and `[FiniteDimensional ℝ E]` each imply `[Module.Finite ℝ E]`.
💡️ Of these, `[Module.Finite ℝ E]` and `[FiniteDimensional ℝ E]` may be removed.

When a data-carrying type class has multiple potential instances coming from different instance parameters, then these potential instances are incompatible. This is an example of an "instance diamond", which leads to unexpected unification failures.

Delete or combine some of your instance parameters to avoid this.

Note: This linter can be disabled with `set_option linter.overlappingInstances false`
warning: MorganTianLib/Ch01/JacobiField.lean:452:8: Overlapping instance parameters in `continuousOn_chartChristoffelContractionRight_comp`:

⚠️ `[NormedSpace ℝ E]` and `[InnerProductSpace ℝ E]` can be used to infer conflicting versions of `[SMul ℝ E]`.
💡️ Of these, `[NormedSpace ℝ E]` may be removed.
⚠️ `[Module.Finite ℝ E]` and `[FiniteDimensional ℝ E]` each imply `[Module.Finite ℝ E]`.
💡️ Of these, `[Module.Finite ℝ E]` and `[FiniteDimensional ℝ E]` may be removed.

When a data-carrying type class has multiple potential instances coming from different instance parameters, then these potential instances are incompatible. This is an example of an "instance diamond", which leads to unexpected unification failures.

Delete or combine some of your instance parameters to avoid this.

Note: This linter can be disabled with `set_option linter.overlappingInstances false`
warning: MorganTianLib/Ch01/JacobiField.lean:468:8: Overlapping instance parameters in `continuousOn_chartCurvatureEndo_comp`:

⚠️ `[NormedSpace ℝ E]` and `[InnerProductSpace ℝ E]` can be used to infer conflicting versions of `[SMul ℝ E]`.
💡️ Of these, `[NormedSpace ℝ E]` may be removed.
⚠️ `[Module.Finite ℝ E]` and `[FiniteDimensional ℝ E]` each imply `[Module.Finite ℝ E]`.
💡️ Of these, `[Module.Finite ℝ E]` and `[FiniteDimensional ℝ E]` may be removed.

When a data-carrying type class has multiple potential instances coming from different instance parameters, then these potential instances are incompatible. This is an example of an "instance diamond", which leads to unexpected unification failures.

Delete or combine some of your instance parameters to avoid this.

Note: This linter can be disabled with `set_option linter.overlappingInstances false`
warning: MorganTianLib/Ch01/JacobiField.lean:503:8: Overlapping instance parameters in `continuousOn_jacobiPairCoeffCoord`:

⚠️ `[NormedSpace ℝ E]` and `[InnerProductSpace ℝ E]` can be used to infer conflicting versions of `[SMul ℝ E]`.
💡️ Of these, `[NormedSpace ℝ E]` may be removed.
⚠️ `[Module.Finite ℝ E]` and `[FiniteDimensional ℝ E]` each imply `[Module.Finite ℝ E]`.
💡️ Of these, `[Module.Finite ℝ E]` and `[FiniteDimensional ℝ E]` may be removed.

When a data-carrying type class has multiple potential instances coming from different instance parameters, then these potential instances are incompatible. This is an example of an "instance diamond", which leads to unexpected unification failures.

Delete or combine some of your instance parameters to avoid this.

Note: This linter can be disabled with `set_option linter.overlappingInstances false`
warning: MorganTianLib/Ch01/JacobiField.lean:526:8: Overlapping instance parameters in `exists_nnnorm_jacobiPairCoeffCoord_le`:

⚠️ `[NormedSpace ℝ E]` and `[InnerProductSpace ℝ E]` can be used to infer conflicting versions of `[SMul ℝ E]`.
💡️ Of these, `[NormedSpace ℝ E]` may be removed.
⚠️ `[Module.Finite ℝ E]` and `[FiniteDimensional ℝ E]` each imply `[Module.Finite ℝ E]`.
💡️ Of these, `[Module.Finite ℝ E]` and `[FiniteDimensional ℝ E]` may be removed.

When a data-carrying type class has multiple potential instances coming from different instance parameters, then these potential instances are incompatible. This is an example of an "instance diamond", which leads to unexpected unification failures.

Delete or combine some of your instance parameters to avoid this.

Note: This linter can be disabled with `set_option linter.overlappingInstances false`
warning: MorganTianLib/Ch01/JacobiField.lean:543:8: Overlapping instance parameters in `exists_isJacobiFieldOn_Icc_of_curve`:

⚠️ `[NormedSpace ℝ E]` and `[InnerProductSpace ℝ E]` can be used to infer conflicting versions of `[SMul ℝ E]`.
💡️ Of these, `[NormedSpace ℝ E]` may be removed.
⚠️ `[Module.Finite ℝ E]` and `[FiniteDimensional ℝ E]` each imply `[Module.Finite ℝ E]`.
💡️ Of these, `[Module.Finite ℝ E]` and `[FiniteDimensional ℝ E]` may be removed.

When a data-carrying type class has multiple potential instances coming from different instance parameters, then these potential instances are incompatible. This is an example of an "instance diamond", which leads to unexpected unification failures.

Delete or combine some of your instance parameters to avoid this.

Note: This linter can be disabled with `set_option linter.overlappingInstances false`
⚠ [3064/3195] Replayed DoCarmoLib.Riemannian.Connection.ChristoffelBridge
warning: DoCarmoLib/Riemannian/Connection/ChristoffelBridge.lean:78:8: Overlapping instance parameters in `christoffel_bridge_inner`:

⚠️ `[NormedSpace ℝ E]` and `[InnerProductSpace ℝ E]` can be used to infer conflicting versions of `[SMul ℝ E]`.
💡️ Of these, `[NormedSpace ℝ E]` may be removed.

When a data-carrying type class has multiple potential instances coming from different instance parameters, then these potential instances are incompatible. This is an example of an "instance diamond", which leads to unexpected unification failures.

Delete or combine some of your instance parameters to avoid this.

Note: This linter can be disabled with `set_option linter.overlappingInstances false`
warning: DoCarmoLib/Riemannian/Connection/ChristoffelBridge.lean:134:8: Overlapping instance parameters in `christoffel_bridge_vector`:

⚠️ `[NormedSpace ℝ E]` and `[InnerProductSpace ℝ E]` can be used to infer conflicting versions of `[SMul ℝ E]`.
💡️ Of these, `[NormedSpace ℝ E]` may be removed.

When a data-carrying type class has multiple potential instances coming from different instance parameters, then these potential instances are incompatible. This is an example of an "instance diamond", which leads to unexpected unification failures.

Delete or combine some of your instance parameters to avoid this.

Note: This linter can be disabled with `set_option linter.overlappingInstances false`
⚠ [3065/3195] Replayed DoCarmoLib.Riemannian.Connection.ChartFrameBridge
warning: DoCarmoLib/Riemannian/Connection/ChartFrameBridge.lean:64:8: Overlapping instance parameters in `mlieBracket_const_const`:

⚠️ `[NormedSpace ℝ E]` and `[InnerProductSpace ℝ E]` can be used to infer conflicting versions of `[SMul ℝ E]`.
💡️ Of these, `[NormedSpace ℝ E]` may be removed.

When a data-carrying type class has multiple potential instances coming from different instance parameters, then these potential instances are incompatible. This is an example of an "instance diamond", which leads to unexpected unification failures.

Delete or combine some of your instance parameters to avoid this.

Note: This linter can be disabled with `set_option linter.overlappingInstances false`
warning: DoCarmoLib/Riemannian/Connection/ChartFrameBridge.lean:76:8: Overlapping instance parameters in `contMDiffAt_const_tangentSection`:

⚠️ `[NormedSpace ℝ E]` and `[InnerProductSpace ℝ E]` can be used to infer conflicting versions of `[SMul ℝ E]`.
💡️ Of these, `[NormedSpace ℝ E]` may be removed.

When a data-carrying type class has multiple potential instances coming from different instance parameters, then these potential instances are incompatible. This is an example of an "instance diamond", which leads to unexpected unification failures.

Delete or combine some of your instance parameters to avoid this.

Note: This linter can be disabled with `set_option linter.overlappingInstances false`
warning: DoCarmoLib/Riemannian/Connection/ChartFrameBridge.lean:88:8: Overlapping instance parameters in `mfderiv_extChartAt_chartBasisVecFiber`:

⚠️ `[NormedSpace ℝ E]` and `[InnerProductSpace ℝ E]` can be used to infer conflicting versions of `[SMul ℝ E]`.
💡️ Of these, `[NormedSpace ℝ E]` may be removed.

When a data-carrying type class has multiple potential instances coming from different instance parameters, then these potential instances are incompatible. This is an example of an "instance diamond", which leads to unexpected unification failures.

Delete or combine some of your instance parameters to avoid this.

Note: This linter can be disabled with `set_option linter.overlappingInstances false`
warning: DoCarmoLib/Riemannian/Connection/ChartFrameBridge.lean:104:8: Overlapping instance parameters in `chartBasisVecFiber_eventuallyEq_mpullback`:

⚠️ `[NormedSpace ℝ E]` and `[InnerProductSpace ℝ E]` can be used to infer conflicting versions of `[SMul ℝ E]`.
💡️ Of these, `[NormedSpace ℝ E]` may be removed.

When a data-carrying type class has multiple potential instances coming from different instance parameters, then these potential instances are incompatible. This is an example of an "instance diamond", which leads to unexpected unification failures.

Delete or combine some of your instance parameters to avoid this.

Note: This linter can be disabled with `set_option linter.overlappingInstances false`
warning: DoCarmoLib/Riemannian/Connection/ChartFrameBridge.lean:128:8: Overlapping instance parameters in `mlieBracket_chartBasisVecFiber_eq_zero`:

⚠️ `[NormedSpace ℝ E]` and `[InnerProductSpace ℝ E]` can be used to infer conflicting versions of `[SMul ℝ E]`.
💡️ Of these, `[NormedSpace ℝ E]` may be removed.

When a data-carrying type class has multiple potential instances coming from different instance parameters, then these potential instances are incompatible. This is an example of an "instance diamond", which leads to unexpected unification failures.

Delete or combine some of your instance parameters to avoid this.

Note: This linter can be disabled with `set_option linter.overlappingInstances false`
warning: DoCarmoLib/Riemannian/Connection/ChartFrameBridge.lean:165:8: Overlapping instance parameters in `mfderiv_chartGramMatrix_eq_partialDeriv`:

⚠️ `[NormedSpace ℝ E]` and `[InnerProductSpace ℝ E]` can be used to infer conflicting versions of `[SMul ℝ E]`.
💡️ Of these, `[NormedSpace ℝ E]` may be removed.

When a data-carrying type class has multiple potential instances coming from different instance parameters, then these potential instances are incompatible. This is an example of an "instance diamond", which leads to unexpected unification failures.

Delete or combine some of your instance parameters to avoid this.

Note: This linter can be disabled with `set_option linter.overlappingInstances false`
warning: DoCarmoLib/Riemannian/Connection/ChartFrameBridge.lean:208:8: Overlapping instance parameters in `exists_chartFrame_leviCivita_christoffel`:

⚠️ `[NormedSpace ℝ E]` and `[InnerProductSpace ℝ E]` can be used to infer conflicting versions of `[SMul ℝ E]`.
💡️ Of these, `[NormedSpace ℝ E]` may be removed.

When a data-carrying type class has multiple potential instances coming from different instance parameters, then these potential instances are incompatible. This is an example of an "instance diamond", which leads to unexpected unification failures.

Delete or combine some of your instance parameters to avoid this.

Note: This linter can be disabled with `set_option linter.overlappingInstances false`
⚠ [3066/3195] Replayed MorganTianLib.Ch01.CurvatureFrameBridge
warning: MorganTianLib/Ch01/CurvatureFrameBridge.lean:71:8: Overlapping instance parameters in `exists_contMDiff_eventuallyEq`:

⚠️ `[NormedSpace ℝ E]` and `[InnerProductSpace ℝ E]` can be used to infer conflicting versions of `[SMul ℝ E]`.
💡️ Of these, `[NormedSpace ℝ E]` may be removed.

When a data-carrying type class has multiple potential instances coming from different instance parameters, then these potential instances are incompatible. This is an example of an "instance diamond", which leads to unexpected unification failures.

Delete or combine some of your instance parameters to avoid this.

Note: This linter can be disabled with `set_option linter.overlappingInstances false`
warning: MorganTianLib/Ch01/CurvatureFrameBridge.lean:118:8: Overlapping instance parameters in `cov_apply_eq_zero_of_eventuallyEq_zero_right`:

⚠️ `[NormedSpace ℝ E]` and `[InnerProductSpace ℝ E]` can be used to infer conflicting versions of `[SMul ℝ E]`.
💡️ Of these, `[NormedSpace ℝ E]` may be removed.

When a data-carrying type class has multiple potential instances coming from different instance parameters, then these potential instances are incompatible. This is an example of an "instance diamond", which leads to unexpected unification failures.

Delete or combine some of your instance parameters to avoid this.

Note: This linter can be disabled with `set_option linter.overlappingInstances false`
warning: MorganTianLib/Ch01/CurvatureFrameBridge.lean:130:8: Overlapping instance parameters in `cov_congr_apply_right`:

⚠️ `[NormedSpace ℝ E]` and `[InnerProductSpace ℝ E]` can be used to infer conflicting versions of `[SMul ℝ E]`.
💡️ Of these, `[NormedSpace ℝ E]` may be removed.

When a data-carrying type class has multiple potential instances coming from different instance parameters, then these potential instances are incompatible. This is an example of an "instance diamond", which leads to unexpected unification failures.

Delete or combine some of your instance parameters to avoid this.

Note: This linter can be disabled with `set_option linter.overlappingInstances false`
warning: MorganTianLib/Ch01/CurvatureFrameBridge.lean:146:8: Overlapping instance parameters in `cov_apply_of_eventuallyEq_sum_smul`:

⚠️ `[NormedSpace ℝ E]` and `[InnerProductSpace ℝ E]` can be used to infer conflicting versions of `[SMul ℝ E]`.
💡️ Of these, `[NormedSpace ℝ E]` may be removed.

When a data-carrying type class has multiple potential instances coming from different instance parameters, then these potential instances are incompatible. This is an example of an "instance diamond", which leads to unexpected unification failures.

Delete or combine some of your instance parameters to avoid this.

Note: This linter can be disabled with `set_option linter.overlappingInstances false`
warning: MorganTianLib/Ch01/CurvatureFrameBridge.lean:186:8: Overlapping instance parameters in `mfderiv_comp_extChartAt_chartBasisVecFiber`:

⚠️ `[NormedSpace ℝ E]` and `[InnerProductSpace ℝ E]` can be used to infer conflicting versions of `[SMul ℝ E]`.
💡️ Of these, `[NormedSpace ℝ E]` may be removed.

When a data-carrying type class has multiple potential instances coming from different instance parameters, then these potential instances are incompatible. This is an example of an "instance diamond", which leads to unexpected unification failures.

Delete or combine some of your instance parameters to avoid this.

Note: This linter can be disabled with `set_option linter.overlappingInstances false`
warning: MorganTianLib/Ch01/CurvatureFrameBridge.lean:217:8: Overlapping instance parameters in `exists_chartFrame_leviCivita_christoffel_nhds`:

⚠️ `[NormedSpace ℝ E]` and `[InnerProductSpace ℝ E]` can be used to infer conflicting versions of `[SMul ℝ E]`.
💡️ Of these, `[NormedSpace ℝ E]` may be removed.

When a data-carrying type class has multiple potential instances coming from different instance parameters, then these potential instances are incompatible. This is an example of an "instance diamond", which leads to unexpected unification failures.

Delete or combine some of your instance parameters to avoid this.

Note: This linter can be disabled with `set_option linter.overlappingInstances false`
warning: MorganTianLib/Ch01/CurvatureFrameBridge.lean:293:8: Overlapping instance parameters in `chartChristoffelBilin_basis`:

⚠️ `[NormedSpace ℝ E]` and `[InnerProductSpace ℝ E]` can be used to infer conflicting versions of `[SMul ℝ E]`.
💡️ Of these, `[NormedSpace ℝ E]` may be removed.

When a data-carrying type class has multiple potential instances coming from different instance parameters, then these potential instances are incompatible. This is an example of an "instance diamond", which leads to unexpected unification failures.

Delete or combine some of your instance parameters to avoid this.

Note: This linter can be disabled with `set_option linter.overlappingInstances false`
warning: MorganTianLib/Ch01/CurvatureFrameBridge.lean:355:13: `ContinuousLinearMap.sum_apply` has been deprecated: Use `sum_apply` instead

Note: The updated constant is in a different namespace. Dot notation may need to be changed (e.g., from `x.sum_apply` to `sum_apply x`).
warning: MorganTianLib/Ch01/CurvatureFrameBridge.lean:355:44: `ContinuousLinearMap.coe_comp'` has been deprecated: Use `ContinuousLinearMap.coe_comp` instead
warning: MorganTianLib/Ch01/CurvatureFrameBridge.lean:359:4: `ContinuousLinearMap.zero_apply` has been deprecated: Use `zero_apply` instead

Note: The updated constant is in a different namespace. Dot notation may need to be changed (e.g., from `x.zero_apply` to `zero_apply x`).
warning: MorganTianLib/Ch01/CurvatureFrameBridge.lean:358:4: This simp argument is unused:
  apply_ite (fun f : E →L[ℝ] E => f (Module.finBasis ℝ E j))

Hint: Omit it from the simp argument list.
  simp only [ContinuousLinearMap.sum_apply, ContinuousLinearMap.coe_comp', Function.comp_apply,
  ̲  ̲ ̲ ̲ContinuousLinearMap.smulRight_apply, ContinuousLinearMap.smulRightL_apply_apply, hδ, ite_smul,
  ̲  ̲ ̲ ̲one_smul, zero_smul, a̵p̵p̵l̵y̵_̵i̵t̵e̵ ̵(̵f̵u̵n̵ ̵f̵ ̵:̵ ̵E̵ ̵→̵L̵[̵ℝ̵]̵ ̵E̵ ̵=̵>̵ ̵f̵ ̵(̵M̵o̵d̵u̵l̵e̵.̵f̵i̵n̵B̵a̵s̵i̵s̵ ̵ℝ̵ ̵E̵ ̵j̵)̵)̵,̵ContinuousLinearMap.zero_apply, Finset.sum_ite_irrel,
  ̲  ̲ ̲ ̲Finset.sum_const_zero, Finset.sum_ite_eq, Finset.mem_univ, if_true]

Note: This linter can be disabled with `set_option linter.unusedSimpArgs false`
warning: MorganTianLib/Ch01/CurvatureFrameBridge.lean:359:4: This simp argument is unused:
  ContinuousLinearMap.zero_apply

Hint: Omit it from the simp argument list.
  simp only [ContinuousLinearMap.sum_apply, ContinuousLinearMap.coe_comp', Function.comp_apply,
  ̲  ̲ ̲ ̲ContinuousLinearMap.smulRight_apply, ContinuousLinearMap.smulRightL_apply_apply, hδ, ite_smul,
  ̲  ̲ ̲ ̲one_smul, zero_smul, apply_ite (fun f : E →L[ℝ] E => f (Module.finBasis ℝ E j)),
      C̵o̵n̵t̵i̵n̵u̵o̵u̵s̵L̵i̵n̵e̵a̵r̵M̵a̵p̵.̵z̵e̵r̵o̵_̵a̵p̵p̵l̵y̵,̵ ̵Finset.sum_ite_irrel, Finset.sum_const_zero, Finset.sum_ite_eq, Finset.mem_univ, if_true]

Note: This linter can be disabled with `set_option linter.unusedSimpArgs false`
warning: MorganTianLib/Ch01/CurvatureFrameBridge.lean:316:8: Overlapping instance parameters in `fderiv_chartChristoffelBilin_basis`:

⚠️ `[NormedSpace ℝ E]` and `[InnerProductSpace ℝ E]` can be used to infer conflicting versions of `[SMul ℝ E]`.
💡️ Of these, `[NormedSpace ℝ E]` may be removed.

When a data-carrying type class has multiple potential instances coming from different instance parameters, then these potential instances are incompatible. This is an example of an "instance diamond", which leads to unexpected unification failures.

Delete or combine some of your instance parameters to avoid this.

Note: This linter can be disabled with `set_option linter.overlappingInstances false`
warning: MorganTianLib/Ch01/CurvatureFrameBridge.lean:392:4: `Finsupp.coe_finset_sum` has been deprecated: Use `Finsupp.coe_finsetSum` instead
warning: MorganTianLib/Ch01/CurvatureFrameBridge.lean:393:24: `Finsupp.finset_sum_apply` has been deprecated: Use `Finsupp.finsetSum_apply` instead
warning: MorganTianLib/Ch01/CurvatureFrameBridge.lean:394:59: This simp argument is unused:
  mul_ite

Hint: Omit it from the simp argument list.
  simp only [Finset.sum_ite_eq', Finset.mem_univ, if_true, mul_i̵t̵e̵,̵ ̵m̵u̵l̵_̵zero,
  ̵  ̵ ̵ ̵mul_one, smul_eq_mul]

Note: This linter can be disabled with `set_option linter.unusedSimpArgs false`
warning: MorganTianLib/Ch01/CurvatureFrameBridge.lean:394:68: This simp argument is unused:
  mul_zero

Hint: Omit it from the simp argument list.
  simp only [Finset.sum_ite_eq', Finset.mem_univ, if_true, mul_ite, mul_z̵e̵r̵o,̵
  ̵ ̵ ̵ ̵ ̵m̵u̵l̵_̵o̵ne, smul_eq_mul]

Note: This linter can be disabled with `set_option linter.unusedSimpArgs false`
warning: MorganTianLib/Ch01/CurvatureFrameBridge.lean:395:4: This simp argument is unused:
  mul_one

Hint: Omit it from the simp argument list.
  simp only [Finset.sum_ite_eq', Finset.mem_univ, if_true, mul_ite, mul_zero,
  ̵  ̵ ̵ ̵m̵u̵l̵_̵o̵n̵e̵,̵ ̵smul_eq_mul]

Note: This linter can be disabled with `set_option linter.unusedSimpArgs false`
warning: MorganTianLib/Ch01/CurvatureFrameBridge.lean:395:13: This simp argument is unused:
  smul_eq_mul

Hint: Omit it from the simp argument list.
  simp only [Finset.sum_ite_eq', Finset.mem_univ, if_true, mul_ite, mul_zero, m̵u̵l̵_̵o̵n̵e̵,̵ ̵s̵m̵u̵l̵_̵e̵q̵_̵m̵u̵l̵]̵m̲u̲l̲_̲o̲n̲e̲]̲

Note: This linter can be disabled with `set_option linter.unusedSimpArgs false`
warning: MorganTianLib/Ch01/CurvatureFrameBridge.lean:370:8: Overlapping instance parameters in `chartCurvature_basis`:

⚠️ `[NormedSpace ℝ E]` and `[InnerProductSpace ℝ E]` can be used to infer conflicting versions of `[SMul ℝ E]`.
💡️ Of these, `[NormedSpace ℝ E]` may be removed.

When a data-carrying type class has multiple potential instances coming from different instance parameters, then these potential instances are incompatible. This is an example of an "instance diamond", which leads to unexpected unification failures.

Delete or combine some of your instance parameters to avoid this.

Note: This linter can be disabled with `set_option linter.overlappingInstances false`
warning: MorganTianLib/Ch01/CurvatureFrameBridge.lean:409:19: This simp argument is unused:
  g.metricInner_zero_left

Hint: Omit it from the simp argument list.
  simp ̵[̵g̵.̵m̵e̵t̵r̵i̵c̵I̵n̵n̵e̵r̵_̵z̵e̵r̵o̵_̵l̵e̵f̵t̵]̵

Note: This linter can be disabled with `set_option linter.unusedSimpArgs false`
warning: MorganTianLib/Ch01/CurvatureFrameBridge.lean:403:8: Overlapping instance parameters in `metricInner_sum_smul_left`:

⚠️ `[NormedSpace ℝ E]` and `[InnerProductSpace ℝ E]` can be used to infer conflicting versions of `[SMul ℝ E]`.
💡️ Of these, `[NormedSpace ℝ E]` may be removed.

When a data-carrying type class has multiple potential instances coming from different instance parameters, then these potential instances are incompatible. This is an example of an "instance diamond", which leads to unexpected unification failures.

Delete or combine some of your instance parameters to avoid this.

Note: This linter can be disabled with `set_option linter.overlappingInstances false`
warning: MorganTianLib/Ch01/CurvatureFrameBridge.lean:422:19: This simp argument is unused:
  g.metricInner_zero_right

Hint: Omit it from the simp argument list.
  simp ̵[̵g̵.̵m̵e̵t̵r̵i̵c̵I̵n̵n̵e̵r̵_̵z̵e̵r̵o̵_̵r̵i̵g̵h̵t̵]̵

Note: This linter can be disabled with `set_option linter.unusedSimpArgs false`
warning: MorganTianLib/Ch01/CurvatureFrameBridge.lean:416:8: Overlapping instance parameters in `metricInner_sum_smul_right`:

⚠️ `[NormedSpace ℝ E]` and `[InnerProductSpace ℝ E]` can be used to infer conflicting versions of `[SMul ℝ E]`.
💡️ Of these, `[NormedSpace ℝ E]` may be removed.

When a data-carrying type class has multiple potential instances coming from different instance parameters, then these potential instances are incompatible. This is an example of an "instance diamond", which leads to unexpected unification failures.

Delete or combine some of your instance parameters to avoid this.

Note: This linter can be disabled with `set_option linter.overlappingInstances false`
warning: MorganTianLib/Ch01/CurvatureFrameBridge.lean:441:45: This simp argument is unused:
  ite_mul

Hint: Omit it from the simp argument list.
  simp only [hδ, mul_ite, mul_one, mul_zero, i̵t̵e̵_̵m̵u̵l̵,̵ ̵zero_mul,
  ̵  ̵ ̵ ̵Finset.sum_ite_irrel, Finset.sum_const_zero,
  ̲  ̲ ̲ ̲Finset.sum_ite_eq,
  ̵  ̵ ̵ ̵Finset.mem_univ, if_true]

Note: This linter can be disabled with `set_option linter.unusedSimpArgs false`
warning: MorganTianLib/Ch01/CurvatureFrameBridge.lean:441:54: This simp argument is unused:
  zero_mul

Hint: Omit it from the simp argument list.
  simp only [hδ, mul_ite, mul_one, mul_zero, ite_mul, z̵e̵r̵o̵_̵m̵u̵l̵,̵
  ̵ ̵ ̵ ̵ ̵Finset.sum_ite_irrel, Finset.sum_const_zero,
  ̲  ̲ ̲ ̲Finset.sum_ite_eq,
  ̵  ̵ ̵ ̵Finset.mem_univ, if_true]

Note: This linter can be disabled with `set_option linter.unusedSimpArgs false`
warning: MorganTianLib/Ch01/CurvatureFrameBridge.lean:442:4: This simp argument is unused:
  Finset.sum_ite_irrel

Hint: Omit it from the simp argument list.
  simp only [hδ, mul_ite, mul_one, mul_zero, ite_mul, zero_mul, F̵i̵n̵s̵e̵t̵.̵s̵u̵m̵_̵i̵t̵e̵_̵i̵r̵r̵e̵l̵,̵ ̵Finset.sum_const_zero,
  ̲  ̲ ̲ ̲Finset.sum_ite_eq, Finset.mem_univ, if_true]

Note: This linter can be disabled with `set_option linter.unusedSimpArgs false`
warning: MorganTianLib/Ch01/CurvatureFrameBridge.lean:442:26: This simp argument is unused:
  Finset.sum_const_zero

Hint: Omit it from the simp argument list.
  simp only [hδ, mul_ite, mul_one, mul_zero, ite_mul, zero_mul, Finset.sum_ite_irrel,
  ̲  ̲ ̲ ̲F̵i̵n̵s̵e̵t̵.̵s̵u̵m̵_̵c̵o̵n̵s̵t̵_̵z̵e̵r̵o̵,̵ ̵Finset.sum_ite_eq, Finset.mem_univ, if_true]

Note: This linter can be disabled with `set_option linter.unusedSimpArgs false`
warning: MorganTianLib/Ch01/CurvatureFrameBridge.lean:430:8: Overlapping instance parameters in `chartMetricInner_basis`:

⚠️ `[NormedSpace ℝ E]` and `[InnerProductSpace ℝ E]` can be used to infer conflicting versions of `[SMul ℝ E]`.
💡️ Of these, `[NormedSpace ℝ E]` may be removed.

When a data-carrying type class has multiple potential instances coming from different instance parameters, then these potential instances are incompatible. This is an example of an "instance diamond", which leads to unexpected unification failures.

Delete or combine some of your instance parameters to avoid this.

Note: This linter can be disabled with `set_option linter.overlappingInstances false`
warning: MorganTianLib/Ch01/CurvatureFrameBridge.lean:449:8: Overlapping instance parameters in `metricInner_chartFrame`:

⚠️ `[NormedSpace ℝ E]` and `[InnerProductSpace ℝ E]` can be used to infer conflicting versions of `[SMul ℝ E]`.
💡️ Of these, `[NormedSpace ℝ E]` may be removed.

When a data-carrying type class has multiple potential instances coming from different instance parameters, then these potential instances are incompatible. This is an example of an "instance diamond", which leads to unexpected unification failures.

Delete or combine some of your instance parameters to avoid this.

Note: This linter can be disabled with `set_option linter.overlappingInstances false`
warning: MorganTianLib/Ch01/CurvatureFrameBridge.lean:481:4: `ContinuousLinearMap.add_apply` has been deprecated: Use `add_apply` instead

Note: The updated constant is in a different namespace. Dot notation may need to be changed (e.g., from `x.add_apply` to `add_apply x`).
warning: MorganTianLib/Ch01/CurvatureFrameBridge.lean:476:8: Overlapping instance parameters in `chartCurvature_add_fst`:

⚠️ `[NormedSpace ℝ E]` and `[InnerProductSpace ℝ E]` can be used to infer conflicting versions of `[SMul ℝ E]`.
💡️ Of these, `[NormedSpace ℝ E]` may be removed.

When a data-carrying type class has multiple potential instances coming from different instance parameters, then these potential instances are incompatible. This is an example of an "instance diamond", which leads to unexpected unification failures.

Delete or combine some of your instance parameters to avoid this.

Note: This linter can be disabled with `set_option linter.overlappingInstances false`
warning: MorganTianLib/Ch01/CurvatureFrameBridge.lean:491:4: `ContinuousLinearMap.smul_apply` has been deprecated: Use `smul_apply` instead

Note: The updated constant is in a different namespace. Dot notation may need to be changed (e.g., from `x.smul_apply` to `smul_apply x`).
warning: MorganTianLib/Ch01/CurvatureFrameBridge.lean:486:8: Overlapping instance parameters in `chartCurvature_smul_fst`:

⚠️ `[NormedSpace ℝ E]` and `[InnerProductSpace ℝ E]` can be used to infer conflicting versions of `[SMul ℝ E]`.
💡️ Of these, `[NormedSpace ℝ E]` may be removed.

When a data-carrying type class has multiple potential instances coming from different instance parameters, then these potential instances are incompatible. This is an example of an "instance diamond", which leads to unexpected unification failures.

Delete or combine some of your instance parameters to avoid this.

Note: This linter can be disabled with `set_option linter.overlappingInstances false`
warning: MorganTianLib/Ch01/CurvatureFrameBridge.lean:500:4: `ContinuousLinearMap.add_apply` has been deprecated: Use `add_apply` instead

Note: The updated constant is in a different namespace. Dot notation may need to be changed (e.g., from `x.add_apply` to `add_apply x`).
warning: MorganTianLib/Ch01/CurvatureFrameBridge.lean:495:8: Overlapping instance parameters in `chartCurvature_add_middle`:

⚠️ `[NormedSpace ℝ E]` and `[InnerProductSpace ℝ E]` can be used to infer conflicting versions of `[SMul ℝ E]`.
💡️ Of these, `[NormedSpace ℝ E]` may be removed.

When a data-carrying type class has multiple potential instances coming from different instance parameters, then these potential instances are incompatible. This is an example of an "instance diamond", which leads to unexpected unification failures.

Delete or combine some of your instance parameters to avoid this.

Note: This linter can be disabled with `set_option linter.overlappingInstances false`
warning: MorganTianLib/Ch01/CurvatureFrameBridge.lean:510:4: `ContinuousLinearMap.smul_apply` has been deprecated: Use `smul_apply` instead

Note: The updated constant is in a different namespace. Dot notation may need to be changed (e.g., from `x.smul_apply` to `smul_apply x`).
warning: MorganTianLib/Ch01/CurvatureFrameBridge.lean:505:8: Overlapping instance parameters in `chartCurvature_smul_middle`:

⚠️ `[NormedSpace ℝ E]` and `[InnerProductSpace ℝ E]` can be used to infer conflicting versions of `[SMul ℝ E]`.
💡️ Of these, `[NormedSpace ℝ E]` may be removed.

When a data-carrying type class has multiple potential instances coming from different instance parameters, then these potential instances are incompatible. This is an example of an "instance diamond", which leads to unexpected unification failures.

Delete or combine some of your instance parameters to avoid this.

Note: This linter can be disabled with `set_option linter.overlappingInstances false`
warning: MorganTianLib/Ch01/CurvatureFrameBridge.lean:519:4: `ContinuousLinearMap.add_apply` has been deprecated: Use `add_apply` instead

Note: The updated constant is in a different namespace. Dot notation may need to be changed (e.g., from `x.add_apply` to `add_apply x`).
warning: MorganTianLib/Ch01/CurvatureFrameBridge.lean:519:4: This simp argument is unused:
  ContinuousLinearMap.add_apply

Hint: Omit it from the simp argument list.
  simp only [chartCurvature_def, christoffelCurvature, map_add,̵
  ̵ ̵ ̵ ̵ ̵C̵o̵n̵t̵i̵n̵u̵o̵u̵s̵L̵i̵n̵e̵a̵r̵M̵a̵p̵.̵a̵d̵d̵_̵a̵p̵p̵l̵y̵]

Note: This linter can be disabled with `set_option linter.unusedSimpArgs false`
warning: MorganTianLib/Ch01/CurvatureFrameBridge.lean:514:8: Overlapping instance parameters in `chartCurvature_add_right`:

⚠️ `[NormedSpace ℝ E]` and `[InnerProductSpace ℝ E]` can be used to infer conflicting versions of `[SMul ℝ E]`.
💡️ Of these, `[NormedSpace ℝ E]` may be removed.

When a data-carrying type class has multiple potential instances coming from different instance parameters, then these potential instances are incompatible. This is an example of an "instance diamond", which leads to unexpected unification failures.

Delete or combine some of your instance parameters to avoid this.

Note: This linter can be disabled with `set_option linter.overlappingInstances false`
warning: MorganTianLib/Ch01/CurvatureFrameBridge.lean:529:4: `ContinuousLinearMap.smul_apply` has been deprecated: Use `smul_apply` instead

Note: The updated constant is in a different namespace. Dot notation may need to be changed (e.g., from `x.smul_apply` to `smul_apply x`).
warning: MorganTianLib/Ch01/CurvatureFrameBridge.lean:529:4: This simp argument is unused:
  ContinuousLinearMap.smul_apply

Hint: Omit it from the simp argument list.
  simp only [chartCurvature_def, christoffelCurvature, map_smul, C̵o̵n̵t̵i̵n̵u̵o̵u̵s̵L̵i̵n̵e̵a̵r̵M̵a̵p̵.̵s̵m̵u̵l̵_̵a̵p̵p̵l̵y̵,̵ ̵smul_sub, smul_add]

Note: This linter can be disabled with `set_option linter.unusedSimpArgs false`
warning: MorganTianLib/Ch01/CurvatureFrameBridge.lean:524:8: Overlapping instance parameters in `chartCurvature_smul_right`:

⚠️ `[NormedSpace ℝ E]` and `[InnerProductSpace ℝ E]` can be used to infer conflicting versions of `[SMul ℝ E]`.
💡️ Of these, `[NormedSpace ℝ E]` may be removed.

When a data-carrying type class has multiple potential instances coming from different instance parameters, then these potential instances are incompatible. This is an example of an "instance diamond", which leads to unexpected unification failures.

Delete or combine some of your instance parameters to avoid this.

Note: This linter can be disabled with `set_option linter.overlappingInstances false`
warning: MorganTianLib/Ch01/CurvatureFrameBridge.lean:538:8: Overlapping instance parameters in `chartCurvature_sum₃`:

⚠️ `[NormedSpace ℝ E]` and `[InnerProductSpace ℝ E]` can be used to infer conflicting versions of `[SMul ℝ E]`.
💡️ Of these, `[NormedSpace ℝ E]` may be removed.

When a data-carrying type class has multiple potential instances coming from different instance parameters, then these potential instances are incompatible. This is an example of an "instance diamond", which leads to unexpected unification failures.

Delete or combine some of your instance parameters to avoid this.

Note: This linter can be disabled with `set_option linter.overlappingInstances false`
warning: MorganTianLib/Ch01/CurvatureFrameBridge.lean:599:8: Overlapping instance parameters in `curvatureFormAt_add_snd`:

⚠️ `[NormedSpace ℝ E]` and `[InnerProductSpace ℝ E]` can be used to infer conflicting versions of `[SMul ℝ E]`.
💡️ Of these, `[NormedSpace ℝ E]` may be removed.

When a data-carrying type class has multiple potential instances coming from different instance parameters, then these potential instances are incompatible. This is an example of an "instance diamond", which leads to unexpected unification failures.

Delete or combine some of your instance parameters to avoid this.

Note: This linter can be disabled with `set_option linter.overlappingInstances false`
warning: MorganTianLib/Ch01/CurvatureFrameBridge.lean:615:8: Overlapping instance parameters in `curvatureFormAt_smul_snd`:

⚠️ `[NormedSpace ℝ E]` and `[InnerProductSpace ℝ E]` can be used to infer conflicting versions of `[SMul ℝ E]`.
💡️ Of these, `[NormedSpace ℝ E]` may be removed.

When a data-carrying type class has multiple potential instances coming from different instance parameters, then these potential instances are incompatible. This is an example of an "instance diamond", which leads to unexpected unification failures.

Delete or combine some of your instance parameters to avoid this.

Note: This linter can be disabled with `set_option linter.overlappingInstances false`
warning: MorganTianLib/Ch01/CurvatureFrameBridge.lean:632:8: Overlapping instance parameters in `curvatureFormAt_add_trd`:

⚠️ `[NormedSpace ℝ E]` and `[InnerProductSpace ℝ E]` can be used to infer conflicting versions of `[SMul ℝ E]`.
💡️ Of these, `[NormedSpace ℝ E]` may be removed.

When a data-carrying type class has multiple potential instances coming from different instance parameters, then these potential instances are incompatible. This is an example of an "instance diamond", which leads to unexpected unification failures.

Delete or combine some of your instance parameters to avoid this.

Note: This linter can be disabled with `set_option linter.overlappingInstances false`
warning: MorganTianLib/Ch01/CurvatureFrameBridge.lean:647:8: Overlapping instance parameters in `curvatureFormAt_smul_trd`:

⚠️ `[NormedSpace ℝ E]` and `[InnerProductSpace ℝ E]` can be used to infer conflicting versions of `[SMul ℝ E]`.
💡️ Of these, `[NormedSpace ℝ E]` may be removed.

When a data-carrying type class has multiple potential instances coming from different instance parameters, then these potential instances are incompatible. This is an example of an "instance diamond", which leads to unexpected unification failures.

Delete or combine some of your instance parameters to avoid this.

Note: This linter can be disabled with `set_option linter.overlappingInstances false`
warning: MorganTianLib/Ch01/CurvatureFrameBridge.lean:664:8: Overlapping instance parameters in `curvatureFormAt_add_fth`:

⚠️ `[NormedSpace ℝ E]` and `[InnerProductSpace ℝ E]` can be used to infer conflicting versions of `[SMul ℝ E]`.
💡️ Of these, `[NormedSpace ℝ E]` may be removed.

When a data-carrying type class has multiple potential instances coming from different instance parameters, then these potential instances are incompatible. This is an example of an "instance diamond", which leads to unexpected unification failures.

Delete or combine some of your instance parameters to avoid this.

Note: This linter can be disabled with `set_option linter.overlappingInstances false`
warning: MorganTianLib/Ch01/CurvatureFrameBridge.lean:679:8: Overlapping instance parameters in `curvatureFormAt_smul_fth`:

⚠️ `[NormedSpace ℝ E]` and `[InnerProductSpace ℝ E]` can be used to infer conflicting versions of `[SMul ℝ E]`.
💡️ Of these, `[NormedSpace ℝ E]` may be removed.

When a data-carrying type class has multiple potential instances coming from different instance parameters, then these potential instances are incompatible. This is an example of an "instance diamond", which leads to unexpected unification failures.

Delete or combine some of your instance parameters to avoid this.

Note: This linter can be disabled with `set_option linter.overlappingInstances false`
warning: MorganTianLib/Ch01/CurvatureFrameBridge.lean:697:8: Overlapping instance parameters in `curvatureFormAt_sum₄`:

⚠️ `[NormedSpace ℝ E]` and `[InnerProductSpace ℝ E]` can be used to infer conflicting versions of `[SMul ℝ E]`.
💡️ Of these, `[NormedSpace ℝ E]` may be removed.

When a data-carrying type class has multiple potential instances coming from different instance parameters, then these potential instances are incompatible. This is an example of an "instance diamond", which leads to unexpected unification failures.

Delete or combine some of your instance parameters to avoid this.

Note: This linter can be disabled with `set_option linter.overlappingInstances false`
⚠ [3067/3195] Replayed MorganTianLib.Ch02.CovDerivAlongCurve
warning: MorganTianLib/Ch02/CovDerivAlongCurve.lean:64:4: Overlapping instance parameters in `chartFieldCoord`:

⚠️ `[NormedSpace ℝ E]` and `[InnerProductSpace ℝ E]` can be used to infer conflicting versions of `[SMul ℝ E]`.
💡️ Of these, `[NormedSpace ℝ E]` may be removed.
⚠️ `[Module.Finite ℝ E]` and `[FiniteDimensional ℝ E]` each imply `[Module.Finite ℝ E]`.
💡️ Of these, `[Module.Finite ℝ E]` and `[FiniteDimensional ℝ E]` may be removed.

When a data-carrying type class has multiple potential instances coming from different instance parameters, then these potential instances are incompatible. This is an example of an "instance diamond", which leads to unexpected unification failures.

Delete or combine some of your instance parameters to avoid this.

Note: This linter can be disabled with `set_option linter.overlappingInstances false`
warning: MorganTianLib/Ch02/CovDerivAlongCurve.lean:67:16: Overlapping instance parameters in `chartFieldCoord_def`:

⚠️ `[NormedSpace ℝ E]` and `[InnerProductSpace ℝ E]` can be used to infer conflicting versions of `[SMul ℝ E]`.
💡️ Of these, `[NormedSpace ℝ E]` may be removed.
⚠️ `[Module.Finite ℝ E]` and `[FiniteDimensional ℝ E]` each imply `[Module.Finite ℝ E]`.
💡️ Of these, `[Module.Finite ℝ E]` and `[FiniteDimensional ℝ E]` may be removed.

When a data-carrying type class has multiple potential instances coming from different instance parameters, then these potential instances are incompatible. This is an example of an "instance diamond", which leads to unexpected unification failures.

Delete or combine some of your instance parameters to avoid this.

Note: This linter can be disabled with `set_option linter.overlappingInstances false`
warning: MorganTianLib/Ch02/CovDerivAlongCurve.lean:74:8: Overlapping instance parameters in `chartFieldCoord_self`:

⚠️ `[NormedSpace ℝ E]` and `[InnerProductSpace ℝ E]` can be used to infer conflicting versions of `[SMul ℝ E]`.
💡️ Of these, `[NormedSpace ℝ E]` may be removed.
⚠️ `[Module.Finite ℝ E]` and `[FiniteDimensional ℝ E]` each imply `[Module.Finite ℝ E]`.
💡️ Of these, `[Module.Finite ℝ E]` and `[FiniteDimensional ℝ E]` may be removed.

When a data-carrying type class has multiple potential instances coming from different instance parameters, then these potential instances are incompatible. This is an example of an "instance diamond", which leads to unexpected unification failures.

Delete or combine some of your instance parameters to avoid this.

Note: This linter can be disabled with `set_option linter.overlappingInstances false`
warning: MorganTianLib/Ch02/CovDerivAlongCurve.lean:80:8: Overlapping instance parameters in `chartFiberCoord_add`:

⚠️ `[NormedSpace ℝ E]` and `[InnerProductSpace ℝ E]` can be used to infer conflicting versions of `[SMul ℝ E]`.
💡️ Of these, `[NormedSpace ℝ E]` may be removed.
⚠️ `[Module.Finite ℝ E]` and `[FiniteDimensional ℝ E]` each imply `[Module.Finite ℝ E]`.
💡️ Of these, `[Module.Finite ℝ E]` and `[FiniteDimensional ℝ E]` may be removed.

When a data-carrying type class has multiple potential instances coming from different instance parameters, then these potential instances are incompatible. This is an example of an "instance diamond", which leads to unexpected unification failures.

Delete or combine some of your instance parameters to avoid this.

Note: This linter can be disabled with `set_option linter.overlappingInstances false`
warning: MorganTianLib/Ch02/CovDerivAlongCurve.lean:93:8: Overlapping instance parameters in `chartFiberCoord_smul`:

⚠️ `[NormedSpace ℝ E]` and `[InnerProductSpace ℝ E]` can be used to infer conflicting versions of `[SMul ℝ E]`.
💡️ Of these, `[NormedSpace ℝ E]` may be removed.
⚠️ `[Module.Finite ℝ E]` and `[FiniteDimensional ℝ E]` each imply `[Module.Finite ℝ E]`.
💡️ Of these, `[Module.Finite ℝ E]` and `[FiniteDimensional ℝ E]` may be removed.

When a data-carrying type class has multiple potential instances coming from different instance parameters, then these potential instances are incompatible. This is an example of an "instance diamond", which leads to unexpected unification failures.

Delete or combine some of your instance parameters to avoid this.

Note: This linter can be disabled with `set_option linter.overlappingInstances false`
warning: MorganTianLib/Ch02/CovDerivAlongCurve.lean:108:8: Overlapping instance parameters in `chartChristoffelContraction_add_right_tangent`:

⚠️ `[NormedSpace ℝ E]` and `[InnerProductSpace ℝ E]` can be used to infer conflicting versions of `[SMul ℝ E]`.
💡️ Of these, `[NormedSpace ℝ E]` may be removed.
⚠️ `[Module.Finite ℝ E]` and `[FiniteDimensional ℝ E]` each imply `[Module.Finite ℝ E]`.
💡️ Of these, `[Module.Finite ℝ E]` and `[FiniteDimensional ℝ E]` may be removed.

When a data-carrying type class has multiple potential instances coming from different instance parameters, then these potential instances are incompatible. This is an example of an "instance diamond", which leads to unexpected unification failures.

Delete or combine some of your instance parameters to avoid this.

Note: This linter can be disabled with `set_option linter.overlappingInstances false`
warning: MorganTianLib/Ch02/CovDerivAlongCurve.lean:117:8: Overlapping instance parameters in `chartChristoffelContraction_smul_right_tangent`:

⚠️ `[NormedSpace ℝ E]` and `[InnerProductSpace ℝ E]` can be used to infer conflicting versions of `[SMul ℝ E]`.
💡️ Of these, `[NormedSpace ℝ E]` may be removed.
⚠️ `[Module.Finite ℝ E]` and `[FiniteDimensional ℝ E]` each imply `[Module.Finite ℝ E]`.
💡️ Of these, `[Module.Finite ℝ E]` and `[FiniteDimensional ℝ E]` may be removed.

When a data-carrying type class has multiple potential instances coming from different instance parameters, then these potential instances are incompatible. This is an example of an "instance diamond", which leads to unexpected unification failures.

Delete or combine some of your instance parameters to avoid this.

Note: This linter can be disabled with `set_option linter.overlappingInstances false`
warning: MorganTianLib/Ch02/CovDerivAlongCurve.lean:124:8: Overlapping instance parameters in `tangentSpace_add_eq`:

⚠️ `[NormedSpace ℝ E]` and `[InnerProductSpace ℝ E]` can be used to infer conflicting versions of `[SMul ℝ E]`.
💡️ Of these, `[NormedSpace ℝ E]` may be removed.
⚠️ `[Module.Finite ℝ E]` and `[FiniteDimensional ℝ E]` each imply `[Module.Finite ℝ E]`.
💡️ Of these, `[Module.Finite ℝ E]` and `[FiniteDimensional ℝ E]` may be removed.

When a data-carrying type class has multiple potential instances coming from different instance parameters, then these potential instances are incompatible. This is an example of an "instance diamond", which leads to unexpected unification failures.

Delete or combine some of your instance parameters to avoid this.

Note: This linter can be disabled with `set_option linter.overlappingInstances false`
warning: MorganTianLib/Ch02/CovDerivAlongCurve.lean:128:8: Overlapping instance parameters in `tangentSpace_smul_eq`:

⚠️ `[NormedSpace ℝ E]` and `[InnerProductSpace ℝ E]` can be used to infer conflicting versions of `[SMul ℝ E]`.
💡️ Of these, `[NormedSpace ℝ E]` may be removed.
⚠️ `[Module.Finite ℝ E]` and `[FiniteDimensional ℝ E]` each imply `[Module.Finite ℝ E]`.
💡️ Of these, `[Module.Finite ℝ E]` and `[FiniteDimensional ℝ E]` may be removed.

When a data-carrying type class has multiple potential instances coming from different instance parameters, then these potential instances are incompatible. This is an example of an "instance diamond", which leads to unexpected unification failures.

Delete or combine some of your instance parameters to avoid this.

Note: This linter can be disabled with `set_option linter.overlappingInstances false`
warning: MorganTianLib/Ch02/CovDerivAlongCurve.lean:149:4: Overlapping instance parameters in `HasCovDerivAlongAt`:

⚠️ `[NormedSpace ℝ E]` and `[InnerProductSpace ℝ E]` can be used to infer conflicting versions of `[SMul ℝ E]`.
💡️ Of these, `[NormedSpace ℝ E]` may be removed.
⚠️ `[Module.Finite ℝ E]` and `[FiniteDimensional ℝ E]` each imply `[Module.Finite ℝ E]`.
💡️ Of these, `[Module.Finite ℝ E]` and `[FiniteDimensional ℝ E]` may be removed.

When a data-carrying type class has multiple potential instances coming from different instance parameters, then these potential instances are incompatible. This is an example of an "instance diamond", which leads to unexpected unification failures.

Delete or combine some of your instance parameters to avoid this.

Note: This linter can be disabled with `set_option linter.overlappingInstances false`
warning: MorganTianLib/Ch02/CovDerivAlongCurve.lean:162:8: Overlapping instance parameters in `HasCovDerivAlongAt.eventually_mem_source`:

⚠️ `[NormedSpace ℝ E]` and `[InnerProductSpace ℝ E]` can be used to infer conflicting versions of `[SMul ℝ E]`.
💡️ Of these, `[NormedSpace ℝ E]` may be removed.
⚠️ `[Module.Finite ℝ E]` and `[FiniteDimensional ℝ E]` each imply `[Module.Finite ℝ E]`.
💡️ Of these, `[Module.Finite ℝ E]` and `[FiniteDimensional ℝ E]` may be removed.

When a data-carrying type class has multiple potential instances coming from different instance parameters, then these potential instances are incompatible. This is an example of an "instance diamond", which leads to unexpected unification failures.

Delete or combine some of your instance parameters to avoid this.

Note: This linter can be disabled with `set_option linter.overlappingInstances false`
warning: MorganTianLib/Ch02/CovDerivAlongCurve.lean:169:8: Overlapping instance parameters in `HasCovDerivAlongAt.unique`:

⚠️ `[NormedSpace ℝ E]` and `[InnerProductSpace ℝ E]` can be used to infer conflicting versions of `[SMul ℝ E]`.
💡️ Of these, `[NormedSpace ℝ E]` may be removed.
⚠️ `[Module.Finite ℝ E]` and `[FiniteDimensional ℝ E]` each imply `[Module.Finite ℝ E]`.
💡️ Of these, `[Module.Finite ℝ E]` and `[FiniteDimensional ℝ E]` may be removed.

When a data-carrying type class has multiple potential instances coming from different instance parameters, then these potential instances are incompatible. This is an example of an "instance diamond", which leads to unexpected unification failures.

Delete or combine some of your instance parameters to avoid this.

Note: This linter can be disabled with `set_option linter.overlappingInstances false`
warning: MorganTianLib/Ch02/CovDerivAlongCurve.lean:178:8: Overlapping instance parameters in `HasCovDerivAlongAt.add`:

⚠️ `[NormedSpace ℝ E]` and `[InnerProductSpace ℝ E]` can be used to infer conflicting versions of `[SMul ℝ E]`.
💡️ Of these, `[NormedSpace ℝ E]` may be removed.
⚠️ `[Module.Finite ℝ E]` and `[FiniteDimensional ℝ E]` each imply `[Module.Finite ℝ E]`.
💡️ Of these, `[Module.Finite ℝ E]` and `[FiniteDimensional ℝ E]` may be removed.

When a data-carrying type class has multiple potential instances coming from different instance parameters, then these potential instances are incompatible. This is an example of an "instance diamond", which leads to unexpected unification failures.

Delete or combine some of your instance parameters to avoid this.

Note: This linter can be disabled with `set_option linter.overlappingInstances false`
warning: MorganTianLib/Ch02/CovDerivAlongCurve.lean:195:8: Overlapping instance parameters in `HasCovDerivAlongAt.const_smul`:

⚠️ `[NormedSpace ℝ E]` and `[InnerProductSpace ℝ E]` can be used to infer conflicting versions of `[SMul ℝ E]`.
💡️ Of these, `[NormedSpace ℝ E]` may be removed.
⚠️ `[Module.Finite ℝ E]` and `[FiniteDimensional ℝ E]` each imply `[Module.Finite ℝ E]`.
💡️ Of these, `[Module.Finite ℝ E]` and `[FiniteDimensional ℝ E]` may be removed.

When a data-carrying type class has multiple potential instances coming from different instance parameters, then these potential instances are incompatible. This is an example of an "instance diamond", which leads to unexpected unification failures.

Delete or combine some of your instance parameters to avoid this.

Note: This linter can be disabled with `set_option linter.overlappingInstances false`
warning: MorganTianLib/Ch02/CovDerivAlongCurve.lean:208:8: Overlapping instance parameters in `HasCovDerivAlongAt.neg`:

⚠️ `[NormedSpace ℝ E]` and `[InnerProductSpace ℝ E]` can be used to infer conflicting versions of `[SMul ℝ E]`.
💡️ Of these, `[NormedSpace ℝ E]` may be removed.
⚠️ `[Module.Finite ℝ E]` and `[FiniteDimensional ℝ E]` each imply `[Module.Finite ℝ E]`.
💡️ Of these, `[Module.Finite ℝ E]` and `[FiniteDimensional ℝ E]` may be removed.

When a data-carrying type class has multiple potential instances coming from different instance parameters, then these potential instances are incompatible. This is an example of an "instance diamond", which leads to unexpected unification failures.

Delete or combine some of your instance parameters to avoid this.

Note: This linter can be disabled with `set_option linter.overlappingInstances false`
warning: MorganTianLib/Ch02/CovDerivAlongCurve.lean:216:8: Overlapping instance parameters in `HasCovDerivAlongAt.sub`:

⚠️ `[NormedSpace ℝ E]` and `[InnerProductSpace ℝ E]` can be used to infer conflicting versions of `[SMul ℝ E]`.
💡️ Of these, `[NormedSpace ℝ E]` may be removed.
⚠️ `[Module.Finite ℝ E]` and `[FiniteDimensional ℝ E]` each imply `[Module.Finite ℝ E]`.
💡️ Of these, `[Module.Finite ℝ E]` and `[FiniteDimensional ℝ E]` may be removed.

When a data-carrying type class has multiple potential instances coming from different instance parameters, then these potential instances are incompatible. This is an example of an "instance diamond", which leads to unexpected unification failures.

Delete or combine some of your instance parameters to avoid this.

Note: This linter can be disabled with `set_option linter.overlappingInstances false`
warning: MorganTianLib/Ch02/CovDerivAlongCurve.lean:229:8: Overlapping instance parameters in `HasCovDerivAlongAt.smul_fun`:

⚠️ `[NormedSpace ℝ E]` and `[InnerProductSpace ℝ E]` can be used to infer conflicting versions of `[SMul ℝ E]`.
💡️ Of these, `[NormedSpace ℝ E]` may be removed.
⚠️ `[Module.Finite ℝ E]` and `[FiniteDimensional ℝ E]` each imply `[Module.Finite ℝ E]`.
💡️ Of these, `[Module.Finite ℝ E]` and `[FiniteDimensional ℝ E]` may be removed.

When a data-carrying type class has multiple potential instances coming from different instance parameters, then these potential instances are incompatible. This is an example of an "instance diamond", which leads to unexpected unification failures.

Delete or combine some of your instance parameters to avoid this.

Note: This linter can be disabled with `set_option linter.overlappingInstances false`
warning: MorganTianLib/Ch02/CovDerivAlongCurve.lean:248:8: Overlapping instance parameters in `sum_chartCoord_smul_chartBasisVecFiber`:

⚠️ `[NormedSpace ℝ E]` and `[InnerProductSpace ℝ E]` can be used to infer conflicting versions of `[SMul ℝ E]`.
💡️ Of these, `[NormedSpace ℝ E]` may be removed.
⚠️ `[Module.Finite ℝ E]` and `[FiniteDimensional ℝ E]` each imply `[Module.Finite ℝ E]`.
💡️ Of these, `[Module.Finite ℝ E]` and `[FiniteDimensional ℝ E]` may be removed.

When a data-carrying type class has multiple potential instances coming from different instance parameters, then these potential instances are incompatible. This is an example of an "instance diamond", which leads to unexpected unification failures.

Delete or combine some of your instance parameters to avoid this.

Note: This linter can be disabled with `set_option linter.overlappingInstances false`
warning: MorganTianLib/Ch02/CovDerivAlongCurve.lean:276:4: `ContinuousLinearMap.coe_sum'` has been deprecated: Use `FunLike.coe_sum` instead

Note: The updated constant is in a different namespace. Dot notation may need to be changed (e.g., from `x.coe_sum'` to `FunLike.coe_sum x`).
warning: MorganTianLib/Ch02/CovDerivAlongCurve.lean:276:52: `ContinuousLinearMap.coe_smul'` has been deprecated: Use `FunLike.coe_smul` instead

Note: The updated constant is in a different namespace. Dot notation may need to be changed (e.g., from `x.coe_smul'` to `FunLike.coe_smul x`).
warning: MorganTianLib/Ch02/CovDerivAlongCurve.lean:270:8: Overlapping instance parameters in `metricInner_sum_smul_sum_smul`:

⚠️ `[NormedSpace ℝ E]` and `[InnerProductSpace ℝ E]` can be used to infer conflicting versions of `[SMul ℝ E]`.
💡️ Of these, `[NormedSpace ℝ E]` may be removed.
⚠️ `[Module.Finite ℝ E]` and `[FiniteDimensional ℝ E]` each imply `[Module.Finite ℝ E]`.
💡️ Of these, `[Module.Finite ℝ E]` and `[FiniteDimensional ℝ E]` may be removed.

When a data-carrying type class has multiple potential instances coming from different instance parameters, then these potential instances are incompatible. This is an example of an "instance diamond", which leads to unexpected unification failures.

Delete or combine some of your instance parameters to avoid this.

Note: This linter can be disabled with `set_option linter.overlappingInstances false`
warning: MorganTianLib/Ch02/CovDerivAlongCurve.lean:289:8: Overlapping instance parameters in `metricInner_eq_chartMetricInner`:

⚠️ `[NormedSpace ℝ E]` and `[InnerProductSpace ℝ E]` can be used to infer conflicting versions of `[SMul ℝ E]`.
💡️ Of these, `[NormedSpace ℝ E]` may be removed.
⚠️ `[Module.Finite ℝ E]` and `[FiniteDimensional ℝ E]` each imply `[Module.Finite ℝ E]`.
💡️ Of these, `[Module.Finite ℝ E]` and `[FiniteDimensional ℝ E]` may be removed.

When a data-carrying type class has multiple potential instances coming from different instance parameters, then these potential instances are incompatible. This is an example of an "instance diamond", which leads to unexpected unification failures.

Delete or combine some of your instance parameters to avoid this.

Note: This linter can be disabled with `set_option linter.overlappingInstances false`
warning: MorganTianLib/Ch02/CovDerivAlongCurve.lean:316:8: Overlapping instance parameters in `HasCovDerivAlongAt.hasDerivAt_metricInner`:

⚠️ `[NormedSpace ℝ E]` and `[InnerProductSpace ℝ E]` can be used to infer conflicting versions of `[SMul ℝ E]`.
💡️ Of these, `[NormedSpace ℝ E]` may be removed.
⚠️ `[Module.Finite ℝ E]` and `[FiniteDimensional ℝ E]` each imply `[Module.Finite ℝ E]`.
💡️ Of these, `[Module.Finite ℝ E]` and `[FiniteDimensional ℝ E]` may be removed.

When a data-carrying type class has multiple potential instances coming from different instance parameters, then these potential instances are incompatible. This is an example of an "instance diamond", which leads to unexpected unification failures.

Delete or combine some of your instance parameters to avoid this.

Note: This linter can be disabled with `set_option linter.overlappingInstances false`
warning: MorganTianLib/Ch02/CovDerivAlongCurve.lean:379:4: Overlapping instance parameters in `IsParallelAlong`:

⚠️ `[NormedSpace ℝ E]` and `[InnerProductSpace ℝ E]` can be used to infer conflicting versions of `[SMul ℝ E]`.
💡️ Of these, `[NormedSpace ℝ E]` may be removed.
⚠️ `[Module.Finite ℝ E]` and `[FiniteDimensional ℝ E]` each imply `[Module.Finite ℝ E]`.
💡️ Of these, `[Module.Finite ℝ E]` and `[FiniteDimensional ℝ E]` may be removed.

When a data-carrying type class has multiple potential instances coming from different instance parameters, then these potential instances are incompatible. This is an example of an "instance diamond", which leads to unexpected unification failures.

Delete or combine some of your instance parameters to avoid this.

Note: This linter can be disabled with `set_option linter.overlappingInstances false`
warning: MorganTianLib/Ch02/CovDerivAlongCurve.lean:385:8: Overlapping instance parameters in `IsParallelAlong.hasDerivAt_metricInner_zero`:

⚠️ `[NormedSpace ℝ E]` and `[InnerProductSpace ℝ E]` can be used to infer conflicting versions of `[SMul ℝ E]`.
💡️ Of these, `[NormedSpace ℝ E]` may be removed.
⚠️ `[Module.Finite ℝ E]` and `[FiniteDimensional ℝ E]` each imply `[Module.Finite ℝ E]`.
💡️ Of these, `[Module.Finite ℝ E]` and `[FiniteDimensional ℝ E]` may be removed.

When a data-carrying type class has multiple potential instances coming from different instance parameters, then these potential instances are incompatible. This is an example of an "instance diamond", which leads to unexpected unification failures.

Delete or combine some of your instance parameters to avoid this.

Note: This linter can be disabled with `set_option linter.overlappingInstances false`
warning: MorganTianLib/Ch02/CovDerivAlongCurve.lean:400:8: Overlapping instance parameters in `IsParallelAlong.metricInner_eq`:

⚠️ `[NormedSpace ℝ E]` and `[InnerProductSpace ℝ E]` can be used to infer conflicting versions of `[SMul ℝ E]`.
💡️ Of these, `[NormedSpace ℝ E]` may be removed.
⚠️ `[Module.Finite ℝ E]` and `[FiniteDimensional ℝ E]` each imply `[Module.Finite ℝ E]`.
💡️ Of these, `[Module.Finite ℝ E]` and `[FiniteDimensional ℝ E]` may be removed.

When a data-carrying type class has multiple potential instances coming from different instance parameters, then these potential instances are incompatible. This is an example of an "instance diamond", which leads to unexpected unification failures.

Delete or combine some of your instance parameters to avoid this.

Note: This linter can be disabled with `set_option linter.overlappingInstances false`
warning: MorganTianLib/Ch02/CovDerivAlongCurve.lean:412:8: Overlapping instance parameters in `IsParallelAlong.apply_eq`:

⚠️ `[NormedSpace ℝ E]` and `[InnerProductSpace ℝ E]` can be used to infer conflicting versions of `[SMul ℝ E]`.
💡️ Of these, `[NormedSpace ℝ E]` may be removed.
⚠️ `[Module.Finite ℝ E]` and `[FiniteDimensional ℝ E]` each imply `[Module.Finite ℝ E]`.
💡️ Of these, `[Module.Finite ℝ E]` and `[FiniteDimensional ℝ E]` may be removed.

When a data-carrying type class has multiple potential instances coming from different instance parameters, then these potential instances are incompatible. This is an example of an "instance diamond", which leads to unexpected unification failures.

Delete or combine some of your instance parameters to avoid this.

Note: This linter can be disabled with `set_option linter.overlappingInstances false`
warning: MorganTianLib/Ch02/CovDerivAlongCurve.lean:433:4: Overlapping instance parameters in `curveVelocityCoord`:

⚠️ `[NormedSpace ℝ E]` and `[InnerProductSpace ℝ E]` can be used to infer conflicting versions of `[SMul ℝ E]`.
💡️ Of these, `[NormedSpace ℝ E]` may be removed.
⚠️ `[Module.Finite ℝ E]` and `[FiniteDimensional ℝ E]` each imply `[Module.Finite ℝ E]`.
💡️ Of these, `[Module.Finite ℝ E]` and `[FiniteDimensional ℝ E]` may be removed.

When a data-carrying type class has multiple potential instances coming from different instance parameters, then these potential instances are incompatible. This is an example of an "instance diamond", which leads to unexpected unification failures.

Delete or combine some of your instance parameters to avoid this.

Note: This linter can be disabled with `set_option linter.overlappingInstances false`
warning: MorganTianLib/Ch02/CovDerivAlongCurve.lean:436:16: Overlapping instance parameters in `curveVelocityCoord_def`:

⚠️ `[NormedSpace ℝ E]` and `[InnerProductSpace ℝ E]` can be used to infer conflicting versions of `[SMul ℝ E]`.
💡️ Of these, `[NormedSpace ℝ E]` may be removed.
⚠️ `[Module.Finite ℝ E]` and `[FiniteDimensional ℝ E]` each imply `[Module.Finite ℝ E]`.
💡️ Of these, `[Module.Finite ℝ E]` and `[FiniteDimensional ℝ E]` may be removed.

When a data-carrying type class has multiple potential instances coming from different instance parameters, then these potential instances are incompatible. This is an example of an "instance diamond", which leads to unexpected unification failures.

Delete or combine some of your instance parameters to avoid this.

Note: This linter can be disabled with `set_option linter.overlappingInstances false`
warning: MorganTianLib/Ch02/CovDerivAlongCurve.lean:443:4: Overlapping instance parameters in `curveVelocity`:

⚠️ `[NormedSpace ℝ E]` and `[InnerProductSpace ℝ E]` can be used to infer conflicting versions of `[SMul ℝ E]`.
💡️ Of these, `[NormedSpace ℝ E]` may be removed.
⚠️ `[Module.Finite ℝ E]` and `[FiniteDimensional ℝ E]` each imply `[Module.Finite ℝ E]`.
💡️ Of these, `[Module.Finite ℝ E]` and `[FiniteDimensional ℝ E]` may be removed.

When a data-carrying type class has multiple potential instances coming from different instance parameters, then these potential instances are incompatible. This is an example of an "instance diamond", which leads to unexpected unification failures.

Delete or combine some of your instance parameters to avoid this.

Note: This linter can be disabled with `set_option linter.overlappingInstances false`
warning: MorganTianLib/Ch02/CovDerivAlongCurve.lean:446:16: Overlapping instance parameters in `curveVelocity_def`:

⚠️ `[NormedSpace ℝ E]` and `[InnerProductSpace ℝ E]` can be used to infer conflicting versions of `[SMul ℝ E]`.
💡️ Of these, `[NormedSpace ℝ E]` may be removed.
⚠️ `[Module.Finite ℝ E]` and `[FiniteDimensional ℝ E]` each imply `[Module.Finite ℝ E]`.
💡️ Of these, `[Module.Finite ℝ E]` and `[FiniteDimensional ℝ E]` may be removed.

When a data-carrying type class has multiple potential instances coming from different instance parameters, then these potential instances are incompatible. This is an example of an "instance diamond", which leads to unexpected unification failures.

Delete or combine some of your instance parameters to avoid this.

Note: This linter can be disabled with `set_option linter.overlappingInstances false`
warning: MorganTianLib/Ch02/CovDerivAlongCurve.lean:454:8: Overlapping instance parameters in `hasDerivAt_extChartAt_comp`:

⚠️ `[NormedSpace ℝ E]` and `[InnerProductSpace ℝ E]` can be used to infer conflicting versions of `[SMul ℝ E]`.
💡️ Of these, `[NormedSpace ℝ E]` may be removed.
⚠️ `[Module.Finite ℝ E]` and `[FiniteDimensional ℝ E]` each imply `[Module.Finite ℝ E]`.
💡️ Of these, `[Module.Finite ℝ E]` and `[FiniteDimensional ℝ E]` may be removed.

When a data-carrying type class has multiple potential instances coming from different instance parameters, then these potential instances are incompatible. This is an example of an "instance diamond", which leads to unexpected unification failures.

Delete or combine some of your instance parameters to avoid this.

Note: This linter can be disabled with `set_option linter.overlappingInstances false`
warning: MorganTianLib/Ch02/CovDerivAlongCurve.lean:477:8: Overlapping instance parameters in `chartFieldCoord_curveVelocity_eq`:

⚠️ `[NormedSpace ℝ E]` and `[InnerProductSpace ℝ E]` can be used to infer conflicting versions of `[SMul ℝ E]`.
💡️ Of these, `[NormedSpace ℝ E]` may be removed.
⚠️ `[Module.Finite ℝ E]` and `[FiniteDimensional ℝ E]` each imply `[Module.Finite ℝ E]`.
💡️ Of these, `[Module.Finite ℝ E]` and `[FiniteDimensional ℝ E]` may be removed.

When a data-carrying type class has multiple potential instances coming from different instance parameters, then these potential instances are incompatible. This is an example of an "instance diamond", which leads to unexpected unification failures.

Delete or combine some of your instance parameters to avoid this.

Note: This linter can be disabled with `set_option linter.overlappingInstances false`
warning: MorganTianLib/Ch02/CovDerivAlongCurve.lean:500:8: Overlapping instance parameters in `hasGeodesicEquationAt_iff_hasCovDerivAlongAt_velocity_zero`:

⚠️ `[NormedSpace ℝ E]` and `[InnerProductSpace ℝ E]` can be used to infer conflicting versions of `[SMul ℝ E]`.
💡️ Of these, `[NormedSpace ℝ E]` may be removed.
⚠️ `[Module.Finite ℝ E]` and `[FiniteDimensional ℝ E]` each imply `[Module.Finite ℝ E]`.
💡️ Of these, `[Module.Finite ℝ E]` and `[FiniteDimensional ℝ E]` may be removed.

When a data-carrying type class has multiple potential instances coming from different instance parameters, then these potential instances are incompatible. This is an example of an "instance diamond", which leads to unexpected unification failures.

Delete or combine some of your instance parameters to avoid this.

Note: This linter can be disabled with `set_option linter.overlappingInstances false`
warning: MorganTianLib/Ch02/CovDerivAlongCurve.lean:527:4: Overlapping instance parameters in `fieldRep`:

⚠️ `[NormedSpace ℝ E]` and `[InnerProductSpace ℝ E]` can be used to infer conflicting versions of `[SMul ℝ E]`.
💡️ Of these, `[NormedSpace ℝ E]` may be removed.
⚠️ `[Module.Finite ℝ E]` and `[FiniteDimensional ℝ E]` each imply `[Module.Finite ℝ E]`.
💡️ Of these, `[Module.Finite ℝ E]` and `[FiniteDimensional ℝ E]` may be removed.

When a data-carrying type class has multiple potential instances coming from different instance parameters, then these potential instances are incompatible. This is an example of an "instance diamond", which leads to unexpected unification failures.

Delete or combine some of your instance parameters to avoid this.

Note: This linter can be disabled with `set_option linter.overlappingInstances false`
warning: MorganTianLib/Ch02/CovDerivAlongCurve.lean:530:16: Overlapping instance parameters in `fieldRep_def`:

⚠️ `[NormedSpace ℝ E]` and `[InnerProductSpace ℝ E]` can be used to infer conflicting versions of `[SMul ℝ E]`.
💡️ Of these, `[NormedSpace ℝ E]` may be removed.
⚠️ `[Module.Finite ℝ E]` and `[FiniteDimensional ℝ E]` each imply `[Module.Finite ℝ E]`.
💡️ Of these, `[Module.Finite ℝ E]` and `[FiniteDimensional ℝ E]` may be removed.

When a data-carrying type class has multiple potential instances coming from different instance parameters, then these potential instances are incompatible. This is an example of an "instance diamond", which leads to unexpected unification failures.

Delete or combine some of your instance parameters to avoid this.

Note: This linter can be disabled with `set_option linter.overlappingInstances false`
warning: MorganTianLib/Ch02/CovDerivAlongCurve.lean:536:4: Overlapping instance parameters in `fieldChartRep`:

⚠️ `[NormedSpace ℝ E]` and `[InnerProductSpace ℝ E]` can be used to infer conflicting versions of `[SMul ℝ E]`.
💡️ Of these, `[NormedSpace ℝ E]` may be removed.
⚠️ `[Module.Finite ℝ E]` and `[FiniteDimensional ℝ E]` each imply `[Module.Finite ℝ E]`.
💡️ Of these, `[Module.Finite ℝ E]` and `[FiniteDimensional ℝ E]` may be removed.

When a data-carrying type class has multiple potential instances coming from different instance parameters, then these potential instances are incompatible. This is an example of an "instance diamond", which leads to unexpected unification failures.

Delete or combine some of your instance parameters to avoid this.

Note: This linter can be disabled with `set_option linter.overlappingInstances false`
warning: MorganTianLib/Ch02/CovDerivAlongCurve.lean:539:16: Overlapping instance parameters in `fieldChartRep_def`:

⚠️ `[NormedSpace ℝ E]` and `[InnerProductSpace ℝ E]` can be used to infer conflicting versions of `[SMul ℝ E]`.
💡️ Of these, `[NormedSpace ℝ E]` may be removed.
⚠️ `[Module.Finite ℝ E]` and `[FiniteDimensional ℝ E]` each imply `[Module.Finite ℝ E]`.
💡️ Of these, `[Module.Finite ℝ E]` and `[FiniteDimensional ℝ E]` may be removed.

When a data-carrying type class has multiple potential instances coming from different instance parameters, then these potential instances are incompatible. This is an example of an "instance diamond", which leads to unexpected unification failures.

Delete or combine some of your instance parameters to avoid this.

Note: This linter can be disabled with `set_option linter.overlappingInstances false`
warning: MorganTianLib/Ch02/CovDerivAlongCurve.lean:546:8: Overlapping instance parameters in `contMDiffAt_fieldRep`:

⚠️ `[NormedSpace ℝ E]` and `[InnerProductSpace ℝ E]` can be used to infer conflicting versions of `[SMul ℝ E]`.
💡️ Of these, `[NormedSpace ℝ E]` may be removed.
⚠️ `[Module.Finite ℝ E]` and `[FiniteDimensional ℝ E]` each imply `[Module.Finite ℝ E]`.
💡️ Of these, `[Module.Finite ℝ E]` and `[FiniteDimensional ℝ E]` may be removed.

When a data-carrying type class has multiple potential instances coming from different instance parameters, then these potential instances are incompatible. This is an example of an "instance diamond", which leads to unexpected unification failures.

Delete or combine some of your instance parameters to avoid this.

Note: This linter can be disabled with `set_option linter.overlappingInstances false`
warning: MorganTianLib/Ch02/CovDerivAlongCurve.lean:552:8: Overlapping instance parameters in `contDiffAt_fieldChartRep`:

⚠️ `[NormedSpace ℝ E]` and `[InnerProductSpace ℝ E]` can be used to infer conflicting versions of `[SMul ℝ E]`.
💡️ Of these, `[NormedSpace ℝ E]` may be removed.
⚠️ `[Module.Finite ℝ E]` and `[FiniteDimensional ℝ E]` each imply `[Module.Finite ℝ E]`.
💡️ Of these, `[Module.Finite ℝ E]` and `[FiniteDimensional ℝ E]` may be removed.

When a data-carrying type class has multiple potential instances coming from different instance parameters, then these potential instances are incompatible. This is an example of an "instance diamond", which leads to unexpected unification failures.

Delete or combine some of your instance parameters to avoid this.

Note: This linter can be disabled with `set_option linter.overlappingInstances false`
warning: MorganTianLib/Ch02/CovDerivAlongCurve.lean:572:8: Overlapping instance parameters in `hasCovDerivAlongAt_comp`:

⚠️ `[NormedSpace ℝ E]` and `[InnerProductSpace ℝ E]` can be used to infer conflicting versions of `[SMul ℝ E]`.
💡️ Of these, `[NormedSpace ℝ E]` may be removed.
⚠️ `[Module.Finite ℝ E]` and `[FiniteDimensional ℝ E]` each imply `[Module.Finite ℝ E]`.
💡️ Of these, `[Module.Finite ℝ E]` and `[FiniteDimensional ℝ E]` may be removed.

When a data-carrying type class has multiple potential instances coming from different instance parameters, then these potential instances are incompatible. This is an example of an "instance diamond", which leads to unexpected unification failures.

Delete or combine some of your instance parameters to avoid this.

Note: This linter can be disabled with `set_option linter.overlappingInstances false`
warning: MorganTianLib/Ch02/CovDerivAlongCurve.lean:613:8: Overlapping instance parameters in `chartBasisVecFiber_self`:

⚠️ `[NormedSpace ℝ E]` and `[InnerProductSpace ℝ E]` can be used to infer conflicting versions of `[SMul ℝ E]`.
💡️ Of these, `[NormedSpace ℝ E]` may be removed.
⚠️ `[Module.Finite ℝ E]` and `[FiniteDimensional ℝ E]` each imply `[Module.Finite ℝ E]`.
💡️ Of these, `[Module.Finite ℝ E]` and `[FiniteDimensional ℝ E]` may be removed.

When a data-carrying type class has multiple potential instances coming from different instance parameters, then these potential instances are incompatible. This is an example of an "instance diamond", which leads to unexpected unification failures.

Delete or combine some of your instance parameters to avoid this.

Note: This linter can be disabled with `set_option linter.overlappingInstances false`
⚠ [3068/3195] Replayed CurveControl.Geometry.Basic
warning: CurveControl/Geometry/Basic.lean:29:4: Overlapping instance parameters in `IsClosedCurve`:

⚠️ `[NormedSpace ℝ E]` and `[InnerProductSpace ℝ E]` can be used to infer conflicting versions of `[SMul ℝ E]`.
💡️ Of these, `[NormedSpace ℝ E]` may be removed.
⚠️ `[Module.Finite ℝ E]` and `[FiniteDimensional ℝ E]` each imply `[Module.Finite ℝ E]`.
💡️ Of these, `[Module.Finite ℝ E]` and `[FiniteDimensional ℝ E]` may be removed.

When a data-carrying type class has multiple potential instances coming from different instance parameters, then these potential instances are incompatible. This is an example of an "instance diamond", which leads to unexpected unification failures.

Delete or combine some of your instance parameters to avoid this.

Note: This linter can be disabled with `set_option linter.overlappingInstances false`
warning: CurveControl/Geometry/Basic.lean:28:0: docstring should start with **Math.**, **Eng.**, or **Mixed.** (got: "Period-one closure of the spatial parame…")

Note: This linter can be disabled with `set_option linter.shared.mathTag false`
warning: CurveControl/Geometry/Basic.lean:32:4: Overlapping instance parameters in `curveSpeed`:

⚠️ `[NormedSpace ℝ E]` and `[InnerProductSpace ℝ E]` can be used to infer conflicting versions of `[SMul ℝ E]`.
💡️ Of these, `[NormedSpace ℝ E]` may be removed.
⚠️ `[Module.Finite ℝ E]` and `[FiniteDimensional ℝ E]` each imply `[Module.Finite ℝ E]`.
💡️ Of these, `[Module.Finite ℝ E]` and `[FiniteDimensional ℝ E]` may be removed.

When a data-carrying type class has multiple potential instances coming from different instance parameters, then these potential instances are incompatible. This is an example of an "instance diamond", which leads to unexpected unification failures.

Delete or combine some of your instance parameters to avoid this.

Note: This linter can be disabled with `set_option linter.overlappingInstances false`
warning: CurveControl/Geometry/Basic.lean:31:0: docstring should start with **Math.**, **Eng.**, or **Mixed.** (got: "Speed for the actual Riemannian metric a…")

Note: This linter can be disabled with `set_option linter.shared.mathTag false`
warning: CurveControl/Geometry/Basic.lean:37:4: Overlapping instance parameters in `unitTangent`:

⚠️ `[NormedSpace ℝ E]` and `[InnerProductSpace ℝ E]` can be used to infer conflicting versions of `[SMul ℝ E]`.
💡️ Of these, `[NormedSpace ℝ E]` may be removed.
⚠️ `[Module.Finite ℝ E]` and `[FiniteDimensional ℝ E]` each imply `[Module.Finite ℝ E]`.
💡️ Of these, `[Module.Finite ℝ E]` and `[FiniteDimensional ℝ E]` may be removed.

When a data-carrying type class has multiple potential instances coming from different instance parameters, then these potential instances are incompatible. This is an example of an "instance diamond", which leads to unexpected unification failures.

Delete or combine some of your instance parameters to avoid this.

Note: This linter can be disabled with `set_option linter.overlappingInstances false`
warning: CurveControl/Geometry/Basic.lean:36:0: docstring should start with **Math.**, **Eng.**, or **Mixed.** (got: "Unit spatial tangent, meaningful when th…")

Note: This linter can be disabled with `set_option linter.shared.mathTag false`
warning: CurveControl/Geometry/Basic.lean:42:4: Overlapping instance parameters in `covDerivAlong`:

⚠️ `[NormedSpace ℝ E]` and `[InnerProductSpace ℝ E]` can be used to infer conflicting versions of `[SMul ℝ E]`.
💡️ Of these, `[NormedSpace ℝ E]` may be removed.
⚠️ `[Module.Finite ℝ E]` and `[FiniteDimensional ℝ E]` each imply `[Module.Finite ℝ E]`.
💡️ Of these, `[Module.Finite ℝ E]` and `[FiniteDimensional ℝ E]` may be removed.

When a data-carrying type class has multiple potential instances coming from different instance parameters, then these potential instances are incompatible. This is an example of an "instance diamond", which leads to unexpected unification failures.

Delete or combine some of your instance parameters to avoid this.

Note: This linter can be disabled with `set_option linter.overlappingInstances false`
warning: CurveControl/Geometry/Basic.lean:41:0: docstring should start with **Math.**, **Eng.**, or **Mixed.** (got: "Actual covariant derivative in the movin…")

Note: This linter can be disabled with `set_option linter.shared.mathTag false`
warning: CurveControl/Geometry/Basic.lean:50:0: automatically included section variable(s) unused in theorem `CurveControl.Geometry.covDerivAlong_eq_of_hasCovDeriv`:
  [InnerProductSpace ℝ E]
  [Module.Finite ℝ E]
  [NeZero (Module.finrank ℝ E)]
  [I.Boundaryless]
consider restructuring your `variable` declarations so that the variables are not in scope or explicitly omit them:
  omit [InnerProductSpace ℝ E] [Module.Finite ℝ E] [NeZero (Module.finrank ℝ E)] [I.Boundaryless] in theorem ...

Note: This linter can be disabled with `set_option linter.unusedSectionVars false`
warning: CurveControl/Geometry/Basic.lean:50:8: Overlapping instance parameters in `covDerivAlong_eq_of_hasCovDeriv`:

⚠️ `[NormedSpace ℝ E]` and `[InnerProductSpace ℝ E]` can be used to infer conflicting versions of `[SMul ℝ E]`.
💡️ Of these, `[NormedSpace ℝ E]` may be removed.
⚠️ `[Module.Finite ℝ E]` and `[FiniteDimensional ℝ E]` each imply `[Module.Finite ℝ E]`.
💡️ Of these, `[Module.Finite ℝ E]` and `[FiniteDimensional ℝ E]` may be removed.

When a data-carrying type class has multiple potential instances coming from different instance parameters, then these potential instances are incompatible. This is an example of an "instance diamond", which leads to unexpected unification failures.

Delete or combine some of your instance parameters to avoid this.

Note: This linter can be disabled with `set_option linter.overlappingInstances false`
warning: CurveControl/Geometry/Basic.lean:49:0: docstring should start with **Math.**, **Eng.**, or **Mixed.** (got: "Identifies the totalized derivative with…")

Note: This linter can be disabled with `set_option linter.shared.mathTag false`
warning: CurveControl/Geometry/Basic.lean:60:4: Overlapping instance parameters in `curvatureVector`:

⚠️ `[NormedSpace ℝ E]` and `[InnerProductSpace ℝ E]` can be used to infer conflicting versions of `[SMul ℝ E]`.
💡️ Of these, `[NormedSpace ℝ E]` may be removed.
⚠️ `[Module.Finite ℝ E]` and `[FiniteDimensional ℝ E]` each imply `[Module.Finite ℝ E]`.
💡️ Of these, `[Module.Finite ℝ E]` and `[FiniteDimensional ℝ E]` may be removed.

When a data-carrying type class has multiple potential instances coming from different instance parameters, then these potential instances are incompatible. This is an example of an "instance diamond", which leads to unexpected unification failures.

Delete or combine some of your instance parameters to avoid this.

Note: This linter can be disabled with `set_option linter.overlappingInstances false`
warning: CurveControl/Geometry/Basic.lean:59:0: docstring should start with **Math.**, **Eng.**, or **Mixed.** (got: "Curvature vector `∇ₛS = speed⁻¹ ∇ₓS`.…")

Note: This linter can be disabled with `set_option linter.shared.mathTag false`
warning: CurveControl/Geometry/Basic.lean:65:4: Overlapping instance parameters in `curvatureSq`:

⚠️ `[NormedSpace ℝ E]` and `[InnerProductSpace ℝ E]` can be used to infer conflicting versions of `[SMul ℝ E]`.
💡️ Of these, `[NormedSpace ℝ E]` may be removed.
⚠️ `[Module.Finite ℝ E]` and `[FiniteDimensional ℝ E]` each imply `[Module.Finite ℝ E]`.
💡️ Of these, `[Module.Finite ℝ E]` and `[FiniteDimensional ℝ E]` may be removed.

When a data-carrying type class has multiple potential instances coming from different instance parameters, then these potential instances are incompatible. This is an example of an "instance diamond", which leads to unexpected unification failures.

Delete or combine some of your instance parameters to avoid this.

Note: This linter can be disabled with `set_option linter.overlappingInstances false`
warning: CurveControl/Geometry/Basic.lean:64:0: docstring should start with **Math.**, **Eng.**, or **Mixed.** (got: "Squared norm of the curvature vector.…")

Note: This linter can be disabled with `set_option linter.shared.mathTag false`
warning: CurveControl/Geometry/Basic.lean:68:4: Overlapping instance parameters in `curvature`:

⚠️ `[NormedSpace ℝ E]` and `[InnerProductSpace ℝ E]` can be used to infer conflicting versions of `[SMul ℝ E]`.
💡️ Of these, `[NormedSpace ℝ E]` may be removed.
⚠️ `[Module.Finite ℝ E]` and `[FiniteDimensional ℝ E]` each imply `[Module.Finite ℝ E]`.
💡️ Of these, `[Module.Finite ℝ E]` and `[FiniteDimensional ℝ E]` may be removed.

When a data-carrying type class has multiple potential instances coming from different instance parameters, then these potential instances are incompatible. This is an example of an "instance diamond", which leads to unexpected unification failures.

Delete or combine some of your instance parameters to avoid this.

Note: This linter can be disabled with `set_option linter.overlappingInstances false`
warning: CurveControl/Geometry/Basic.lean:72:4: Overlapping instance parameters in `regularizedCurvature`:

⚠️ `[NormedSpace ℝ E]` and `[InnerProductSpace ℝ E]` can be used to infer conflicting versions of `[SMul ℝ E]`.
💡️ Of these, `[NormedSpace ℝ E]` may be removed.
⚠️ `[Module.Finite ℝ E]` and `[FiniteDimensional ℝ E]` each imply `[Module.Finite ℝ E]`.
💡️ Of these, `[Module.Finite ℝ E]` and `[FiniteDimensional ℝ E]` may be removed.

When a data-carrying type class has multiple potential instances coming from different instance parameters, then these potential instances are incompatible. This is an example of an "instance diamond", which leads to unexpected unification failures.

Delete or combine some of your instance parameters to avoid this.

Note: This linter can be disabled with `set_option linter.overlappingInstances false`
warning: CurveControl/Geometry/Basic.lean:71:0: docstring should start with **Math.**, **Eng.**, or **Mixed.** (got: "Regularization that remains meaningful a…")

Note: This linter can be disabled with `set_option linter.shared.mathTag false`
warning: CurveControl/Geometry/Basic.lean:76:4: Overlapping instance parameters in `curveLength`:

⚠️ `[NormedSpace ℝ E]` and `[InnerProductSpace ℝ E]` can be used to infer conflicting versions of `[SMul ℝ E]`.
💡️ Of these, `[NormedSpace ℝ E]` may be removed.
⚠️ `[Module.Finite ℝ E]` and `[FiniteDimensional ℝ E]` each imply `[Module.Finite ℝ E]`.
💡️ Of these, `[Module.Finite ℝ E]` and `[FiniteDimensional ℝ E]` may be removed.

When a data-carrying type class has multiple potential instances coming from different instance parameters, then these potential instances are incompatible. This is an example of an "instance diamond", which leads to unexpected unification failures.

Delete or combine some of your instance parameters to avoid this.

Note: This linter can be disabled with `set_option linter.overlappingInstances false`
warning: CurveControl/Geometry/Basic.lean:75:0: docstring should start with **Math.**, **Eng.**, or **Mixed.** (got: "Length over one parameter period; integr…")

Note: This linter can be disabled with `set_option linter.shared.mathTag false`
warning: CurveControl/Geometry/Basic.lean:80:4: Overlapping instance parameters in `totalCurvature`:

⚠️ `[NormedSpace ℝ E]` and `[InnerProductSpace ℝ E]` can be used to infer conflicting versions of `[SMul ℝ E]`.
💡️ Of these, `[NormedSpace ℝ E]` may be removed.
⚠️ `[Module.Finite ℝ E]` and `[FiniteDimensional ℝ E]` each imply `[Module.Finite ℝ E]`.
💡️ Of these, `[Module.Finite ℝ E]` and `[FiniteDimensional ℝ E]` may be removed.

When a data-carrying type class has multiple potential instances coming from different instance parameters, then these potential instances are incompatible. This is an example of an "instance diamond", which leads to unexpected unification failures.

Delete or combine some of your instance parameters to avoid this.

Note: This linter can be disabled with `set_option linter.overlappingInstances false`
warning: CurveControl/Geometry/Basic.lean:79:0: docstring should start with **Math.**, **Eng.**, or **Mixed.** (got: "Total curvature with the actual arc-leng…")

Note: This linter can be disabled with `set_option linter.shared.mathTag false`
warning: CurveControl/Geometry/Basic.lean:84:4: Overlapping instance parameters in `regularizedTotalCurvature`:

⚠️ `[NormedSpace ℝ E]` and `[InnerProductSpace ℝ E]` can be used to infer conflicting versions of `[SMul ℝ E]`.
💡️ Of these, `[NormedSpace ℝ E]` may be removed.
⚠️ `[Module.Finite ℝ E]` and `[FiniteDimensional ℝ E]` each imply `[Module.Finite ℝ E]`.
💡️ Of these, `[Module.Finite ℝ E]` and `[FiniteDimensional ℝ E]` may be removed.

When a data-carrying type class has multiple potential instances coming from different instance parameters, then these potential instances are incompatible. This is an example of an "instance diamond", which leads to unexpected unification failures.

Delete or combine some of your instance parameters to avoid this.

Note: This linter can be disabled with `set_option linter.overlappingInstances false`
warning: CurveControl/Geometry/Basic.lean:83:0: docstring should start with **Math.**, **Eng.**, or **Mixed.** (got: "Regularized total curvature with the act…")

Note: This linter can be disabled with `set_option linter.shared.mathTag false`
warning: CurveControl/Geometry/Basic.lean:89:4: Overlapping instance parameters in `curvatureEnergy`:

⚠️ `[NormedSpace ℝ E]` and `[InnerProductSpace ℝ E]` can be used to infer conflicting versions of `[SMul ℝ E]`.
💡️ Of these, `[NormedSpace ℝ E]` may be removed.
⚠️ `[Module.Finite ℝ E]` and `[FiniteDimensional ℝ E]` each imply `[Module.Finite ℝ E]`.
💡️ Of these, `[Module.Finite ℝ E]` and `[FiniteDimensional ℝ E]` may be removed.

When a data-carrying type class has multiple potential instances coming from different instance parameters, then these potential instances are incompatible. This is an example of an "instance diamond", which leads to unexpected unification failures.

Delete or combine some of your instance parameters to avoid this.

Note: This linter can be disabled with `set_option linter.overlappingInstances false`
warning: CurveControl/Geometry/Basic.lean:88:0: docstring should start with **Math.**, **Eng.**, or **Mixed.** (got: "Integral of squared curvature against ar…")

Note: This linter can be disabled with `set_option linter.shared.mathTag false`
warning: CurveControl/Geometry/Basic.lean:92:0: automatically included section variable(s) unused in theorem `CurveControl.Geometry.curveSpeed_nonneg`:
  [InnerProductSpace ℝ E]
  [Module.Finite ℝ E]
  [FiniteDimensional ℝ E]
  [NeZero (Module.finrank ℝ E)]
  [I.Boundaryless]
consider restructuring your `variable` declarations so that the variables are not in scope or explicitly omit them:
  omit [InnerProductSpace ℝ
  E] [Module.Finite ℝ E] [FiniteDimensional ℝ E] [NeZero (Module.finrank ℝ E)] [I.Boundaryless] in theorem ...

Note: This linter can be disabled with `set_option linter.unusedSectionVars false`
warning: CurveControl/Geometry/Basic.lean:92:8: Overlapping instance parameters in `curveSpeed_nonneg`:

⚠️ `[NormedSpace ℝ E]` and `[InnerProductSpace ℝ E]` can be used to infer conflicting versions of `[SMul ℝ E]`.
💡️ Of these, `[NormedSpace ℝ E]` may be removed.
⚠️ `[Module.Finite ℝ E]` and `[FiniteDimensional ℝ E]` each imply `[Module.Finite ℝ E]`.
💡️ Of these, `[Module.Finite ℝ E]` and `[FiniteDimensional ℝ E]` may be removed.

When a data-carrying type class has multiple potential instances coming from different instance parameters, then these potential instances are incompatible. This is an example of an "instance diamond", which leads to unexpected unification failures.

Delete or combine some of your instance parameters to avoid this.

Note: This linter can be disabled with `set_option linter.overlappingInstances false`
warning: CurveControl/Geometry/Basic.lean:95:0: automatically included section variable(s) unused in theorem `CurveControl.Geometry.curveSpeed_sq`:
  [InnerProductSpace ℝ E]
  [Module.Finite ℝ E]
  [FiniteDimensional ℝ E]
  [NeZero (Module.finrank ℝ E)]
  [I.Boundaryless]
consider restructuring your `variable` declarations so that the variables are not in scope or explicitly omit them:
  omit [InnerProductSpace ℝ
  E] [Module.Finite ℝ E] [FiniteDimensional ℝ E] [NeZero (Module.finrank ℝ E)] [I.Boundaryless] in theorem ...

Note: This linter can be disabled with `set_option linter.unusedSectionVars false`
warning: CurveControl/Geometry/Basic.lean:95:8: Overlapping instance parameters in `curveSpeed_sq`:

⚠️ `[NormedSpace ℝ E]` and `[InnerProductSpace ℝ E]` can be used to infer conflicting versions of `[SMul ℝ E]`.
💡️ Of these, `[NormedSpace ℝ E]` may be removed.
⚠️ `[Module.Finite ℝ E]` and `[FiniteDimensional ℝ E]` each imply `[Module.Finite ℝ E]`.
💡️ Of these, `[Module.Finite ℝ E]` and `[FiniteDimensional ℝ E]` may be removed.

When a data-carrying type class has multiple potential instances coming from different instance parameters, then these potential instances are incompatible. This is an example of an "instance diamond", which leads to unexpected unification failures.

Delete or combine some of your instance parameters to avoid this.

Note: This linter can be disabled with `set_option linter.overlappingInstances false`
warning: CurveControl/Geometry/Basic.lean:100:0: automatically included section variable(s) unused in theorem `CurveControl.Geometry.curveSpeed_pos`:
  [InnerProductSpace ℝ E]
  [Module.Finite ℝ E]
  [FiniteDimensional ℝ E]
  [NeZero (Module.finrank ℝ E)]
  [I.Boundaryless]
consider restructuring your `variable` declarations so that the variables are not in scope or explicitly omit them:
  omit [InnerProductSpace ℝ
  E] [Module.Finite ℝ E] [FiniteDimensional ℝ E] [NeZero (Module.finrank ℝ E)] [I.Boundaryless] in theorem ...

Note: This linter can be disabled with `set_option linter.unusedSectionVars false`
warning: CurveControl/Geometry/Basic.lean:100:8: Overlapping instance parameters in `curveSpeed_pos`:

⚠️ `[NormedSpace ℝ E]` and `[InnerProductSpace ℝ E]` can be used to infer conflicting versions of `[SMul ℝ E]`.
💡️ Of these, `[NormedSpace ℝ E]` may be removed.
⚠️ `[Module.Finite ℝ E]` and `[FiniteDimensional ℝ E]` each imply `[Module.Finite ℝ E]`.
💡️ Of these, `[Module.Finite ℝ E]` and `[FiniteDimensional ℝ E]` may be removed.

When a data-carrying type class has multiple potential instances coming from different instance parameters, then these potential instances are incompatible. This is an example of an "instance diamond", which leads to unexpected unification failures.

Delete or combine some of your instance parameters to avoid this.

Note: This linter can be disabled with `set_option linter.overlappingInstances false`
warning: CurveControl/Geometry/Basic.lean:104:0: automatically included section variable(s) unused in theorem `CurveControl.Geometry.unitTangent_unit`:
  [Module.Finite ℝ E]
consider restructuring your `variable` declarations so that the variables are not in scope or explicitly omit them:
  omit [Module.Finite ℝ E] in theorem ...

Note: This linter can be disabled with `set_option linter.unusedSectionVars false`
warning: CurveControl/Geometry/Basic.lean:104:8: Overlapping instance parameters in `unitTangent_unit`:

⚠️ `[NormedSpace ℝ E]` and `[InnerProductSpace ℝ E]` can be used to infer conflicting versions of `[SMul ℝ E]`.
💡️ Of these, `[NormedSpace ℝ E]` may be removed.
⚠️ `[Module.Finite ℝ E]` and `[FiniteDimensional ℝ E]` each imply `[Module.Finite ℝ E]`.
💡️ Of these, `[Module.Finite ℝ E]` and `[FiniteDimensional ℝ E]` may be removed.

When a data-carrying type class has multiple potential instances coming from different instance parameters, then these potential instances are incompatible. This is an example of an "instance diamond", which leads to unexpected unification failures.

Delete or combine some of your instance parameters to avoid this.

Note: This linter can be disabled with `set_option linter.overlappingInstances false`
warning: CurveControl/Geometry/Basic.lean:112:0: automatically included section variable(s) unused in theorem `CurveControl.Geometry.curvatureSq_nonneg`:
  [InnerProductSpace ℝ E]
  [Module.Finite ℝ E]
  [NeZero (Module.finrank ℝ E)]
  [I.Boundaryless]
consider restructuring your `variable` declarations so that the variables are not in scope or explicitly omit them:
  omit [InnerProductSpace ℝ E] [Module.Finite ℝ E] [NeZero (Module.finrank ℝ E)] [I.Boundaryless] in theorem ...

Note: This linter can be disabled with `set_option linter.unusedSectionVars false`
warning: CurveControl/Geometry/Basic.lean:112:8: Overlapping instance parameters in `curvatureSq_nonneg`:

⚠️ `[NormedSpace ℝ E]` and `[InnerProductSpace ℝ E]` can be used to infer conflicting versions of `[SMul ℝ E]`.
💡️ Of these, `[NormedSpace ℝ E]` may be removed.
⚠️ `[Module.Finite ℝ E]` and `[FiniteDimensional ℝ E]` each imply `[Module.Finite ℝ E]`.
💡️ Of these, `[Module.Finite ℝ E]` and `[FiniteDimensional ℝ E]` may be removed.

When a data-carrying type class has multiple potential instances coming from different instance parameters, then these potential instances are incompatible. This is an example of an "instance diamond", which leads to unexpected unification failures.

Delete or combine some of your instance parameters to avoid this.

Note: This linter can be disabled with `set_option linter.overlappingInstances false`
warning: CurveControl/Geometry/Basic.lean:115:0: automatically included section variable(s) unused in theorem `CurveControl.Geometry.curvature_nonneg`:
  [InnerProductSpace ℝ E]
  [Module.Finite ℝ E]
  [NeZero (Module.finrank ℝ E)]
  [I.Boundaryless]
consider restructuring your `variable` declarations so that the variables are not in scope or explicitly omit them:
  omit [InnerProductSpace ℝ E] [Module.Finite ℝ E] [NeZero (Module.finrank ℝ E)] [I.Boundaryless] in theorem ...

Note: This linter can be disabled with `set_option linter.unusedSectionVars false`
warning: CurveControl/Geometry/Basic.lean:115:8: Overlapping instance parameters in `curvature_nonneg`:

⚠️ `[NormedSpace ℝ E]` and `[InnerProductSpace ℝ E]` can be used to infer conflicting versions of `[SMul ℝ E]`.
💡️ Of these, `[NormedSpace ℝ E]` may be removed.
⚠️ `[Module.Finite ℝ E]` and `[FiniteDimensional ℝ E]` each imply `[Module.Finite ℝ E]`.
💡️ Of these, `[Module.Finite ℝ E]` and `[FiniteDimensional ℝ E]` may be removed.

When a data-carrying type class has multiple potential instances coming from different instance parameters, then these potential instances are incompatible. This is an example of an "instance diamond", which leads to unexpected unification failures.

Delete or combine some of your instance parameters to avoid this.

Note: This linter can be disabled with `set_option linter.overlappingInstances false`
warning: CurveControl/Geometry/Basic.lean:118:0: automatically included section variable(s) unused in theorem `CurveControl.Geometry.curvature_sq`:
  [Module.Finite ℝ E]
consider restructuring your `variable` declarations so that the variables are not in scope or explicitly omit them:
  omit [Module.Finite ℝ E] in theorem ...

Note: This linter can be disabled with `set_option linter.unusedSectionVars false`
warning: CurveControl/Geometry/Basic.lean:118:8: Overlapping instance parameters in `curvature_sq`:

⚠️ `[NormedSpace ℝ E]` and `[InnerProductSpace ℝ E]` can be used to infer conflicting versions of `[SMul ℝ E]`.
💡️ Of these, `[NormedSpace ℝ E]` may be removed.
⚠️ `[Module.Finite ℝ E]` and `[FiniteDimensional ℝ E]` each imply `[Module.Finite ℝ E]`.
💡️ Of these, `[Module.Finite ℝ E]` and `[FiniteDimensional ℝ E]` may be removed.

When a data-carrying type class has multiple potential instances coming from different instance parameters, then these potential instances are incompatible. This is an example of an "instance diamond", which leads to unexpected unification failures.

Delete or combine some of your instance parameters to avoid this.

Note: This linter can be disabled with `set_option linter.overlappingInstances false`
warning: CurveControl/Geometry/Basic.lean:122:0: automatically included section variable(s) unused in theorem `CurveControl.Geometry.regularizedCurvature_nonneg`:
  [InnerProductSpace ℝ E]
  [Module.Finite ℝ E]
  [NeZero (Module.finrank ℝ E)]
  [I.Boundaryless]
consider restructuring your `variable` declarations so that the variables are not in scope or explicitly omit them:
  omit [InnerProductSpace ℝ E] [Module.Finite ℝ E] [NeZero (Module.finrank ℝ E)] [I.Boundaryless] in theorem ...

Note: This linter can be disabled with `set_option linter.unusedSectionVars false`
warning: CurveControl/Geometry/Basic.lean:122:8: Overlapping instance parameters in `regularizedCurvature_nonneg`:

⚠️ `[NormedSpace ℝ E]` and `[InnerProductSpace ℝ E]` can be used to infer conflicting versions of `[SMul ℝ E]`.
💡️ Of these, `[NormedSpace ℝ E]` may be removed.
⚠️ `[Module.Finite ℝ E]` and `[FiniteDimensional ℝ E]` each imply `[Module.Finite ℝ E]`.
💡️ Of these, `[Module.Finite ℝ E]` and `[FiniteDimensional ℝ E]` may be removed.

When a data-carrying type class has multiple potential instances coming from different instance parameters, then these potential instances are incompatible. This is an example of an "instance diamond", which leads to unexpected unification failures.

Delete or combine some of your instance parameters to avoid this.

Note: This linter can be disabled with `set_option linter.overlappingInstances false`
warning: CurveControl/Geometry/Basic.lean:125:0: automatically included section variable(s) unused in theorem `CurveControl.Geometry.regularizedCurvature_sq`:
  [Module.Finite ℝ E]
consider restructuring your `variable` declarations so that the variables are not in scope or explicitly omit them:
  omit [Module.Finite ℝ E] in theorem ...

Note: This linter can be disabled with `set_option linter.unusedSectionVars false`
warning: CurveControl/Geometry/Basic.lean:125:8: Overlapping instance parameters in `regularizedCurvature_sq`:

⚠️ `[NormedSpace ℝ E]` and `[InnerProductSpace ℝ E]` can be used to infer conflicting versions of `[SMul ℝ E]`.
💡️ Of these, `[NormedSpace ℝ E]` may be removed.
⚠️ `[Module.Finite ℝ E]` and `[FiniteDimensional ℝ E]` each imply `[Module.Finite ℝ E]`.
💡️ Of these, `[Module.Finite ℝ E]` and `[FiniteDimensional ℝ E]` may be removed.

When a data-carrying type class has multiple potential instances coming from different instance parameters, then these potential instances are incompatible. This is an example of an "instance diamond", which leads to unexpected unification failures.

Delete or combine some of your instance parameters to avoid this.

Note: This linter can be disabled with `set_option linter.overlappingInstances false`
warning: CurveControl/Geometry/Basic.lean:129:0: automatically included section variable(s) unused in theorem `CurveControl.Geometry.regularizedCurvature_pos`:
  [Module.Finite ℝ E]
consider restructuring your `variable` declarations so that the variables are not in scope or explicitly omit them:
  omit [Module.Finite ℝ E] in theorem ...

Note: This linter can be disabled with `set_option linter.unusedSectionVars false`
warning: CurveControl/Geometry/Basic.lean:129:8: Overlapping instance parameters in `regularizedCurvature_pos`:

⚠️ `[NormedSpace ℝ E]` and `[InnerProductSpace ℝ E]` can be used to infer conflicting versions of `[SMul ℝ E]`.
💡️ Of these, `[NormedSpace ℝ E]` may be removed.
⚠️ `[Module.Finite ℝ E]` and `[FiniteDimensional ℝ E]` each imply `[Module.Finite ℝ E]`.
💡️ Of these, `[Module.Finite ℝ E]` and `[FiniteDimensional ℝ E]` may be removed.

When a data-carrying type class has multiple potential instances coming from different instance parameters, then these potential instances are incompatible. This is an example of an "instance diamond", which leads to unexpected unification failures.

Delete or combine some of your instance parameters to avoid this.

Note: This linter can be disabled with `set_option linter.overlappingInstances false`
⚠ [3070/3195] Replayed DoCarmoLib.Riemannian.Connection.ChartCurvature
warning: DoCarmoLib/Riemannian/Connection/ChartCurvature.lean:64:8: Overlapping instance parameters in `exists_contMDiff_eventuallyEq`:

⚠️ `[NormedSpace ℝ E]` and `[InnerProductSpace ℝ E]` can be used to infer conflicting versions of `[SMul ℝ E]`.
💡️ Of these, `[NormedSpace ℝ E]` may be removed.

When a data-carrying type class has multiple potential instances coming from different instance parameters, then these potential instances are incompatible. This is an example of an "instance diamond", which leads to unexpected unification failures.

Delete or combine some of your instance parameters to avoid this.

Note: This linter can be disabled with `set_option linter.overlappingInstances false`
warning: DoCarmoLib/Riemannian/Connection/ChartCurvature.lean:113:4: Overlapping instance parameters in `chartFrameField`:

⚠️ `[NormedSpace ℝ E]` and `[InnerProductSpace ℝ E]` can be used to infer conflicting versions of `[SMul ℝ E]`.
💡️ Of these, `[NormedSpace ℝ E]` may be removed.

When a data-carrying type class has multiple potential instances coming from different instance parameters, then these potential instances are incompatible. This is an example of an "instance diamond", which leads to unexpected unification failures.

Delete or combine some of your instance parameters to avoid this.

Note: This linter can be disabled with `set_option linter.overlappingInstances false`
warning: DoCarmoLib/Riemannian/Connection/ChartCurvature.lean:123:8: Overlapping instance parameters in `chartFrameField_eventuallyEq`:

⚠️ `[NormedSpace ℝ E]` and `[InnerProductSpace ℝ E]` can be used to infer conflicting versions of `[SMul ℝ E]`.
💡️ Of these, `[NormedSpace ℝ E]` may be removed.

When a data-carrying type class has multiple potential instances coming from different instance parameters, then these potential instances are incompatible. This is an example of an "instance diamond", which leads to unexpected unification failures.

Delete or combine some of your instance parameters to avoid this.

Note: This linter can be disabled with `set_option linter.overlappingInstances false`
warning: DoCarmoLib/Riemannian/Connection/ChartCurvature.lean:132:8: Overlapping instance parameters in `chartFrameField_apply_self`:

⚠️ `[NormedSpace ℝ E]` and `[InnerProductSpace ℝ E]` can be used to infer conflicting versions of `[SMul ℝ E]`.
💡️ Of these, `[NormedSpace ℝ E]` may be removed.

When a data-carrying type class has multiple potential instances coming from different instance parameters, then these potential instances are incompatible. This is an example of an "instance diamond", which leads to unexpected unification failures.

Delete or combine some of your instance parameters to avoid this.

Note: This linter can be disabled with `set_option linter.overlappingInstances false`
warning: DoCarmoLib/Riemannian/Connection/ChartCurvature.lean:146:8: Overlapping instance parameters in `cov_apply_eq_zero_of_eventuallyEq_zero_right`:

⚠️ `[NormedSpace ℝ E]` and `[InnerProductSpace ℝ E]` can be used to infer conflicting versions of `[SMul ℝ E]`.
💡️ Of these, `[NormedSpace ℝ E]` may be removed.

When a data-carrying type class has multiple potential instances coming from different instance parameters, then these potential instances are incompatible. This is an example of an "instance diamond", which leads to unexpected unification failures.

Delete or combine some of your instance parameters to avoid this.

Note: This linter can be disabled with `set_option linter.overlappingInstances false`
warning: DoCarmoLib/Riemannian/Connection/ChartCurvature.lean:159:8: Overlapping instance parameters in `cov_congr_apply_eventuallyEq_right`:

⚠️ `[NormedSpace ℝ E]` and `[InnerProductSpace ℝ E]` can be used to infer conflicting versions of `[SMul ℝ E]`.
💡️ Of these, `[NormedSpace ℝ E]` may be removed.

When a data-carrying type class has multiple potential instances coming from different instance parameters, then these potential instances are incompatible. This is an example of an "instance diamond", which leads to unexpected unification failures.

Delete or combine some of your instance parameters to avoid this.

Note: This linter can be disabled with `set_option linter.overlappingInstances false`
warning: DoCarmoLib/Riemannian/Connection/ChartCurvature.lean:175:8: Overlapping instance parameters in `cov_smulSum_apply`:

⚠️ `[NormedSpace ℝ E]` and `[InnerProductSpace ℝ E]` can be used to infer conflicting versions of `[SMul ℝ E]`.
💡️ Of these, `[NormedSpace ℝ E]` may be removed.

When a data-carrying type class has multiple potential instances coming from different instance parameters, then these potential instances are incompatible. This is an example of an "instance diamond", which leads to unexpected unification failures.

Delete or combine some of your instance parameters to avoid this.

Note: This linter can be disabled with `set_option linter.overlappingInstances false`
warning: DoCarmoLib/Riemannian/Connection/ChartCurvature.lean:213:8: Overlapping instance parameters in `mfderiv_chartChristoffel_eq_partialDeriv`:

⚠️ `[NormedSpace ℝ E]` and `[InnerProductSpace ℝ E]` can be used to infer conflicting versions of `[SMul ℝ E]`.
💡️ Of these, `[NormedSpace ℝ E]` may be removed.

When a data-carrying type class has multiple potential instances coming from different instance parameters, then these potential instances are incompatible. This is an example of an "instance diamond", which leads to unexpected unification failures.

Delete or combine some of your instance parameters to avoid this.

Note: This linter can be disabled with `set_option linter.overlappingInstances false`
warning: DoCarmoLib/Riemannian/Connection/ChartCurvature.lean:252:8: Overlapping instance parameters in `leviCivita_cov_chartFrameField_expansion`:

⚠️ `[NormedSpace ℝ E]` and `[InnerProductSpace ℝ E]` can be used to infer conflicting versions of `[SMul ℝ E]`.
💡️ Of these, `[NormedSpace ℝ E]` may be removed.

When a data-carrying type class has multiple potential instances coming from different instance parameters, then these potential instances are incompatible. This is an example of an "instance diamond", which leads to unexpected unification failures.

Delete or combine some of your instance parameters to avoid this.

Note: This linter can be disabled with `set_option linter.overlappingInstances false`
warning: DoCarmoLib/Riemannian/Connection/ChartCurvature.lean:301:16: Overlapping instance parameters in `leviCivita_cov_cov_chartFrameField`:

⚠️ `[NormedSpace ℝ E]` and `[InnerProductSpace ℝ E]` can be used to infer conflicting versions of `[SMul ℝ E]`.
💡️ Of these, `[NormedSpace ℝ E]` may be removed.

When a data-carrying type class has multiple potential instances coming from different instance parameters, then these potential instances are incompatible. This is an example of an "instance diamond", which leads to unexpected unification failures.

Delete or combine some of your instance parameters to avoid this.

Note: This linter can be disabled with `set_option linter.overlappingInstances false`
warning: DoCarmoLib/Riemannian/Connection/ChartCurvature.lean:445:8: Overlapping instance parameters in `leviCivita_curvature_chartFrame_expansion`:

⚠️ `[NormedSpace ℝ E]` and `[InnerProductSpace ℝ E]` can be used to infer conflicting versions of `[SMul ℝ E]`.
💡️ Of these, `[NormedSpace ℝ E]` may be removed.

When a data-carrying type class has multiple potential instances coming from different instance parameters, then these potential instances are incompatible. This is an example of an "instance diamond", which leads to unexpected unification failures.

Delete or combine some of your instance parameters to avoid this.

Note: This linter can be disabled with `set_option linter.overlappingInstances false`
ℹ [3075/3195] Replayed MorganTianLib.Ch03.RicciFlow.MetricCoordinateVariation
info: MorganTianLib/Ch03/RicciFlow/MetricCoordinateVariation.lean:881:0: 'MorganTianLib.hasDerivWithinAt_chartGramMatrix' depends on axioms: [propext, Classical.choice, Quot.sound]
info: MorganTianLib/Ch03/RicciFlow/MetricCoordinateVariation.lean:882:0: 'MorganTianLib.hasDerivWithinAt_chartGramOnE' depends on axioms: [propext, Classical.choice, Quot.sound]
info: MorganTianLib/Ch03/RicciFlow/MetricCoordinateVariation.lean:883:0: 'MorganTianLib.hasDerivWithinAt_chartInvGramMatrix_apply' depends on axioms: [propext, Classical.choice, Quot.sound]
info: MorganTianLib/Ch03/RicciFlow/MetricCoordinateVariation.lean:884:0: 'MorganTianLib.hasDerivAt_spatialFDeriv_timeLine' depends on axioms: [propext, Classical.choice, Quot.sound]
info: MorganTianLib/Ch03/RicciFlow/MetricCoordinateVariation.lean:885:0: 'MorganTianLib.contMDiffOn_chartGramMatrix_timeSpace' depends on axioms: [propext, Classical.choice, Quot.sound]
info: MorganTianLib/Ch03/RicciFlow/MetricCoordinateVariation.lean:886:0: 'MorganTianLib.contDiffOn_chartGramOnE_timeSpace' depends on axioms: [propext, Classical.choice, Quot.sound]
info: MorganTianLib/Ch03/RicciFlow/MetricCoordinateVariation.lean:887:0: 'MorganTianLib.hasDerivAt_partialDeriv_chartGramOnE' depends on axioms: [propext, Classical.choice, Quot.sound]
info: MorganTianLib/Ch03/RicciFlow/MetricCoordinateVariation.lean:888:0: 'MorganTianLib.hasDerivAt_chartChristoffel' depends on axioms: [propext, Classical.choice, Quot.sound]
info: MorganTianLib/Ch03/RicciFlow/MetricCoordinateVariation.lean:889:0: 'MorganTianLib.contDiffOn_chartInvGramOnE_timeSpace' depends on axioms: [propext, Classical.choice, Quot.sound]
info: MorganTianLib/Ch03/RicciFlow/MetricCoordinateVariation.lean:890:0: 'MorganTianLib.contDiffOn_chartChristoffel_timeSpace' depends on axioms: [propext, Classical.choice, Quot.sound]
info: MorganTianLib/Ch03/RicciFlow/MetricCoordinateVariation.lean:891:0: 'MorganTianLib.hasDerivAt_partialDeriv_chartChristoffel' depends on axioms: [propext, Classical.choice, Quot.sound]
⚠ [3085/3195] Replayed DoCarmoLib.Riemannian.Geodesic.HopfRinow.MetricBridge
warning: DoCarmoLib/Riemannian/Geodesic/HopfRinow/MetricBridge.lean:78:58: `ContinuousLinearMap.sum_apply` has been deprecated: Use `sum_apply` instead

Note: The updated constant is in a different namespace. Dot notation may need to be changed (e.g., from `x.sum_apply` to `sum_apply x`).
warning: DoCarmoLib/Riemannian/Geodesic/HopfRinow/MetricBridge.lean:79:14: `ContinuousLinearMap.smul_apply` has been deprecated: Use `smul_apply` instead

Note: The updated constant is in a different namespace. Dot notation may need to be changed (e.g., from `x.smul_apply` to `smul_apply x`).
warning: DoCarmoLib/Riemannian/Geodesic/HopfRinow/MetricBridge.lean:141:8: `ofReal_norm_eq_enorm` has been deprecated: Use `ofReal_norm` instead
⚠ [3095/3195] Replayed DoCarmoLib.Riemannian.Geodesic.FlowC2Dependence
warning: DoCarmoLib/Riemannian/Geodesic/FlowC2Dependence.lean:265:8: `ContinuousLinearMap.sub_apply` has been deprecated: Use `sub_apply` instead

Note: The updated constant is in a different namespace. Dot notation may need to be changed (e.g., from `x.sub_apply` to `sub_apply x`).
warning: DoCarmoLib/Riemannian/Geodesic/FlowC2Dependence.lean:265:39: `ContinuousLinearMap.one_apply` has been deprecated: Use `one_apply_eq_self` instead

Note: The updated constant is in a different namespace. Dot notation may need to be changed (e.g., from `x.one_apply` to `one_apply_eq_self x`).
warning: DoCarmoLib/Riemannian/Geodesic/FlowC2Dependence.lean:278:8: `ContinuousLinearMap.sub_apply` has been deprecated: Use `sub_apply` instead

Note: The updated constant is in a different namespace. Dot notation may need to be changed (e.g., from `x.sub_apply` to `sub_apply x`).
warning: DoCarmoLib/Riemannian/Geodesic/FlowC2Dependence.lean:278:39: `ContinuousLinearMap.one_apply` has been deprecated: Use `one_apply_eq_self` instead

Note: The updated constant is in a different namespace. Dot notation may need to be changed (e.g., from `x.one_apply` to `one_apply_eq_self x`).
⚠ [3109/3195] Replayed DoCarmoLib.Riemannian.Jacobi.ParallelFrame
warning: DoCarmoLib/Riemannian/Jacobi/ParallelFrame.lean:49:8: Overlapping instance parameters in `chartMetricInner_zero_left`:

⚠️ `[NormedSpace ℝ E]` and `[InnerProductSpace ℝ E]` can be used to infer conflicting versions of `[SMul ℝ E]`.
💡️ Of these, `[NormedSpace ℝ E]` may be removed.
⚠️ `[Module.Finite ℝ E]` and `[FiniteDimensional ℝ E]` each imply `[Module.Finite ℝ E]`.
💡️ Of these, `[Module.Finite ℝ E]` and `[FiniteDimensional ℝ E]` may be removed.

When a data-carrying type class has multiple potential instances coming from different instance parameters, then these potential instances are incompatible. This is an example of an "instance diamond", which leads to unexpected unification failures.

Delete or combine some of your instance parameters to avoid this.

Note: This linter can be disabled with `set_option linter.overlappingInstances false`
warning: DoCarmoLib/Riemannian/Jacobi/ParallelFrame.lean:55:8: Overlapping instance parameters in `chartMetricInner_zero_right`:

⚠️ `[NormedSpace ℝ E]` and `[InnerProductSpace ℝ E]` can be used to infer conflicting versions of `[SMul ℝ E]`.
💡️ Of these, `[NormedSpace ℝ E]` may be removed.
⚠️ `[Module.Finite ℝ E]` and `[FiniteDimensional ℝ E]` each imply `[Module.Finite ℝ E]`.
💡️ Of these, `[Module.Finite ℝ E]` and `[FiniteDimensional ℝ E]` may be removed.

When a data-carrying type class has multiple potential instances coming from different instance parameters, then these potential instances are incompatible. This is an example of an "instance diamond", which leads to unexpected unification failures.

Delete or combine some of your instance parameters to avoid this.

Note: This linter can be disabled with `set_option linter.overlappingInstances false`
warning: DoCarmoLib/Riemannian/Jacobi/ParallelFrame.lean:60:8: Overlapping instance parameters in `chartMetricInner_sum_left`:

⚠️ `[NormedSpace ℝ E]` and `[InnerProductSpace ℝ E]` can be used to infer conflicting versions of `[SMul ℝ E]`.
💡️ Of these, `[NormedSpace ℝ E]` may be removed.
⚠️ `[Module.Finite ℝ E]` and `[FiniteDimensional ℝ E]` each imply `[Module.Finite ℝ E]`.
💡️ Of these, `[Module.Finite ℝ E]` and `[FiniteDimensional ℝ E]` may be removed.

When a data-carrying type class has multiple potential instances coming from different instance parameters, then these potential instances are incompatible. This is an example of an "instance diamond", which leads to unexpected unification failures.

Delete or combine some of your instance parameters to avoid this.

Note: This linter can be disabled with `set_option linter.overlappingInstances false`
warning: DoCarmoLib/Riemannian/Jacobi/ParallelFrame.lean:103:10: `continuousOn_finset_sum` has been deprecated: Use `continuousOn_finsetSum` instead
warning: DoCarmoLib/Riemannian/Jacobi/ParallelFrame.lean:105:10: `continuousOn_finset_sum` has been deprecated: Use `continuousOn_finsetSum` instead
warning: DoCarmoLib/Riemannian/Jacobi/ParallelFrame.lean:77:8: Overlapping instance parameters in `chartMetricInner_const_of_parallelSol`:

⚠️ `[NormedSpace ℝ E]` and `[InnerProductSpace ℝ E]` can be used to infer conflicting versions of `[SMul ℝ E]`.
💡️ Of these, `[NormedSpace ℝ E]` may be removed.
⚠️ `[Module.Finite ℝ E]` and `[FiniteDimensional ℝ E]` each imply `[Module.Finite ℝ E]`.
💡️ Of these, `[Module.Finite ℝ E]` and `[FiniteDimensional ℝ E]` may be removed.

When a data-carrying type class has multiple potential instances coming from different instance parameters, then these potential instances are incompatible. This is an example of an "instance diamond", which leads to unexpected unification failures.

Delete or combine some of your instance parameters to avoid this.

Note: This linter can be disabled with `set_option linter.overlappingInstances false`
warning: DoCarmoLib/Riemannian/Jacobi/ParallelFrame.lean:164:8: Overlapping instance parameters in `exists_parallelOrthoFrame`:

⚠️ `[NormedSpace ℝ E]` and `[InnerProductSpace ℝ E]` can be used to infer conflicting versions of `[SMul ℝ E]`.
💡️ Of these, `[NormedSpace ℝ E]` may be removed.
⚠️ `[Module.Finite ℝ E]` and `[FiniteDimensional ℝ E]` each imply `[Module.Finite ℝ E]`.
💡️ Of these, `[Module.Finite ℝ E]` and `[FiniteDimensional ℝ E]` may be removed.

When a data-carrying type class has multiple potential instances coming from different instance parameters, then these potential instances are incompatible. This is an example of an "instance diamond", which leads to unexpected unification failures.

Delete or combine some of your instance parameters to avoid this.

Note: This linter can be disabled with `set_option linter.overlappingInstances false`
warning: DoCarmoLib/Riemannian/Jacobi/ParallelFrame.lean:200:8: Overlapping instance parameters in `linearIndependent_of_chartMetricInner_orthonormal`:

⚠️ `[NormedSpace ℝ E]` and `[InnerProductSpace ℝ E]` can be used to infer conflicting versions of `[SMul ℝ E]`.
💡️ Of these, `[NormedSpace ℝ E]` may be removed.
⚠️ `[Module.Finite ℝ E]` and `[FiniteDimensional ℝ E]` each imply `[Module.Finite ℝ E]`.
💡️ Of these, `[Module.Finite ℝ E]` and `[FiniteDimensional ℝ E]` may be removed.

When a data-carrying type class has multiple potential instances coming from different instance parameters, then these potential instances are incompatible. This is an example of an "instance diamond", which leads to unexpected unification failures.

Delete or combine some of your instance parameters to avoid this.

Note: This linter can be disabled with `set_option linter.overlappingInstances false`
warning: DoCarmoLib/Riemannian/Jacobi/ParallelFrame.lean:231:8: Overlapping instance parameters in `exists_chartOrthonormalBasis_self`:

⚠️ `[NormedSpace ℝ E]` and `[InnerProductSpace ℝ E]` can be used to infer conflicting versions of `[SMul ℝ E]`.
💡️ Of these, `[NormedSpace ℝ E]` may be removed.
⚠️ `[Module.Finite ℝ E]` and `[FiniteDimensional ℝ E]` each imply `[Module.Finite ℝ E]`.
💡️ Of these, `[Module.Finite ℝ E]` and `[FiniteDimensional ℝ E]` may be removed.

When a data-carrying type class has multiple potential instances coming from different instance parameters, then these potential instances are incompatible. This is an example of an "instance diamond", which leads to unexpected unification failures.

Delete or combine some of your instance parameters to avoid this.

Note: This linter can be disabled with `set_option linter.overlappingInstances false`
warning: DoCarmoLib/Riemannian/Jacobi/ParallelFrame.lean:279:8: Overlapping instance parameters in `exists_parallelOrthoFrame_self`:

⚠️ `[NormedSpace ℝ E]` and `[InnerProductSpace ℝ E]` can be used to infer conflicting versions of `[SMul ℝ E]`.
💡️ Of these, `[NormedSpace ℝ E]` may be removed.
⚠️ `[Module.Finite ℝ E]` and `[FiniteDimensional ℝ E]` each imply `[Module.Finite ℝ E]`.
💡️ Of these, `[Module.Finite ℝ E]` and `[FiniteDimensional ℝ E]` may be removed.

When a data-carrying type class has multiple potential instances coming from different instance parameters, then these potential instances are incompatible. This is an example of an "instance diamond", which leads to unexpected unification failures.

Delete or combine some of your instance parameters to avoid this.

Note: This linter can be disabled with `set_option linter.overlappingInstances false`
⚠ [3110/3195] Replayed DoCarmoLib.Riemannian.Jacobi.FrameReduction
warning: DoCarmoLib/Riemannian/Jacobi/FrameReduction.lean:69:8: Overlapping instance parameters in `chartChristoffelContraction_zero_right`:

⚠️ `[NormedSpace ℝ E]` and `[InnerProductSpace ℝ E]` can be used to infer conflicting versions of `[SMul ℝ E]`.
💡️ Of these, `[NormedSpace ℝ E]` may be removed.
⚠️ `[Module.Finite ℝ E]` and `[FiniteDimensional ℝ E]` each imply `[Module.Finite ℝ E]`.
💡️ Of these, `[Module.Finite ℝ E]` and `[FiniteDimensional ℝ E]` may be removed.

When a data-carrying type class has multiple potential instances coming from different instance parameters, then these potential instances are incompatible. This is an example of an "instance diamond", which leads to unexpected unification failures.

Delete or combine some of your instance parameters to avoid this.

Note: This linter can be disabled with `set_option linter.overlappingInstances false`
warning: DoCarmoLib/Riemannian/Jacobi/FrameReduction.lean:92:10: This simp argument is unused:
  chartChristoffelContraction_zero_right

Hint: Omit it from the simp argument list.
  simp ̵[̵c̵h̵a̵r̵t̵C̵h̵r̵i̵s̵t̵o̵f̵f̵e̵l̵C̵o̵n̵t̵r̵a̵c̵t̵i̵o̵n̵_̵z̵e̵r̵o̵_̵r̵i̵g̵h̵t̵]̵

Note: This linter can be disabled with `set_option linter.unusedSimpArgs false`
warning: DoCarmoLib/Riemannian/Jacobi/FrameReduction.lean:80:8: Overlapping instance parameters in `covariantDerivCoord_sum`:

⚠️ `[NormedSpace ℝ E]` and `[InnerProductSpace ℝ E]` can be used to infer conflicting versions of `[SMul ℝ E]`.
💡️ Of these, `[NormedSpace ℝ E]` may be removed.
⚠️ `[Module.Finite ℝ E]` and `[FiniteDimensional ℝ E]` each imply `[Module.Finite ℝ E]`.
💡️ Of these, `[Module.Finite ℝ E]` and `[FiniteDimensional ℝ E]` may be removed.

When a data-carrying type class has multiple potential instances coming from different instance parameters, then these potential instances are incompatible. This is an example of an "instance diamond", which leads to unexpected unification failures.

Delete or combine some of your instance parameters to avoid this.

Note: This linter can be disabled with `set_option linter.overlappingInstances false`
warning: DoCarmoLib/Riemannian/Jacobi/FrameReduction.lean:114:8: Overlapping instance parameters in `covariantDerivCoord_frameCombination`:

⚠️ `[NormedSpace ℝ E]` and `[InnerProductSpace ℝ E]` can be used to infer conflicting versions of `[SMul ℝ E]`.
💡️ Of these, `[NormedSpace ℝ E]` may be removed.
⚠️ `[Module.Finite ℝ E]` and `[FiniteDimensional ℝ E]` each imply `[Module.Finite ℝ E]`.
💡️ Of these, `[Module.Finite ℝ E]` and `[FiniteDimensional ℝ E]` may be removed.

When a data-carrying type class has multiple potential instances coming from different instance parameters, then these potential instances are incompatible. This is an example of an "instance diamond", which leads to unexpected unification failures.

Delete or combine some of your instance parameters to avoid this.

Note: This linter can be disabled with `set_option linter.overlappingInstances false`
warning: DoCarmoLib/Riemannian/Jacobi/FrameReduction.lean:134:8: Overlapping instance parameters in `covariantDerivCoord_congr_of_eventuallyEq`:

⚠️ `[NormedSpace ℝ E]` and `[InnerProductSpace ℝ E]` can be used to infer conflicting versions of `[SMul ℝ E]`.
💡️ Of these, `[NormedSpace ℝ E]` may be removed.
⚠️ `[Module.Finite ℝ E]` and `[FiniteDimensional ℝ E]` each imply `[Module.Finite ℝ E]`.
💡️ Of these, `[Module.Finite ℝ E]` and `[FiniteDimensional ℝ E]` may be removed.

When a data-carrying type class has multiple potential instances coming from different instance parameters, then these potential instances are incompatible. This is an example of an "instance diamond", which leads to unexpected unification failures.

Delete or combine some of your instance parameters to avoid this.

Note: This linter can be disabled with `set_option linter.overlappingInstances false`
warning: DoCarmoLib/Riemannian/Jacobi/FrameReduction.lean:148:8: Overlapping instance parameters in `covariantDerivCoord2_frameCombination`:

⚠️ `[NormedSpace ℝ E]` and `[InnerProductSpace ℝ E]` can be used to infer conflicting versions of `[SMul ℝ E]`.
💡️ Of these, `[NormedSpace ℝ E]` may be removed.
⚠️ `[Module.Finite ℝ E]` and `[FiniteDimensional ℝ E]` each imply `[Module.Finite ℝ E]`.
💡️ Of these, `[Module.Finite ℝ E]` and `[FiniteDimensional ℝ E]` may be removed.

When a data-carrying type class has multiple potential instances coming from different instance parameters, then these potential instances are incompatible. This is an example of an "instance diamond", which leads to unexpected unification failures.

Delete or combine some of your instance parameters to avoid this.

Note: This linter can be disabled with `set_option linter.overlappingInstances false`
warning: DoCarmoLib/Riemannian/Jacobi/FrameReduction.lean:175:8: Overlapping instance parameters in `chartMetricInner_frameCombination_left`:

⚠️ `[NormedSpace ℝ E]` and `[InnerProductSpace ℝ E]` can be used to infer conflicting versions of `[SMul ℝ E]`.
💡️ Of these, `[NormedSpace ℝ E]` may be removed.
⚠️ `[Module.Finite ℝ E]` and `[FiniteDimensional ℝ E]` each imply `[Module.Finite ℝ E]`.
💡️ Of these, `[Module.Finite ℝ E]` and `[FiniteDimensional ℝ E]` may be removed.

When a data-carrying type class has multiple potential instances coming from different instance parameters, then these potential instances are incompatible. This is an example of an "instance diamond", which leads to unexpected unification failures.

Delete or combine some of your instance parameters to avoid this.

Note: This linter can be disabled with `set_option linter.overlappingInstances false`
warning: DoCarmoLib/Riemannian/Jacobi/FrameReduction.lean:190:8: Overlapping instance parameters in `chartMetricInner_covariantDerivCoord2_frame`:

⚠️ `[NormedSpace ℝ E]` and `[InnerProductSpace ℝ E]` can be used to infer conflicting versions of `[SMul ℝ E]`.
💡️ Of these, `[NormedSpace ℝ E]` may be removed.
⚠️ `[Module.Finite ℝ E]` and `[FiniteDimensional ℝ E]` each imply `[Module.Finite ℝ E]`.
💡️ Of these, `[Module.Finite ℝ E]` and `[FiniteDimensional ℝ E]` may be removed.

When a data-carrying type class has multiple potential instances coming from different instance parameters, then these potential instances are incompatible. This is an example of an "instance diamond", which leads to unexpected unification failures.

Delete or combine some of your instance parameters to avoid this.

Note: This linter can be disabled with `set_option linter.overlappingInstances false`
warning: DoCarmoLib/Riemannian/Jacobi/FrameReduction.lean:214:8: Overlapping instance parameters in `chartMetricInner_map_frameCombination_left`:

⚠️ `[NormedSpace ℝ E]` and `[InnerProductSpace ℝ E]` can be used to infer conflicting versions of `[SMul ℝ E]`.
💡️ Of these, `[NormedSpace ℝ E]` may be removed.
⚠️ `[Module.Finite ℝ E]` and `[FiniteDimensional ℝ E]` each imply `[Module.Finite ℝ E]`.
💡️ Of these, `[Module.Finite ℝ E]` and `[FiniteDimensional ℝ E]` may be removed.

When a data-carrying type class has multiple potential instances coming from different instance parameters, then these potential instances are incompatible. This is an example of an "instance diamond", which leads to unexpected unification failures.

Delete or combine some of your instance parameters to avoid this.

Note: This linter can be disabled with `set_option linter.overlappingInstances false`
warning: DoCarmoLib/Riemannian/Jacobi/FrameReduction.lean:232:8: Overlapping instance parameters in `frameJacobiComponent`:

⚠️ `[NormedSpace ℝ E]` and `[InnerProductSpace ℝ E]` can be used to infer conflicting versions of `[SMul ℝ E]`.
💡️ Of these, `[NormedSpace ℝ E]` may be removed.
⚠️ `[Module.Finite ℝ E]` and `[FiniteDimensional ℝ E]` each imply `[Module.Finite ℝ E]`.
💡️ Of these, `[Module.Finite ℝ E]` and `[FiniteDimensional ℝ E]` may be removed.

When a data-carrying type class has multiple potential instances coming from different instance parameters, then these potential instances are incompatible. This is an example of an "instance diamond", which leads to unexpected unification failures.

Delete or combine some of your instance parameters to avoid this.

Note: This linter can be disabled with `set_option linter.overlappingInstances false`
warning: DoCarmoLib/Riemannian/Jacobi/FrameReduction.lean:263:8: Overlapping instance parameters in `frameExpansion`:

⚠️ `[NormedSpace ℝ E]` and `[InnerProductSpace ℝ E]` can be used to infer conflicting versions of `[SMul ℝ E]`.
💡️ Of these, `[NormedSpace ℝ E]` may be removed.
⚠️ `[Module.Finite ℝ E]` and `[FiniteDimensional ℝ E]` each imply `[Module.Finite ℝ E]`.
💡️ Of these, `[Module.Finite ℝ E]` and `[FiniteDimensional ℝ E]` may be removed.

When a data-carrying type class has multiple potential instances coming from different instance parameters, then these potential instances are incompatible. This is an example of an "instance diamond", which leads to unexpected unification failures.

Delete or combine some of your instance parameters to avoid this.

Note: This linter can be disabled with `set_option linter.overlappingInstances false`
warning: DoCarmoLib/Riemannian/Jacobi/FrameReduction.lean:296:8: Overlapping instance parameters in `covariantDerivCoord2_add_map_frameCombination_expand`:

⚠️ `[NormedSpace ℝ E]` and `[InnerProductSpace ℝ E]` can be used to infer conflicting versions of `[SMul ℝ E]`.
💡️ Of these, `[NormedSpace ℝ E]` may be removed.
⚠️ `[Module.Finite ℝ E]` and `[FiniteDimensional ℝ E]` each imply `[Module.Finite ℝ E]`.
💡️ Of these, `[Module.Finite ℝ E]` and `[FiniteDimensional ℝ E]` may be removed.

When a data-carrying type class has multiple potential instances coming from different instance parameters, then these potential instances are incompatible. This is an example of an "instance diamond", which leads to unexpected unification failures.

Delete or combine some of your instance parameters to avoid this.

Note: This linter can be disabled with `set_option linter.overlappingInstances false`
⚠ [3112/3195] Replayed DoCarmoLib.Riemannian.Jacobi.JacobiField
warning: DoCarmoLib/Riemannian/Jacobi/JacobiField.lean:63:4: Overlapping instance parameters in `jacobiCoef`:

⚠️ `[NormedSpace ℝ E]` and `[InnerProductSpace ℝ E]` can be used to infer conflicting versions of `[SMul ℝ E]`.
💡️ Of these, `[NormedSpace ℝ E]` may be removed.
⚠️ `[Module.Finite ℝ E]` and `[FiniteDimensional ℝ E]` each imply `[Module.Finite ℝ E]`.
💡️ Of these, `[Module.Finite ℝ E]` and `[FiniteDimensional ℝ E]` may be removed.

When a data-carrying type class has multiple potential instances coming from different instance parameters, then these potential instances are incompatible. This is an example of an "instance diamond", which leads to unexpected unification failures.

Delete or combine some of your instance parameters to avoid this.

Note: This linter can be disabled with `set_option linter.overlappingInstances false`
warning: DoCarmoLib/Riemannian/Jacobi/JacobiField.lean:72:4: Overlapping instance parameters in `jacobiCoefOp`:

⚠️ `[NormedSpace ℝ E]` and `[InnerProductSpace ℝ E]` can be used to infer conflicting versions of `[SMul ℝ E]`.
💡️ Of these, `[NormedSpace ℝ E]` may be removed.
⚠️ `[Module.Finite ℝ E]` and `[FiniteDimensional ℝ E]` each imply `[Module.Finite ℝ E]`.
💡️ Of these, `[Module.Finite ℝ E]` and `[FiniteDimensional ℝ E]` may be removed.

When a data-carrying type class has multiple potential instances coming from different instance parameters, then these potential instances are incompatible. This is an example of an "instance diamond", which leads to unexpected unification failures.

Delete or combine some of your instance parameters to avoid this.

Note: This linter can be disabled with `set_option linter.overlappingInstances false`
warning: DoCarmoLib/Riemannian/Jacobi/JacobiField.lean:82:27: `ContinuousLinearMap.sum_apply` has been deprecated: Use `sum_apply` instead

Note: The updated constant is in a different namespace. Dot notation may need to be changed (e.g., from `x.sum_apply` to `sum_apply x`).
warning: DoCarmoLib/Riemannian/Jacobi/JacobiField.lean:82:58: `ContinuousLinearMap.smul_apply` has been deprecated: Use `smul_apply` instead

Note: The updated constant is in a different namespace. Dot notation may need to be changed (e.g., from `x.smul_apply` to `smul_apply x`).
warning: DoCarmoLib/Riemannian/Jacobi/JacobiField.lean:78:8: Overlapping instance parameters in `jacobiCoefOp_apply`:

⚠️ `[NormedSpace ℝ E]` and `[InnerProductSpace ℝ E]` can be used to infer conflicting versions of `[SMul ℝ E]`.
💡️ Of these, `[NormedSpace ℝ E]` may be removed.
⚠️ `[Module.Finite ℝ E]` and `[FiniteDimensional ℝ E]` each imply `[Module.Finite ℝ E]`.
💡️ Of these, `[Module.Finite ℝ E]` and `[FiniteDimensional ℝ E]` may be removed.

When a data-carrying type class has multiple potential instances coming from different instance parameters, then these potential instances are incompatible. This is an example of an "instance diamond", which leads to unexpected unification failures.

Delete or combine some of your instance parameters to avoid this.

Note: This linter can be disabled with `set_option linter.overlappingInstances false`
warning: DoCarmoLib/Riemannian/Jacobi/JacobiField.lean:109:9: `continuousOn_finset_sum` has been deprecated: Use `continuousOn_finsetSum` instead
warning: DoCarmoLib/Riemannian/Jacobi/JacobiField.lean:109:46: `continuousOn_finset_sum` has been deprecated: Use `continuousOn_finsetSum` instead
warning: DoCarmoLib/Riemannian/Jacobi/JacobiField.lean:97:8: Overlapping instance parameters in `continuousOn_jacobiCoef`:

⚠️ `[NormedSpace ℝ E]` and `[InnerProductSpace ℝ E]` can be used to infer conflicting versions of `[SMul ℝ E]`.
💡️ Of these, `[NormedSpace ℝ E]` may be removed.
⚠️ `[Module.Finite ℝ E]` and `[FiniteDimensional ℝ E]` each imply `[Module.Finite ℝ E]`.
💡️ Of these, `[Module.Finite ℝ E]` and `[FiniteDimensional ℝ E]` may be removed.

When a data-carrying type class has multiple potential instances coming from different instance parameters, then these potential instances are incompatible. This is an example of an "instance diamond", which leads to unexpected unification failures.

Delete or combine some of your instance parameters to avoid this.

Note: This linter can be disabled with `set_option linter.overlappingInstances false`
warning: DoCarmoLib/Riemannian/Jacobi/JacobiField.lean:126:9: `continuousOn_finset_sum` has been deprecated: Use `continuousOn_finsetSum` instead
warning: DoCarmoLib/Riemannian/Jacobi/JacobiField.lean:126:46: `continuousOn_finset_sum` has been deprecated: Use `continuousOn_finsetSum` instead
warning: DoCarmoLib/Riemannian/Jacobi/JacobiField.lean:121:8: Overlapping instance parameters in `continuousOn_jacobiCoefOp`:

⚠️ `[NormedSpace ℝ E]` and `[InnerProductSpace ℝ E]` can be used to infer conflicting versions of `[SMul ℝ E]`.
💡️ Of these, `[NormedSpace ℝ E]` may be removed.
⚠️ `[Module.Finite ℝ E]` and `[FiniteDimensional ℝ E]` each imply `[Module.Finite ℝ E]`.
💡️ Of these, `[Module.Finite ℝ E]` and `[FiniteDimensional ℝ E]` may be removed.

When a data-carrying type class has multiple potential instances coming from different instance parameters, then these potential instances are incompatible. This is an example of an "instance diamond", which leads to unexpected unification failures.

Delete or combine some of your instance parameters to avoid this.

Note: This linter can be disabled with `set_option linter.overlappingInstances false`
warning: DoCarmoLib/Riemannian/Jacobi/JacobiField.lean:147:8: Overlapping instance parameters in `exists_jacobiField_frame`:

⚠️ `[NormedSpace ℝ E]` and `[InnerProductSpace ℝ E]` can be used to infer conflicting versions of `[SMul ℝ E]`.
💡️ Of these, `[NormedSpace ℝ E]` may be removed.
⚠️ `[Module.Finite ℝ E]` and `[FiniteDimensional ℝ E]` each imply `[Module.Finite ℝ E]`.
💡️ Of these, `[Module.Finite ℝ E]` and `[FiniteDimensional ℝ E]` may be removed.

When a data-carrying type class has multiple potential instances coming from different instance parameters, then these potential instances are incompatible. This is an example of an "instance diamond", which leads to unexpected unification failures.

Delete or combine some of your instance parameters to avoid this.

Note: This linter can be disabled with `set_option linter.overlappingInstances false`
warning: DoCarmoLib/Riemannian/Jacobi/JacobiField.lean:256:8: Overlapping instance parameters in `jacobiField_frame_eqOn`:

⚠️ `[NormedSpace ℝ E]` and `[InnerProductSpace ℝ E]` can be used to infer conflicting versions of `[SMul ℝ E]`.
💡️ Of these, `[NormedSpace ℝ E]` may be removed.
⚠️ `[Module.Finite ℝ E]` and `[FiniteDimensional ℝ E]` each imply `[Module.Finite ℝ E]`.
💡️ Of these, `[Module.Finite ℝ E]` and `[FiniteDimensional ℝ E]` may be removed.

When a data-carrying type class has multiple potential instances coming from different instance parameters, then these potential instances are incompatible. This is an example of an "instance diamond", which leads to unexpected unification failures.

Delete or combine some of your instance parameters to avoid this.

Note: This linter can be disabled with `set_option linter.overlappingInstances false`
⚠ [3114/3195] Replayed DoCarmoLib.Riemannian.Jacobi.ChartCurvatureContraction
warning: DoCarmoLib/Riemannian/Jacobi/ChartCurvatureContraction.lean:61:4: Overlapping instance parameters in `chartCurvatureCoef`:

⚠️ `[NormedSpace ℝ E]` and `[InnerProductSpace ℝ E]` can be used to infer conflicting versions of `[SMul ℝ E]`.
💡️ Of these, `[NormedSpace ℝ E]` may be removed.
⚠️ `[Module.Finite ℝ E]` and `[FiniteDimensional ℝ E]` each imply `[Module.Finite ℝ E]`.
💡️ Of these, `[Module.Finite ℝ E]` and `[FiniteDimensional ℝ E]` may be removed.

When a data-carrying type class has multiple potential instances coming from different instance parameters, then these potential instances are incompatible. This is an example of an "instance diamond", which leads to unexpected unification failures.

Delete or combine some of your instance parameters to avoid this.

Note: This linter can be disabled with `set_option linter.overlappingInstances false`
warning: DoCarmoLib/Riemannian/Jacobi/ChartCurvatureContraction.lean:71:8: Overlapping instance parameters in `chartCurvatureCoef_contDiffOn`:

⚠️ `[NormedSpace ℝ E]` and `[InnerProductSpace ℝ E]` can be used to infer conflicting versions of `[SMul ℝ E]`.
💡️ Of these, `[NormedSpace ℝ E]` may be removed.
⚠️ `[Module.Finite ℝ E]` and `[FiniteDimensional ℝ E]` each imply `[Module.Finite ℝ E]`.
💡️ Of these, `[Module.Finite ℝ E]` and `[FiniteDimensional ℝ E]` may be removed.

When a data-carrying type class has multiple potential instances coming from different instance parameters, then these potential instances are incompatible. This is an example of an "instance diamond", which leads to unexpected unification failures.

Delete or combine some of your instance parameters to avoid this.

Note: This linter can be disabled with `set_option linter.overlappingInstances false`
warning: DoCarmoLib/Riemannian/Jacobi/ChartCurvatureContraction.lean:104:4: Overlapping instance parameters in `chartCurvatureOp`:

⚠️ `[NormedSpace ℝ E]` and `[InnerProductSpace ℝ E]` can be used to infer conflicting versions of `[SMul ℝ E]`.
💡️ Of these, `[NormedSpace ℝ E]` may be removed.
⚠️ `[Module.Finite ℝ E]` and `[FiniteDimensional ℝ E]` each imply `[Module.Finite ℝ E]`.
💡️ Of these, `[Module.Finite ℝ E]` and `[FiniteDimensional ℝ E]` may be removed.

When a data-carrying type class has multiple potential instances coming from different instance parameters, then these potential instances are incompatible. This is an example of an "instance diamond", which leads to unexpected unification failures.

Delete or combine some of your instance parameters to avoid this.

Note: This linter can be disabled with `set_option linter.overlappingInstances false`
warning: DoCarmoLib/Riemannian/Jacobi/ChartCurvatureContraction.lean:119:9: `continuousOn_finset_sum` has been deprecated: Use `continuousOn_finsetSum` instead
warning: DoCarmoLib/Riemannian/Jacobi/ChartCurvatureContraction.lean:119:46: `continuousOn_finset_sum` has been deprecated: Use `continuousOn_finsetSum` instead
warning: DoCarmoLib/Riemannian/Jacobi/ChartCurvatureContraction.lean:124:9: `continuousOn_finset_sum` has been deprecated: Use `continuousOn_finsetSum` instead
warning: DoCarmoLib/Riemannian/Jacobi/ChartCurvatureContraction.lean:124:46: `continuousOn_finset_sum` has been deprecated: Use `continuousOn_finsetSum` instead
warning: DoCarmoLib/Riemannian/Jacobi/ChartCurvatureContraction.lean:115:8: Overlapping instance parameters in `continuousOn_chartCurvatureOp`:

⚠️ `[NormedSpace ℝ E]` and `[InnerProductSpace ℝ E]` can be used to infer conflicting versions of `[SMul ℝ E]`.
💡️ Of these, `[NormedSpace ℝ E]` may be removed.
⚠️ `[Module.Finite ℝ E]` and `[FiniteDimensional ℝ E]` each imply `[Module.Finite ℝ E]`.
💡️ Of these, `[Module.Finite ℝ E]` and `[FiniteDimensional ℝ E]` may be removed.

When a data-carrying type class has multiple potential instances coming from different instance parameters, then these potential instances are incompatible. This is an example of an "instance diamond", which leads to unexpected unification failures.

Delete or combine some of your instance parameters to avoid this.

Note: This linter can be disabled with `set_option linter.overlappingInstances false`
warning: DoCarmoLib/Riemannian/Jacobi/ChartCurvatureContraction.lean:144:31: `ContinuousLinearMap.sum_apply` has been deprecated: Use `sum_apply` instead

Note: The updated constant is in a different namespace. Dot notation may need to be changed (e.g., from `x.sum_apply` to `sum_apply x`).
warning: DoCarmoLib/Riemannian/Jacobi/ChartCurvatureContraction.lean:144:62: `ContinuousLinearMap.smul_apply` has been deprecated: Use `smul_apply` instead

Note: The updated constant is in a different namespace. Dot notation may need to be changed (e.g., from `x.smul_apply` to `smul_apply x`).
warning: DoCarmoLib/Riemannian/Jacobi/ChartCurvatureContraction.lean:137:8: Overlapping instance parameters in `chartCurvatureOp_apply`:

⚠️ `[NormedSpace ℝ E]` and `[InnerProductSpace ℝ E]` can be used to infer conflicting versions of `[SMul ℝ E]`.
💡️ Of these, `[NormedSpace ℝ E]` may be removed.
⚠️ `[Module.Finite ℝ E]` and `[FiniteDimensional ℝ E]` each imply `[Module.Finite ℝ E]`.
💡️ Of these, `[Module.Finite ℝ E]` and `[FiniteDimensional ℝ E]` may be removed.

When a data-carrying type class has multiple potential instances coming from different instance parameters, then these potential instances are incompatible. This is an example of an "instance diamond", which leads to unexpected unification failures.

Delete or combine some of your instance parameters to avoid this.

Note: This linter can be disabled with `set_option linter.overlappingInstances false`
warning: DoCarmoLib/Riemannian/Jacobi/ChartCurvatureContraction.lean:153:8: Overlapping instance parameters in `chartMetricInner_sum_right`:

⚠️ `[NormedSpace ℝ E]` and `[InnerProductSpace ℝ E]` can be used to infer conflicting versions of `[SMul ℝ E]`.
💡️ Of these, `[NormedSpace ℝ E]` may be removed.
⚠️ `[Module.Finite ℝ E]` and `[FiniteDimensional ℝ E]` each imply `[Module.Finite ℝ E]`.
💡️ Of these, `[Module.Finite ℝ E]` and `[FiniteDimensional ℝ E]` may be removed.

When a data-carrying type class has multiple potential instances coming from different instance parameters, then these potential instances are incompatible. This is an example of an "instance diamond", which leads to unexpected unification failures.

Delete or combine some of your instance parameters to avoid this.

Note: This linter can be disabled with `set_option linter.overlappingInstances false`
warning: DoCarmoLib/Riemannian/Jacobi/ChartCurvatureContraction.lean:170:8: Overlapping instance parameters in `sum_jacobiCoef_quadratic`:

⚠️ `[NormedSpace ℝ E]` and `[InnerProductSpace ℝ E]` can be used to infer conflicting versions of `[SMul ℝ E]`.
💡️ Of these, `[NormedSpace ℝ E]` may be removed.
⚠️ `[Module.Finite ℝ E]` and `[FiniteDimensional ℝ E]` each imply `[Module.Finite ℝ E]`.
💡️ Of these, `[Module.Finite ℝ E]` and `[FiniteDimensional ℝ E]` may be removed.

When a data-carrying type class has multiple potential instances coming from different instance parameters, then these potential instances are incompatible. This is an example of an "instance diamond", which leads to unexpected unification failures.

Delete or combine some of your instance parameters to avoid this.

Note: This linter can be disabled with `set_option linter.overlappingInstances false`
warning: DoCarmoLib/Riemannian/Jacobi/ChartCurvatureContraction.lean:195:8: Overlapping instance parameters in `jacobiCoefOp_quadratic_nonpos`:

⚠️ `[NormedSpace ℝ E]` and `[InnerProductSpace ℝ E]` can be used to infer conflicting versions of `[SMul ℝ E]`.
💡️ Of these, `[NormedSpace ℝ E]` may be removed.
⚠️ `[Module.Finite ℝ E]` and `[FiniteDimensional ℝ E]` each imply `[Module.Finite ℝ E]`.
💡️ Of these, `[Module.Finite ℝ E]` and `[FiniteDimensional ℝ E]` may be removed.

When a data-carrying type class has multiple potential instances coming from different instance parameters, then these potential instances are incompatible. This is an example of an "instance diamond", which leads to unexpected unification failures.

Delete or combine some of your instance parameters to avoid this.

Note: This linter can be disabled with `set_option linter.overlappingInstances false`
warning: DoCarmoLib/Riemannian/Jacobi/ChartCurvatureContraction.lean:221:8: Overlapping instance parameters in `frameJacobi_ne_zero_of_nonpos`:

⚠️ `[NormedSpace ℝ E]` and `[InnerProductSpace ℝ E]` can be used to infer conflicting versions of `[SMul ℝ E]`.
💡️ Of these, `[NormedSpace ℝ E]` may be removed.
⚠️ `[Module.Finite ℝ E]` and `[FiniteDimensional ℝ E]` each imply `[Module.Finite ℝ E]`.
💡️ Of these, `[Module.Finite ℝ E]` and `[FiniteDimensional ℝ E]` may be removed.

When a data-carrying type class has multiple potential instances coming from different instance parameters, then these potential instances are incompatible. This is an example of an "instance diamond", which leads to unexpected unification failures.

Delete or combine some of your instance parameters to avoid this.

Note: This linter can be disabled with `set_option linter.overlappingInstances false`
warning: DoCarmoLib/Riemannian/Jacobi/ChartCurvatureContraction.lean:301:8: Overlapping instance parameters in `exists_jacobiField`:

⚠️ `[NormedSpace ℝ E]` and `[InnerProductSpace ℝ E]` can be used to infer conflicting versions of `[SMul ℝ E]`.
💡️ Of these, `[NormedSpace ℝ E]` may be removed.
⚠️ `[Module.Finite ℝ E]` and `[FiniteDimensional ℝ E]` each imply `[Module.Finite ℝ E]`.
💡️ Of these, `[Module.Finite ℝ E]` and `[FiniteDimensional ℝ E]` may be removed.

When a data-carrying type class has multiple potential instances coming from different instance parameters, then these potential instances are incompatible. This is an example of an "instance diamond", which leads to unexpected unification failures.

Delete or combine some of your instance parameters to avoid this.

Note: This linter can be disabled with `set_option linter.overlappingInstances false`
warning: DoCarmoLib/Riemannian/Jacobi/ChartCurvatureContraction.lean:343:8: Overlapping instance parameters in `jacobiField_eqOn`:

⚠️ `[NormedSpace ℝ E]` and `[InnerProductSpace ℝ E]` can be used to infer conflicting versions of `[SMul ℝ E]`.
💡️ Of these, `[NormedSpace ℝ E]` may be removed.
⚠️ `[Module.Finite ℝ E]` and `[FiniteDimensional ℝ E]` each imply `[Module.Finite ℝ E]`.
💡️ Of these, `[Module.Finite ℝ E]` and `[FiniteDimensional ℝ E]` may be removed.

When a data-carrying type class has multiple potential instances coming from different instance parameters, then these potential instances are incompatible. This is an example of an "instance diamond", which leads to unexpected unification failures.

Delete or combine some of your instance parameters to avoid this.

Note: This linter can be disabled with `set_option linter.overlappingInstances false`
⚠ [3115/3195] Replayed DoCarmoLib.Riemannian.Connection.ChartCurvatureMovingPoint
warning: DoCarmoLib/Riemannian/Connection/ChartCurvatureMovingPoint.lean:72:8: Overlapping instance parameters in `leviCivita_cov_frame_expansion`:

⚠️ `[NormedSpace ℝ E]` and `[InnerProductSpace ℝ E]` can be used to infer conflicting versions of `[SMul ℝ E]`.
💡️ Of these, `[NormedSpace ℝ E]` may be removed.

When a data-carrying type class has multiple potential instances coming from different instance parameters, then these potential instances are incompatible. This is an example of an "instance diamond", which leads to unexpected unification failures.

Delete or combine some of your instance parameters to avoid this.

Note: This linter can be disabled with `set_option linter.overlappingInstances false`
warning: DoCarmoLib/Riemannian/Connection/ChartCurvatureMovingPoint.lean:115:8: Overlapping instance parameters in `leviCivita_cov_cov_frame_expansion`:

⚠️ `[NormedSpace ℝ E]` and `[InnerProductSpace ℝ E]` can be used to infer conflicting versions of `[SMul ℝ E]`.
💡️ Of these, `[NormedSpace ℝ E]` may be removed.

When a data-carrying type class has multiple potential instances coming from different instance parameters, then these potential instances are incompatible. This is an example of an "instance diamond", which leads to unexpected unification failures.

Delete or combine some of your instance parameters to avoid this.

Note: This linter can be disabled with `set_option linter.overlappingInstances false`
warning: DoCarmoLib/Riemannian/Connection/ChartCurvatureMovingPoint.lean:247:8: Overlapping instance parameters in `leviCivita_curvature_frame_expansion`:

⚠️ `[NormedSpace ℝ E]` and `[InnerProductSpace ℝ E]` can be used to infer conflicting versions of `[SMul ℝ E]`.
💡️ Of these, `[NormedSpace ℝ E]` may be removed.

When a data-carrying type class has multiple potential instances coming from different instance parameters, then these potential instances are incompatible. This is an example of an "instance diamond", which leads to unexpected unification failures.

Delete or combine some of your instance parameters to avoid this.

Note: This linter can be disabled with `set_option linter.overlappingInstances false`
warning: DoCarmoLib/Riemannian/Connection/ChartCurvatureMovingPoint.lean:298:8: Overlapping instance parameters in `curvatureOperatorAt_add_left`:

⚠️ `[NormedSpace ℝ E]` and `[InnerProductSpace ℝ E]` can be used to infer conflicting versions of `[SMul ℝ E]`.
💡️ Of these, `[NormedSpace ℝ E]` may be removed.

When a data-carrying type class has multiple potential instances coming from different instance parameters, then these potential instances are incompatible. This is an example of an "instance diamond", which leads to unexpected unification failures.

Delete or combine some of your instance parameters to avoid this.

Note: This linter can be disabled with `set_option linter.overlappingInstances false`
warning: DoCarmoLib/Riemannian/Connection/ChartCurvatureMovingPoint.lean:312:8: Overlapping instance parameters in `curvatureOperatorAt_add_middle`:

⚠️ `[NormedSpace ℝ E]` and `[InnerProductSpace ℝ E]` can be used to infer conflicting versions of `[SMul ℝ E]`.
💡️ Of these, `[NormedSpace ℝ E]` may be removed.

When a data-carrying type class has multiple potential instances coming from different instance parameters, then these potential instances are incompatible. This is an example of an "instance diamond", which leads to unexpected unification failures.

Delete or combine some of your instance parameters to avoid this.

Note: This linter can be disabled with `set_option linter.overlappingInstances false`
warning: DoCarmoLib/Riemannian/Connection/ChartCurvatureMovingPoint.lean:327:8: Overlapping instance parameters in `curvatureOperatorAt_add_right`:

⚠️ `[NormedSpace ℝ E]` and `[InnerProductSpace ℝ E]` can be used to infer conflicting versions of `[SMul ℝ E]`.
💡️ Of these, `[NormedSpace ℝ E]` may be removed.

When a data-carrying type class has multiple potential instances coming from different instance parameters, then these potential instances are incompatible. This is an example of an "instance diamond", which leads to unexpected unification failures.

Delete or combine some of your instance parameters to avoid this.

Note: This linter can be disabled with `set_option linter.overlappingInstances false`
warning: DoCarmoLib/Riemannian/Connection/ChartCurvatureMovingPoint.lean:341:8: Overlapping instance parameters in `curvatureOperatorAt_smul_left`:

⚠️ `[NormedSpace ℝ E]` and `[InnerProductSpace ℝ E]` can be used to infer conflicting versions of `[SMul ℝ E]`.
💡️ Of these, `[NormedSpace ℝ E]` may be removed.

When a data-carrying type class has multiple potential instances coming from different instance parameters, then these potential instances are incompatible. This is an example of an "instance diamond", which leads to unexpected unification failures.

Delete or combine some of your instance parameters to avoid this.

Note: This linter can be disabled with `set_option linter.overlappingInstances false`
warning: DoCarmoLib/Riemannian/Connection/ChartCurvatureMovingPoint.lean:353:8: Overlapping instance parameters in `curvatureOperatorAt_smul_middle`:

⚠️ `[NormedSpace ℝ E]` and `[InnerProductSpace ℝ E]` can be used to infer conflicting versions of `[SMul ℝ E]`.
💡️ Of these, `[NormedSpace ℝ E]` may be removed.

When a data-carrying type class has multiple potential instances coming from different instance parameters, then these potential instances are incompatible. This is an example of an "instance diamond", which leads to unexpected unification failures.

Delete or combine some of your instance parameters to avoid this.

Note: This linter can be disabled with `set_option linter.overlappingInstances false`
warning: DoCarmoLib/Riemannian/Connection/ChartCurvatureMovingPoint.lean:366:8: Overlapping instance parameters in `curvatureOperatorAt_smul_right`:

⚠️ `[NormedSpace ℝ E]` and `[InnerProductSpace ℝ E]` can be used to infer conflicting versions of `[SMul ℝ E]`.
💡️ Of these, `[NormedSpace ℝ E]` may be removed.

When a data-carrying type class has multiple potential instances coming from different instance parameters, then these potential instances are incompatible. This is an example of an "instance diamond", which leads to unexpected unification failures.

Delete or combine some of your instance parameters to avoid this.

Note: This linter can be disabled with `set_option linter.overlappingInstances false`
warning: DoCarmoLib/Riemannian/Connection/ChartCurvatureMovingPoint.lean:392:8: Overlapping instance parameters in `curvatureOperatorAt_chartBasis_expansion`:

⚠️ `[NormedSpace ℝ E]` and `[InnerProductSpace ℝ E]` can be used to infer conflicting versions of `[SMul ℝ E]`.
💡️ Of these, `[NormedSpace ℝ E]` may be removed.

When a data-carrying type class has multiple potential instances coming from different instance parameters, then these potential instances are incompatible. This is an example of an "instance diamond", which leads to unexpected unification failures.

Delete or combine some of your instance parameters to avoid this.

Note: This linter can be disabled with `set_option linter.overlappingInstances false`
ℹ [3116/3195] Replayed MorganTianLib.Ch03.RicciFlow.CurvatureCoordinateVariation
info: MorganTianLib/Ch03/RicciFlow/CurvatureCoordinateVariation.lean:145:0: 'MorganTianLib.hasDerivAt_chartCurvatureCoef' depends on axioms: [propext, Classical.choice, Quot.sound]
info: MorganTianLib/Ch03/RicciFlow/CurvatureCoordinateVariation.lean:442:0: 'MorganTianLib.curvatureFormAt_eq_affineCurvatureFormAt' depends on axioms: [propext, Classical.choice, Quot.sound]
info: MorganTianLib/Ch03/RicciFlow/CurvatureCoordinateVariation.lean:443:0: 'MorganTianLib.ricciAt_leviCivita_eq_ricciTensorAt' depends on axioms: [propext, Classical.choice, Quot.sound]
info: MorganTianLib/Ch03/RicciFlow/CurvatureCoordinateVariation.lean:444:0: 'MorganTianLib.chartRicciCoefOnE_eq_ricciTensorAt_chartBasis' depends on axioms: [propext, Classical.choice, Quot.sound]
info: MorganTianLib/Ch03/RicciFlow/CurvatureCoordinateVariation.lean:445:0: 'MorganTianLib.chartScalarCurvatureOnE_eq_scalarCurvatureAt' depends on axioms: [propext, Classical.choice, Quot.sound]
info: MorganTianLib/Ch03/RicciFlow/CurvatureCoordinateVariation.lean:446:0: 'MorganTianLib.hasDerivAt_chartRicciCoefOnE' depends on axioms: [propext, Classical.choice, Quot.sound]
info: MorganTianLib/Ch03/RicciFlow/CurvatureCoordinateVariation.lean:447:0: 'MorganTianLib.hasDerivAt_ricciAt_leviCivita_chartBasis' depends on axioms: [propext, Classical.choice, Quot.sound]
info: MorganTianLib/Ch03/RicciFlow/CurvatureCoordinateVariation.lean:448:0: 'MorganTianLib.hasDerivAt_chartScalarCurvatureOnE' depends on axioms: [propext, Classical.choice, Quot.sound]
info: MorganTianLib/Ch03/RicciFlow/CurvatureCoordinateVariation.lean:449:0: 'MorganTianLib.hasDerivAt_chartScalarCurvatureOnE_of_isRicciFlowOn' depends on axioms: [propext,
 Classical.choice,
 Quot.sound]
info: MorganTianLib/Ch03/RicciFlow/CurvatureCoordinateVariation.lean:450:0: 'MorganTianLib.hasDerivAt_scalarCurvatureAt_leviCivita' depends on axioms: [propext, Classical.choice, Quot.sound]
info: MorganTianLib/Ch03/RicciFlow/CurvatureCoordinateVariation.lean:451:0: 'MorganTianLib.hasDerivAt_scalarCurvatureAt_leviCivita_of_isRicciFlowOn' depends on axioms: [propext,
 Classical.choice,
 Quot.sound]
⚠ [3121/3195] Replayed MorganTianLib.Ch01.ComparisonFunctions
warning: MorganTianLib/Ch01/ComparisonFunctions.lean:1:0: 'Mathlib.Data.Real.Sqrt' has been deprecated: please replace this import by

import Mathlib.Analysis.Real.Sqrt
⚠ [3126/3195] Replayed MorganTianLib.Ch01.OrthoFrame
warning: MorganTianLib/Ch01/OrthoFrame.lean:63:8: Overlapping instance parameters in `contMDiffOn_inner_sections`:

⚠️ `[NormedSpace ℝ E]` and `[InnerProductSpace ℝ E]` can be used to infer conflicting versions of `[SMul ℝ E]`.
💡️ Of these, `[NormedSpace ℝ E]` may be removed.

When a data-carrying type class has multiple potential instances coming from different instance parameters, then these potential instances are incompatible. This is an example of an "instance diamond", which leads to unexpected unification failures.

Delete or combine some of your instance parameters to avoid this.

Note: This linter can be disabled with `set_option linter.overlappingInstances false`
warning: MorganTianLib/Ch01/OrthoFrame.lean:89:8: Overlapping instance parameters in `contMDiffOn_chartFrameNorm_section`:

⚠️ `[NormedSpace ℝ E]` and `[InnerProductSpace ℝ E]` can be used to infer conflicting versions of `[SMul ℝ E]`.
💡️ Of these, `[NormedSpace ℝ E]` may be removed.

When a data-carrying type class has multiple potential instances coming from different instance parameters, then these potential instances are incompatible. This is an example of an "instance diamond", which leads to unexpected unification failures.

Delete or combine some of your instance parameters to avoid this.

Note: This linter can be disabled with `set_option linter.overlappingInstances false`
warning: MorganTianLib/Ch01/OrthoFrame.lean:207:8: Overlapping instance parameters in `contMDiff_smoothOrthoFrame_section`:

⚠️ `[NormedSpace ℝ E]` and `[InnerProductSpace ℝ E]` can be used to infer conflicting versions of `[SMul ℝ E]`.
💡️ Of these, `[NormedSpace ℝ E]` may be removed.

When a data-carrying type class has multiple potential instances coming from different instance parameters, then these potential instances are incompatible. This is an example of an "instance diamond", which leads to unexpected unification failures.

Delete or combine some of your instance parameters to avoid this.

Note: This linter can be disabled with `set_option linter.overlappingInstances false`
warning: MorganTianLib/Ch01/OrthoFrame.lean:234:4: Overlapping instance parameters in `orthoFrameField`:

⚠️ `[NormedSpace ℝ E]` and `[InnerProductSpace ℝ E]` can be used to infer conflicting versions of `[SMul ℝ E]`.
💡️ Of these, `[NormedSpace ℝ E]` may be removed.

When a data-carrying type class has multiple potential instances coming from different instance parameters, then these potential instances are incompatible. This is an example of an "instance diamond", which leads to unexpected unification failures.

Delete or combine some of your instance parameters to avoid this.

Note: This linter can be disabled with `set_option linter.overlappingInstances false`
warning: MorganTianLib/Ch01/OrthoFrame.lean:239:16: Overlapping instance parameters in `orthoFrameField_apply`:

⚠️ `[NormedSpace ℝ E]` and `[InnerProductSpace ℝ E]` can be used to infer conflicting versions of `[SMul ℝ E]`.
💡️ Of these, `[NormedSpace ℝ E]` may be removed.

When a data-carrying type class has multiple potential instances coming from different instance parameters, then these potential instances are incompatible. This is an example of an "instance diamond", which leads to unexpected unification failures.

Delete or combine some of your instance parameters to avoid this.

Note: This linter can be disabled with `set_option linter.overlappingInstances false`
warning: MorganTianLib/Ch01/OrthoFrame.lean:251:4: Overlapping instance parameters in `orthoFrameSet`:

⚠️ `[NormedSpace ℝ E]` and `[InnerProductSpace ℝ E]` can be used to infer conflicting versions of `[SMul ℝ E]`.
💡️ Of these, `[NormedSpace ℝ E]` may be removed.

When a data-carrying type class has multiple potential instances coming from different instance parameters, then these potential instances are incompatible. This is an example of an "instance diamond", which leads to unexpected unification failures.

Delete or combine some of your instance parameters to avoid this.

Note: This linter can be disabled with `set_option linter.overlappingInstances false`
warning: MorganTianLib/Ch01/OrthoFrame.lean:254:8: Overlapping instance parameters in `isOpen_orthoFrameSet`:

⚠️ `[NormedSpace ℝ E]` and `[InnerProductSpace ℝ E]` can be used to infer conflicting versions of `[SMul ℝ E]`.
💡️ Of these, `[NormedSpace ℝ E]` may be removed.

When a data-carrying type class has multiple potential instances coming from different instance parameters, then these potential instances are incompatible. This is an example of an "instance diamond", which leads to unexpected unification failures.

Delete or combine some of your instance parameters to avoid this.

Note: This linter can be disabled with `set_option linter.overlappingInstances false`
warning: MorganTianLib/Ch01/OrthoFrame.lean:257:8: Overlapping instance parameters in `orthoFrameSet_mem_nhds`:

⚠️ `[NormedSpace ℝ E]` and `[InnerProductSpace ℝ E]` can be used to infer conflicting versions of `[SMul ℝ E]`.
💡️ Of these, `[NormedSpace ℝ E]` may be removed.

When a data-carrying type class has multiple potential instances coming from different instance parameters, then these potential instances are incompatible. This is an example of an "instance diamond", which leads to unexpected unification failures.

Delete or combine some of your instance parameters to avoid this.

Note: This linter can be disabled with `set_option linter.overlappingInstances false`
warning: MorganTianLib/Ch01/OrthoFrame.lean:261:8: Overlapping instance parameters in `mem_orthoFrameSet_self`:

⚠️ `[NormedSpace ℝ E]` and `[InnerProductSpace ℝ E]` can be used to infer conflicting versions of `[SMul ℝ E]`.
💡️ Of these, `[NormedSpace ℝ E]` may be removed.

When a data-carrying type class has multiple potential instances coming from different instance parameters, then these potential instances are incompatible. This is an example of an "instance diamond", which leads to unexpected unification failures.

Delete or combine some of your instance parameters to avoid this.

Note: This linter can be disabled with `set_option linter.overlappingInstances false`
warning: MorganTianLib/Ch01/OrthoFrame.lean:265:8: Overlapping instance parameters in `orthoFrameSet_subset_nbhd`:

⚠️ `[NormedSpace ℝ E]` and `[InnerProductSpace ℝ E]` can be used to infer conflicting versions of `[SMul ℝ E]`.
💡️ Of these, `[NormedSpace ℝ E]` may be removed.

When a data-carrying type class has multiple potential instances coming from different instance parameters, then these potential instances are incompatible. This is an example of an "instance diamond", which leads to unexpected unification failures.

Delete or combine some of your instance parameters to avoid this.

Note: This linter can be disabled with `set_option linter.overlappingInstances false`
warning: MorganTianLib/Ch01/OrthoFrame.lean:272:8: Overlapping instance parameters in `orthoFrameField_orthonormal`:

⚠️ `[NormedSpace ℝ E]` and `[InnerProductSpace ℝ E]` can be used to infer conflicting versions of `[SMul ℝ E]`.
💡️ Of these, `[NormedSpace ℝ E]` may be removed.

When a data-carrying type class has multiple potential instances coming from different instance parameters, then these potential instances are incompatible. This is an example of an "instance diamond", which leads to unexpected unification failures.

Delete or combine some of your instance parameters to avoid this.

Note: This linter can be disabled with `set_option linter.overlappingInstances false`
warning: MorganTianLib/Ch01/OrthoFrame.lean:284:8: Overlapping instance parameters in `orthoFrameField_orthonormal_family`:

⚠️ `[NormedSpace ℝ E]` and `[InnerProductSpace ℝ E]` can be used to infer conflicting versions of `[SMul ℝ E]`.
💡️ Of these, `[NormedSpace ℝ E]` may be removed.

When a data-carrying type class has multiple potential instances coming from different instance parameters, then these potential instances are incompatible. This is an example of an "instance diamond", which leads to unexpected unification failures.

Delete or combine some of your instance parameters to avoid this.

Note: This linter can be disabled with `set_option linter.overlappingInstances false`
warning: MorganTianLib/Ch01/OrthoFrame.lean:299:4: Overlapping instance parameters in `orthoFrameBasis`:

⚠️ `[NormedSpace ℝ E]` and `[InnerProductSpace ℝ E]` can be used to infer conflicting versions of `[SMul ℝ E]`.
💡️ Of these, `[NormedSpace ℝ E]` may be removed.

When a data-carrying type class has multiple potential instances coming from different instance parameters, then these potential instances are incompatible. This is an example of an "instance diamond", which leads to unexpected unification failures.

Delete or combine some of your instance parameters to avoid this.

Note: This linter can be disabled with `set_option linter.overlappingInstances false`
warning: MorganTianLib/Ch01/OrthoFrame.lean:313:16: Overlapping instance parameters in `orthoFrameBasis_apply`:

⚠️ `[NormedSpace ℝ E]` and `[InnerProductSpace ℝ E]` can be used to infer conflicting versions of `[SMul ℝ E]`.
💡️ Of these, `[NormedSpace ℝ E]` may be removed.

When a data-carrying type class has multiple potential instances coming from different instance parameters, then these potential instances are incompatible. This is an example of an "instance diamond", which leads to unexpected unification failures.

Delete or combine some of your instance parameters to avoid this.

Note: This linter can be disabled with `set_option linter.overlappingInstances false`
warning: MorganTianLib/Ch01/OrthoFrame.lean:328:8: Overlapping instance parameters in `orthoFrameField_expansion`:

⚠️ `[NormedSpace ℝ E]` and `[InnerProductSpace ℝ E]` can be used to infer conflicting versions of `[SMul ℝ E]`.
💡️ Of these, `[NormedSpace ℝ E]` may be removed.

When a data-carrying type class has multiple potential instances coming from different instance parameters, then these potential instances are incompatible. This is an example of an "instance diamond", which leads to unexpected unification failures.

Delete or combine some of your instance parameters to avoid this.

Note: This linter can be disabled with `set_option linter.overlappingInstances false`
⚠ [3127/3195] Replayed MorganTianLib.Ch01.RicciFrame
warning: MorganTianLib/Ch01/RicciFrame.lean:64:8: Overlapping instance parameters in `dir_congr_nhds`:

⚠️ `[NormedSpace ℝ E]` and `[InnerProductSpace ℝ E]` can be used to infer conflicting versions of `[SMul ℝ E]`.
💡️ Of these, `[NormedSpace ℝ E]` may be removed.

When a data-carrying type class has multiple potential instances coming from different instance parameters, then these potential instances are incompatible. This is an example of an "instance diamond", which leads to unexpected unification failures.

Delete or combine some of your instance parameters to avoid this.

Note: This linter can be disabled with `set_option linter.overlappingInstances false`
warning: MorganTianLib/Ch01/RicciFrame.lean:72:8: Overlapping instance parameters in `dir_eventuallyEq_const`:

⚠️ `[NormedSpace ℝ E]` and `[InnerProductSpace ℝ E]` can be used to infer conflicting versions of `[SMul ℝ E]`.
💡️ Of these, `[NormedSpace ℝ E]` may be removed.

When a data-carrying type class has multiple potential instances coming from different instance parameters, then these potential instances are incompatible. This is an example of an "instance diamond", which leads to unexpected unification failures.

Delete or combine some of your instance parameters to avoid this.

Note: This linter can be disabled with `set_option linter.overlappingInstances false`
warning: MorganTianLib/Ch01/RicciFrame.lean:81:8: Overlapping instance parameters in `mdifferentiableAt_finset_sum`:

⚠️ `[NormedSpace ℝ E]` and `[InnerProductSpace ℝ E]` can be used to infer conflicting versions of `[SMul ℝ E]`.
💡️ Of these, `[NormedSpace ℝ E]` may be removed.

When a data-carrying type class has multiple potential instances coming from different instance parameters, then these potential instances are incompatible. This is an example of an "instance diamond", which leads to unexpected unification failures.

Delete or combine some of your instance parameters to avoid this.

Note: This linter can be disabled with `set_option linter.overlappingInstances false`
warning: MorganTianLib/Ch01/RicciFrame.lean:98:8: Overlapping instance parameters in `dir_finset_sum`:

⚠️ `[NormedSpace ℝ E]` and `[InnerProductSpace ℝ E]` can be used to infer conflicting versions of `[SMul ℝ E]`.
💡️ Of these, `[NormedSpace ℝ E]` may be removed.

When a data-carrying type class has multiple potential instances coming from different instance parameters, then these potential instances are incompatible. This is an example of an "instance diamond", which leads to unexpected unification failures.

Delete or combine some of your instance parameters to avoid this.

Note: This linter can be disabled with `set_option linter.overlappingInstances false`
warning: MorganTianLib/Ch01/RicciFrame.lean:120:8: Overlapping instance parameters in `curvatureForm_mdifferentiableAt`:

⚠️ `[NormedSpace ℝ E]` and `[InnerProductSpace ℝ E]` can be used to infer conflicting versions of `[SMul ℝ E]`.
💡️ Of these, `[NormedSpace ℝ E]` may be removed.

When a data-carrying type class has multiple potential instances coming from different instance parameters, then these potential instances are incompatible. This is an example of an "instance diamond", which leads to unexpected unification failures.

Delete or combine some of your instance parameters to avoid this.

Note: This linter can be disabled with `set_option linter.overlappingInstances false`
warning: MorganTianLib/Ch01/RicciFrame.lean:130:8: Overlapping instance parameters in `curvatureFormAt_sum_fst`:

⚠️ `[NormedSpace ℝ E]` and `[InnerProductSpace ℝ E]` can be used to infer conflicting versions of `[SMul ℝ E]`.
💡️ Of these, `[NormedSpace ℝ E]` may be removed.

When a data-carrying type class has multiple potential instances coming from different instance parameters, then these potential instances are incompatible. This is an example of an "instance diamond", which leads to unexpected unification failures.

Delete or combine some of your instance parameters to avoid this.

Note: This linter can be disabled with `set_option linter.overlappingInstances false`
warning: MorganTianLib/Ch01/RicciFrame.lean:146:8: Overlapping instance parameters in `curvatureFormAt_sum_snd`:

⚠️ `[NormedSpace ℝ E]` and `[InnerProductSpace ℝ E]` can be used to infer conflicting versions of `[SMul ℝ E]`.
💡️ Of these, `[NormedSpace ℝ E]` may be removed.

When a data-carrying type class has multiple potential instances coming from different instance parameters, then these potential instances are incompatible. This is an example of an "instance diamond", which leads to unexpected unification failures.

Delete or combine some of your instance parameters to avoid this.

Note: This linter can be disabled with `set_option linter.overlappingInstances false`
warning: MorganTianLib/Ch01/RicciFrame.lean:162:8: Overlapping instance parameters in `curvatureFormAt_sum_trd`:

⚠️ `[NormedSpace ℝ E]` and `[InnerProductSpace ℝ E]` can be used to infer conflicting versions of `[SMul ℝ E]`.
💡️ Of these, `[NormedSpace ℝ E]` may be removed.

When a data-carrying type class has multiple potential instances coming from different instance parameters, then these potential instances are incompatible. This is an example of an "instance diamond", which leads to unexpected unification failures.

Delete or combine some of your instance parameters to avoid this.

Note: This linter can be disabled with `set_option linter.overlappingInstances false`
warning: MorganTianLib/Ch01/RicciFrame.lean:178:8: Overlapping instance parameters in `curvatureFormAt_sum_fth`:

⚠️ `[NormedSpace ℝ E]` and `[InnerProductSpace ℝ E]` can be used to infer conflicting versions of `[SMul ℝ E]`.
💡️ Of these, `[NormedSpace ℝ E]` may be removed.

When a data-carrying type class has multiple potential instances coming from different instance parameters, then these potential instances are incompatible. This is an example of an "instance diamond", which leads to unexpected unification failures.

Delete or combine some of your instance parameters to avoid this.

Note: This linter can be disabled with `set_option linter.overlappingInstances false`
warning: MorganTianLib/Ch01/RicciFrame.lean:197:4: Overlapping instance parameters in `ricciField`:

⚠️ `[NormedSpace ℝ E]` and `[InnerProductSpace ℝ E]` can be used to infer conflicting versions of `[SMul ℝ E]`.
💡️ Of these, `[NormedSpace ℝ E]` may be removed.

When a data-carrying type class has multiple potential instances coming from different instance parameters, then these potential instances are incompatible. This is an example of an "instance diamond", which leads to unexpected unification failures.

Delete or combine some of your instance parameters to avoid this.

Note: This linter can be disabled with `set_option linter.overlappingInstances false`
warning: MorganTianLib/Ch01/RicciFrame.lean:208:8: Overlapping instance parameters in `ricciField_eq_frame_sum`:

⚠️ `[NormedSpace ℝ E]` and `[InnerProductSpace ℝ E]` can be used to infer conflicting versions of `[SMul ℝ E]`.
💡️ Of these, `[NormedSpace ℝ E]` may be removed.

When a data-carrying type class has multiple potential instances coming from different instance parameters, then these potential instances are incompatible. This is an example of an "instance diamond", which leads to unexpected unification failures.

Delete or combine some of your instance parameters to avoid this.

Note: This linter can be disabled with `set_option linter.overlappingInstances false`
warning: MorganTianLib/Ch01/RicciFrame.lean:229:8: Overlapping instance parameters in `scalarCurvatureAt_eq_frame_sum`:

⚠️ `[NormedSpace ℝ E]` and `[InnerProductSpace ℝ E]` can be used to infer conflicting versions of `[SMul ℝ E]`.
💡️ Of these, `[NormedSpace ℝ E]` may be removed.

When a data-carrying type class has multiple potential instances coming from different instance parameters, then these potential instances are incompatible. This is an example of an "instance diamond", which leads to unexpected unification failures.

Delete or combine some of your instance parameters to avoid this.

Note: This linter can be disabled with `set_option linter.overlappingInstances false`
warning: MorganTianLib/Ch01/RicciFrame.lean:251:8: Overlapping instance parameters in `ricciField_mdifferentiableAt`:

⚠️ `[NormedSpace ℝ E]` and `[InnerProductSpace ℝ E]` can be used to infer conflicting versions of `[SMul ℝ E]`.
💡️ Of these, `[NormedSpace ℝ E]` may be removed.

When a data-carrying type class has multiple potential instances coming from different instance parameters, then these potential instances are incompatible. This is an example of an "instance diamond", which leads to unexpected unification failures.

Delete or combine some of your instance parameters to avoid this.

Note: This linter can be disabled with `set_option linter.overlappingInstances false`
warning: MorganTianLib/Ch01/RicciFrame.lean:268:8: Overlapping instance parameters in `scalarCurvatureAt_mdifferentiableAt`:

⚠️ `[NormedSpace ℝ E]` and `[InnerProductSpace ℝ E]` can be used to infer conflicting versions of `[SMul ℝ E]`.
💡️ Of these, `[NormedSpace ℝ E]` may be removed.

When a data-carrying type class has multiple potential instances coming from different instance parameters, then these potential instances are incompatible. This is an example of an "instance diamond", which leads to unexpected unification failures.

Delete or combine some of your instance parameters to avoid this.

Note: This linter can be disabled with `set_option linter.overlappingInstances false`
warning: MorganTianLib/Ch01/RicciFrame.lean:290:8: Overlapping instance parameters in `orthoFrame_connection_antisymm`:

⚠️ `[NormedSpace ℝ E]` and `[InnerProductSpace ℝ E]` can be used to infer conflicting versions of `[SMul ℝ E]`.
💡️ Of these, `[NormedSpace ℝ E]` may be removed.

When a data-carrying type class has multiple potential instances coming from different instance parameters, then these potential instances are incompatible. This is an example of an "instance diamond", which leads to unexpected unification failures.

Delete or combine some of your instance parameters to avoid this.

Note: This linter can be disabled with `set_option linter.overlappingInstances false`
warning: MorganTianLib/Ch01/RicciFrame.lean:349:8: Overlapping instance parameters in `sum_curvature_cov_corrections_snd_fth`:

⚠️ `[NormedSpace ℝ E]` and `[InnerProductSpace ℝ E]` can be used to infer conflicting versions of `[SMul ℝ E]`.
💡️ Of these, `[NormedSpace ℝ E]` may be removed.

When a data-carrying type class has multiple potential instances coming from different instance parameters, then these potential instances are incompatible. This is an example of an "instance diamond", which leads to unexpected unification failures.

Delete or combine some of your instance parameters to avoid this.

Note: This linter can be disabled with `set_option linter.overlappingInstances false`
warning: MorganTianLib/Ch01/RicciFrame.lean:407:8: Overlapping instance parameters in `sum_curvature_cov_corrections_fst_trd`:

⚠️ `[NormedSpace ℝ E]` and `[InnerProductSpace ℝ E]` can be used to infer conflicting versions of `[SMul ℝ E]`.
💡️ Of these, `[NormedSpace ℝ E]` may be removed.

When a data-carrying type class has multiple potential instances coming from different instance parameters, then these potential instances are incompatible. This is an example of an "instance diamond", which leads to unexpected unification failures.

Delete or combine some of your instance parameters to avoid this.

Note: This linter can be disabled with `set_option linter.overlappingInstances false`
warning: MorganTianLib/Ch01/RicciFrame.lean:516:8: Overlapping instance parameters in `sum_curvature_cov_corrections_snd_fth_diag`:

⚠️ `[NormedSpace ℝ E]` and `[InnerProductSpace ℝ E]` can be used to infer conflicting versions of `[SMul ℝ E]`.
💡️ Of these, `[NormedSpace ℝ E]` may be removed.

When a data-carrying type class has multiple potential instances coming from different instance parameters, then these potential instances are incompatible. This is an example of an "instance diamond", which leads to unexpected unification failures.

Delete or combine some of your instance parameters to avoid this.

Note: This linter can be disabled with `set_option linter.overlappingInstances false`
⚠ [3129/3195] Replayed MorganTianLib.Ch01.RicciDivergence
warning: MorganTianLib/Ch01/RicciDivergence.lean:71:8: Overlapping instance parameters in `ricciAt_add_left`:

⚠️ `[NormedSpace ℝ E]` and `[InnerProductSpace ℝ E]` can be used to infer conflicting versions of `[SMul ℝ E]`.
💡️ Of these, `[NormedSpace ℝ E]` may be removed.

When a data-carrying type class has multiple potential instances coming from different instance parameters, then these potential instances are incompatible. This is an example of an "instance diamond", which leads to unexpected unification failures.

Delete or combine some of your instance parameters to avoid this.

Note: This linter can be disabled with `set_option linter.overlappingInstances false`
warning: MorganTianLib/Ch01/RicciDivergence.lean:81:8: Overlapping instance parameters in `ricciAt_smul_left`:

⚠️ `[NormedSpace ℝ E]` and `[InnerProductSpace ℝ E]` can be used to infer conflicting versions of `[SMul ℝ E]`.
💡️ Of these, `[NormedSpace ℝ E]` may be removed.

When a data-carrying type class has multiple potential instances coming from different instance parameters, then these potential instances are incompatible. This is an example of an "instance diamond", which leads to unexpected unification failures.

Delete or combine some of your instance parameters to avoid this.

Note: This linter can be disabled with `set_option linter.overlappingInstances false`
warning: MorganTianLib/Ch01/RicciDivergence.lean:90:8: Overlapping instance parameters in `ricciAt_add_right`:

⚠️ `[NormedSpace ℝ E]` and `[InnerProductSpace ℝ E]` can be used to infer conflicting versions of `[SMul ℝ E]`.
💡️ Of these, `[NormedSpace ℝ E]` may be removed.

When a data-carrying type class has multiple potential instances coming from different instance parameters, then these potential instances are incompatible. This is an example of an "instance diamond", which leads to unexpected unification failures.

Delete or combine some of your instance parameters to avoid this.

Note: This linter can be disabled with `set_option linter.overlappingInstances false`
warning: MorganTianLib/Ch01/RicciDivergence.lean:100:8: Overlapping instance parameters in `ricciAt_smul_right`:

⚠️ `[NormedSpace ℝ E]` and `[InnerProductSpace ℝ E]` can be used to infer conflicting versions of `[SMul ℝ E]`.
💡️ Of these, `[NormedSpace ℝ E]` may be removed.

When a data-carrying type class has multiple potential instances coming from different instance parameters, then these potential instances are incompatible. This is an example of an "instance diamond", which leads to unexpected unification failures.

Delete or combine some of your instance parameters to avoid this.

Note: This linter can be disabled with `set_option linter.overlappingInstances false`
warning: MorganTianLib/Ch01/RicciDivergence.lean:116:4: Overlapping instance parameters in `covRicci`:

⚠️ `[NormedSpace ℝ E]` and `[InnerProductSpace ℝ E]` can be used to infer conflicting versions of `[SMul ℝ E]`.
💡️ Of these, `[NormedSpace ℝ E]` may be removed.

When a data-carrying type class has multiple potential instances coming from different instance parameters, then these potential instances are incompatible. This is an example of an "instance diamond", which leads to unexpected unification failures.

Delete or combine some of your instance parameters to avoid this.

Note: This linter can be disabled with `set_option linter.overlappingInstances false`
warning: MorganTianLib/Ch01/RicciDivergence.lean:131:8: Overlapping instance parameters in `covRicci_eq_frame_sum`:

⚠️ `[NormedSpace ℝ E]` and `[InnerProductSpace ℝ E]` can be used to infer conflicting versions of `[SMul ℝ E]`.
💡️ Of these, `[NormedSpace ℝ E]` may be removed.

When a data-carrying type class has multiple potential instances coming from different instance parameters, then these potential instances are incompatible. This is an example of an "instance diamond", which leads to unexpected unification failures.

Delete or combine some of your instance parameters to avoid this.

Note: This linter can be disabled with `set_option linter.overlappingInstances false`
warning: MorganTianLib/Ch01/RicciDivergence.lean:188:8: Overlapping instance parameters in `covariantDifferential4_curvatureForm_antisymm_right`:

⚠️ `[NormedSpace ℝ E]` and `[InnerProductSpace ℝ E]` can be used to infer conflicting versions of `[SMul ℝ E]`.
💡️ Of these, `[NormedSpace ℝ E]` may be removed.

When a data-carrying type class has multiple potential instances coming from different instance parameters, then these potential instances are incompatible. This is an example of an "instance diamond", which leads to unexpected unification failures.

Delete or combine some of your instance parameters to avoid this.

Note: This linter can be disabled with `set_option linter.overlappingInstances false`
warning: MorganTianLib/Ch01/RicciDivergence.lean:213:8: Overlapping instance parameters in `covariantDifferential4_curvatureForm_antisymm_left`:

⚠️ `[NormedSpace ℝ E]` and `[InnerProductSpace ℝ E]` can be used to infer conflicting versions of `[SMul ℝ E]`.
💡️ Of these, `[NormedSpace ℝ E]` may be removed.

When a data-carrying type class has multiple potential instances coming from different instance parameters, then these potential instances are incompatible. This is an example of an "instance diamond", which leads to unexpected unification failures.

Delete or combine some of your instance parameters to avoid this.

Note: This linter can be disabled with `set_option linter.overlappingInstances false`
warning: MorganTianLib/Ch01/RicciDivergence.lean:259:8: Overlapping instance parameters in `dir_scalarCurvatureAt_eq_frame_sum`:

⚠️ `[NormedSpace ℝ E]` and `[InnerProductSpace ℝ E]` can be used to infer conflicting versions of `[SMul ℝ E]`.
💡️ Of these, `[NormedSpace ℝ E]` may be removed.

When a data-carrying type class has multiple potential instances coming from different instance parameters, then these potential instances are incompatible. This is an example of an "instance diamond", which leads to unexpected unification failures.

Delete or combine some of your instance parameters to avoid this.

Note: This linter can be disabled with `set_option linter.overlappingInstances false`
warning: MorganTianLib/Ch01/RicciDivergence.lean:332:8: Overlapping instance parameters in `dir_scalarCurvatureAt_eq_two_frame_covRicci`:

⚠️ `[NormedSpace ℝ E]` and `[InnerProductSpace ℝ E]` can be used to infer conflicting versions of `[SMul ℝ E]`.
💡️ Of these, `[NormedSpace ℝ E]` may be removed.

When a data-carrying type class has multiple potential instances coming from different instance parameters, then these potential instances are incompatible. This is an example of an "instance diamond", which leads to unexpected unification failures.

Delete or combine some of your instance parameters to avoid this.

Note: This linter can be disabled with `set_option linter.overlappingInstances false`
warning: MorganTianLib/Ch01/RicciDivergence.lean:443:8: Overlapping instance parameters in `covRicci_add_dir`:

⚠️ `[NormedSpace ℝ E]` and `[InnerProductSpace ℝ E]` can be used to infer conflicting versions of `[SMul ℝ E]`.
💡️ Of these, `[NormedSpace ℝ E]` may be removed.

When a data-carrying type class has multiple potential instances coming from different instance parameters, then these potential instances are incompatible. This is an example of an "instance diamond", which leads to unexpected unification failures.

Delete or combine some of your instance parameters to avoid this.

Note: This linter can be disabled with `set_option linter.overlappingInstances false`
warning: MorganTianLib/Ch01/RicciDivergence.lean:454:8: Overlapping instance parameters in `covRicci_smul_dir`:

⚠️ `[NormedSpace ℝ E]` and `[InnerProductSpace ℝ E]` can be used to infer conflicting versions of `[SMul ℝ E]`.
💡️ Of these, `[NormedSpace ℝ E]` may be removed.

When a data-carrying type class has multiple potential instances coming from different instance parameters, then these potential instances are incompatible. This is an example of an "instance diamond", which leads to unexpected unification failures.

Delete or combine some of your instance parameters to avoid this.

Note: This linter can be disabled with `set_option linter.overlappingInstances false`
warning: MorganTianLib/Ch01/RicciDivergence.lean:467:8: Overlapping instance parameters in `covRicci_add_fst`:

⚠️ `[NormedSpace ℝ E]` and `[InnerProductSpace ℝ E]` can be used to infer conflicting versions of `[SMul ℝ E]`.
💡️ Of these, `[NormedSpace ℝ E]` may be removed.

When a data-carrying type class has multiple potential instances coming from different instance parameters, then these potential instances are incompatible. This is an example of an "instance diamond", which leads to unexpected unification failures.

Delete or combine some of your instance parameters to avoid this.

Note: This linter can be disabled with `set_option linter.overlappingInstances false`
warning: MorganTianLib/Ch01/RicciDivergence.lean:484:8: Overlapping instance parameters in `covRicci_smul_fst`:

⚠️ `[NormedSpace ℝ E]` and `[InnerProductSpace ℝ E]` can be used to infer conflicting versions of `[SMul ℝ E]`.
💡️ Of these, `[NormedSpace ℝ E]` may be removed.

When a data-carrying type class has multiple potential instances coming from different instance parameters, then these potential instances are incompatible. This is an example of an "instance diamond", which leads to unexpected unification failures.

Delete or combine some of your instance parameters to avoid this.

Note: This linter can be disabled with `set_option linter.overlappingInstances false`
warning: MorganTianLib/Ch01/RicciDivergence.lean:508:8: Overlapping instance parameters in `covRicci_add_snd`:

⚠️ `[NormedSpace ℝ E]` and `[InnerProductSpace ℝ E]` can be used to infer conflicting versions of `[SMul ℝ E]`.
💡️ Of these, `[NormedSpace ℝ E]` may be removed.

When a data-carrying type class has multiple potential instances coming from different instance parameters, then these potential instances are incompatible. This is an example of an "instance diamond", which leads to unexpected unification failures.

Delete or combine some of your instance parameters to avoid this.

Note: This linter can be disabled with `set_option linter.overlappingInstances false`
warning: MorganTianLib/Ch01/RicciDivergence.lean:523:8: Overlapping instance parameters in `covRicci_smul_snd`:

⚠️ `[NormedSpace ℝ E]` and `[InnerProductSpace ℝ E]` can be used to infer conflicting versions of `[SMul ℝ E]`.
💡️ Of these, `[NormedSpace ℝ E]` may be removed.

When a data-carrying type class has multiple potential instances coming from different instance parameters, then these potential instances are incompatible. This is an example of an "instance diamond", which leads to unexpected unification failures.

Delete or combine some of your instance parameters to avoid this.

Note: This linter can be disabled with `set_option linter.overlappingInstances false`
warning: MorganTianLib/Ch01/RicciDivergence.lean:554:8: Overlapping instance parameters in `covRicci_congr_apply`:

⚠️ `[NormedSpace ℝ E]` and `[InnerProductSpace ℝ E]` can be used to infer conflicting versions of `[SMul ℝ E]`.
💡️ Of these, `[NormedSpace ℝ E]` may be removed.

When a data-carrying type class has multiple potential instances coming from different instance parameters, then these potential instances are incompatible. This is an example of an "instance diamond", which leads to unexpected unification failures.

Delete or combine some of your instance parameters to avoid this.

Note: This linter can be disabled with `set_option linter.overlappingInstances false`
warning: MorganTianLib/Ch01/RicciDivergence.lean:583:18: Overlapping instance parameters in `covRicciAt`:

⚠️ `[NormedSpace ℝ E]` and `[InnerProductSpace ℝ E]` can be used to infer conflicting versions of `[SMul ℝ E]`.
💡️ Of these, `[NormedSpace ℝ E]` may be removed.

When a data-carrying type class has multiple potential instances coming from different instance parameters, then these potential instances are incompatible. This is an example of an "instance diamond", which leads to unexpected unification failures.

Delete or combine some of your instance parameters to avoid this.

Note: This linter can be disabled with `set_option linter.overlappingInstances false`
warning: MorganTianLib/Ch01/RicciDivergence.lean:588:8: Overlapping instance parameters in `covRicciAt_eq`:

⚠️ `[NormedSpace ℝ E]` and `[InnerProductSpace ℝ E]` can be used to infer conflicting versions of `[SMul ℝ E]`.
💡️ Of these, `[NormedSpace ℝ E]` may be removed.

When a data-carrying type class has multiple potential instances coming from different instance parameters, then these potential instances are incompatible. This is an example of an "instance diamond", which leads to unexpected unification failures.

Delete or combine some of your instance parameters to avoid this.

Note: This linter can be disabled with `set_option linter.overlappingInstances false`
warning: MorganTianLib/Ch01/RicciDivergence.lean:595:8: Overlapping instance parameters in `covRicciAt_add_dir`:

⚠️ `[NormedSpace ℝ E]` and `[InnerProductSpace ℝ E]` can be used to infer conflicting versions of `[SMul ℝ E]`.
💡️ Of these, `[NormedSpace ℝ E]` may be removed.

When a data-carrying type class has multiple potential instances coming from different instance parameters, then these potential instances are incompatible. This is an example of an "instance diamond", which leads to unexpected unification failures.

Delete or combine some of your instance parameters to avoid this.

Note: This linter can be disabled with `set_option linter.overlappingInstances false`
warning: MorganTianLib/Ch01/RicciDivergence.lean:607:8: Overlapping instance parameters in `covRicciAt_smul_dir`:

⚠️ `[NormedSpace ℝ E]` and `[InnerProductSpace ℝ E]` can be used to infer conflicting versions of `[SMul ℝ E]`.
💡️ Of these, `[NormedSpace ℝ E]` may be removed.

When a data-carrying type class has multiple potential instances coming from different instance parameters, then these potential instances are incompatible. This is an example of an "instance diamond", which leads to unexpected unification failures.

Delete or combine some of your instance parameters to avoid this.

Note: This linter can be disabled with `set_option linter.overlappingInstances false`
warning: MorganTianLib/Ch01/RicciDivergence.lean:619:8: Overlapping instance parameters in `covRicciAt_add_fst`:

⚠️ `[NormedSpace ℝ E]` and `[InnerProductSpace ℝ E]` can be used to infer conflicting versions of `[SMul ℝ E]`.
💡️ Of these, `[NormedSpace ℝ E]` may be removed.

When a data-carrying type class has multiple potential instances coming from different instance parameters, then these potential instances are incompatible. This is an example of an "instance diamond", which leads to unexpected unification failures.

Delete or combine some of your instance parameters to avoid this.

Note: This linter can be disabled with `set_option linter.overlappingInstances false`
warning: MorganTianLib/Ch01/RicciDivergence.lean:631:8: Overlapping instance parameters in `covRicciAt_smul_fst`:

⚠️ `[NormedSpace ℝ E]` and `[InnerProductSpace ℝ E]` can be used to infer conflicting versions of `[SMul ℝ E]`.
💡️ Of these, `[NormedSpace ℝ E]` may be removed.

When a data-carrying type class has multiple potential instances coming from different instance parameters, then these potential instances are incompatible. This is an example of an "instance diamond", which leads to unexpected unification failures.

Delete or combine some of your instance parameters to avoid this.

Note: This linter can be disabled with `set_option linter.overlappingInstances false`
warning: MorganTianLib/Ch01/RicciDivergence.lean:644:18: Overlapping instance parameters in `covRicciBilin`:

⚠️ `[NormedSpace ℝ E]` and `[InnerProductSpace ℝ E]` can be used to infer conflicting versions of `[SMul ℝ E]`.
💡️ Of these, `[NormedSpace ℝ E]` may be removed.

When a data-carrying type class has multiple potential instances coming from different instance parameters, then these potential instances are incompatible. This is an example of an "instance diamond", which leads to unexpected unification failures.

Delete or combine some of your instance parameters to avoid this.

Note: This linter can be disabled with `set_option linter.overlappingInstances false`
warning: MorganTianLib/Ch01/RicciDivergence.lean:662:18: Overlapping instance parameters in `divRicciAt`:

⚠️ `[NormedSpace ℝ E]` and `[InnerProductSpace ℝ E]` can be used to infer conflicting versions of `[SMul ℝ E]`.
💡️ Of these, `[NormedSpace ℝ E]` may be removed.

When a data-carrying type class has multiple potential instances coming from different instance parameters, then these potential instances are incompatible. This is an example of an "instance diamond", which leads to unexpected unification failures.

Delete or combine some of your instance parameters to avoid this.

Note: This linter can be disabled with `set_option linter.overlappingInstances false`
warning: MorganTianLib/Ch01/RicciDivergence.lean:671:8: Overlapping instance parameters in `divRicciAt_eq_sum_orthonormalBasis`:

⚠️ `[NormedSpace ℝ E]` and `[InnerProductSpace ℝ E]` can be used to infer conflicting versions of `[SMul ℝ E]`.
💡️ Of these, `[NormedSpace ℝ E]` may be removed.

When a data-carrying type class has multiple potential instances coming from different instance parameters, then these potential instances are incompatible. This is an example of an "instance diamond", which leads to unexpected unification failures.

Delete or combine some of your instance parameters to avoid this.

Note: This linter can be disabled with `set_option linter.overlappingInstances false`
warning: MorganTianLib/Ch01/RicciDivergence.lean:700:8: Overlapping instance parameters in `dir_scalarCurvature_eq_two_divRicci`:

⚠️ `[NormedSpace ℝ E]` and `[InnerProductSpace ℝ E]` can be used to infer conflicting versions of `[SMul ℝ E]`.
💡️ Of these, `[NormedSpace ℝ E]` may be removed.

When a data-carrying type class has multiple potential instances coming from different instance parameters, then these potential instances are incompatible. This is an example of an "instance diamond", which leads to unexpected unification failures.

Delete or combine some of your instance parameters to avoid this.

Note: This linter can be disabled with `set_option linter.overlappingInstances false`
⚠ [3133/3195] Replayed MorganTianLib.Ch01.MatrixCalculus
warning: MorganTianLib/Ch01/MatrixCalculus.lean:58:13: `continuous_finset_sum` has been deprecated: Use `continuous_finsetSum` instead
warning: MorganTianLib/Ch01/MatrixCalculus.lean:59:12: `continuous_finset_prod` has been deprecated: Use `continuous_finsetProd` instead
⚠ [3134/3195] Replayed MorganTianLib.Ch01.LaplacianDivergence
warning: MorganTianLib/Ch01/LaplacianDivergence.lean:40:8: automatically included section variable(s) unused in theorem `_private.MorganTianLib.Ch01.LaplacianDivergence.0.MorganTianLib.gramFun_apply`:
  [NeZero (Module.finrank ℝ E)]
  [CompleteSpace E]
  [I.Boundaryless]
consider restructuring your `variable` declarations so that the variables are not in scope or explicitly omit them:
  omit [NeZero (Module.finrank ℝ E)] [CompleteSpace E] [I.Boundaryless] in theorem ...

Note: This linter can be disabled with `set_option linter.unusedSectionVars false`
warning: MorganTianLib/Ch01/LaplacianDivergence.lean:51:28: `ContinuousLinearMap.add_apply` has been deprecated: Use `_root_.add_apply` instead

Note: The updated constant is in a different namespace. Dot notation may need to be changed (e.g., from `x.add_apply` to `_root_.add_apply x`).
warning: MorganTianLib/Ch01/LaplacianDivergence.lean:46:8: automatically included section variable(s) unused in theorem `_private.MorganTianLib.Ch01.LaplacianDivergence.0.MorganTianLib.partialDeriv_add`:
  [NeZero (Module.finrank ℝ E)]
  [CompleteSpace E]
consider restructuring your `variable` declarations so that the variables are not in scope or explicitly omit them:
  omit [NeZero (Module.finrank ℝ E)] [CompleteSpace E] in theorem ...

Note: This linter can be disabled with `set_option linter.unusedSectionVars false`
warning: MorganTianLib/Ch01/LaplacianDivergence.lean:59:13: `ContinuousLinearMap.add_apply` has been deprecated: Use `_root_.add_apply` instead

Note: The updated constant is in a different namespace. Dot notation may need to be changed (e.g., from `x.add_apply` to `_root_.add_apply x`).
warning: MorganTianLib/Ch01/LaplacianDivergence.lean:59:44: `ContinuousLinearMap.smul_apply` has been deprecated: Use `_root_.smul_apply` instead

Note: The updated constant is in a different namespace. Dot notation may need to be changed (e.g., from `x.smul_apply` to `_root_.smul_apply x`).
warning: MorganTianLib/Ch01/LaplacianDivergence.lean:53:8: automatically included section variable(s) unused in theorem `_private.MorganTianLib.Ch01.LaplacianDivergence.0.MorganTianLib.partialDeriv_mul`:
  [NeZero (Module.finrank ℝ E)]
  [CompleteSpace E]
consider restructuring your `variable` declarations so that the variables are not in scope or explicitly omit them:
  omit [NeZero (Module.finrank ℝ E)] [CompleteSpace E] in theorem ...

Note: This linter can be disabled with `set_option linter.unusedSectionVars false`
warning: MorganTianLib/Ch01/LaplacianDivergence.lean:68:25: `ContinuousLinearMap.sum_apply` has been deprecated: Use `_root_.sum_apply` instead

Note: The updated constant is in a different namespace. Dot notation may need to be changed (e.g., from `x.sum_apply` to `_root_.sum_apply x`).
warning: MorganTianLib/Ch01/LaplacianDivergence.lean:62:8: automatically included section variable(s) unused in theorem `_private.MorganTianLib.Ch01.LaplacianDivergence.0.MorganTianLib.partialDeriv_fun_sum`:
  [NeZero (Module.finrank ℝ E)]
  [CompleteSpace E]
consider restructuring your `variable` declarations so that the variables are not in scope or explicitly omit them:
  omit [NeZero (Module.finrank ℝ E)] [CompleteSpace E] in theorem ...

Note: This linter can be disabled with `set_option linter.unusedSectionVars false`
warning: MorganTianLib/Ch01/LaplacianDivergence.lean:82:8: automatically included section variable(s) unused in theorem `_private.MorganTianLib.Ch01.LaplacianDivergence.0.MorganTianLib.differentiableAt_chartGramOnE`:
  [NeZero (Module.finrank ℝ E)]
  [CompleteSpace E]
consider restructuring your `variable` declarations so that the variables are not in scope or explicitly omit them:
  omit [NeZero (Module.finrank ℝ E)] [CompleteSpace E] in theorem ...

Note: This linter can be disabled with `set_option linter.unusedSectionVars false`
warning: MorganTianLib/Ch01/LaplacianDivergence.lean:133:8: automatically included section variable(s) unused in theorem `_private.MorganTianLib.Ch01.LaplacianDivergence.0.MorganTianLib.symm_mem_baseSet`:
  [FiniteDimensional ℝ E]
  [NeZero (Module.finrank ℝ E)]
  [CompleteSpace E]
  [I.Boundaryless]
consider restructuring your `variable` declarations so that the variables are not in scope or explicitly omit them:
  omit [FiniteDimensional ℝ E] [NeZero (Module.finrank ℝ E)] [CompleteSpace E] [I.Boundaryless] in theorem ...

Note: This linter can be disabled with `set_option linter.unusedSectionVars false`
warning: MorganTianLib/Ch01/LaplacianDivergence.lean:133:32: Variable name `g` is not explicitly referenced.

The binding can be removed (if unused) or named `_` (if used implicitly).

Note: This linter can be disabled with `set_option linter.unusedVariables false`
warning: MorganTianLib/Ch01/LaplacianDivergence.lean:248:8: automatically included section variable(s) unused in theorem `_private.MorganTianLib.Ch01.LaplacianDivergence.0.MorganTianLib.differentiableAt_chartInvGramOnE`:
  [NeZero (Module.finrank ℝ E)]
  [CompleteSpace E]
consider restructuring your `variable` declarations so that the variables are not in scope or explicitly omit them:
  omit [NeZero (Module.finrank ℝ E)] [CompleteSpace E] in theorem ...

Note: This linter can be disabled with `set_option linter.unusedSectionVars false`
warning: MorganTianLib/Ch01/LaplacianDivergence.lean:361:23: `ContinuousLinearMap.smul_apply` has been deprecated: Use `_root_.smul_apply` instead

Note: The updated constant is in a different namespace. Dot notation may need to be changed (e.g., from `x.smul_apply` to `_root_.smul_apply x`).
⚠ [3135/3195] Replayed MorganTianLib.Ch01.RiemannianMeasure
warning: MorganTianLib/Ch01/RiemannianMeasure.lean:92:4: Overlapping instance parameters in `chartVolumeDensity`:

⚠️ `[NormedSpace ℝ E]` and `[InnerProductSpace ℝ E]` can be used to infer conflicting versions of `[SMul ℝ E]`.
💡️ Of these, `[NormedSpace ℝ E]` may be removed.
⚠️ `[Module.Finite ℝ E]` and `[FiniteDimensional ℝ E]` each imply `[Module.Finite ℝ E]`.
💡️ Of these, `[Module.Finite ℝ E]` and `[FiniteDimensional ℝ E]` may be removed.

When a data-carrying type class has multiple potential instances coming from different instance parameters, then these potential instances are incompatible. This is an example of an "instance diamond", which leads to unexpected unification failures.

Delete or combine some of your instance parameters to avoid this.

Note: This linter can be disabled with `set_option linter.overlappingInstances false`
warning: MorganTianLib/Ch01/RiemannianMeasure.lean:95:8: Overlapping instance parameters in `chartVolumeDensity_nonneg`:

⚠️ `[NormedSpace ℝ E]` and `[InnerProductSpace ℝ E]` can be used to infer conflicting versions of `[SMul ℝ E]`.
💡️ Of these, `[NormedSpace ℝ E]` may be removed.
⚠️ `[Module.Finite ℝ E]` and `[FiniteDimensional ℝ E]` each imply `[Module.Finite ℝ E]`.
💡️ Of these, `[Module.Finite ℝ E]` and `[FiniteDimensional ℝ E]` may be removed.

When a data-carrying type class has multiple potential instances coming from different instance parameters, then these potential instances are incompatible. This is an example of an "instance diamond", which leads to unexpected unification failures.

Delete or combine some of your instance parameters to avoid this.

Note: This linter can be disabled with `set_option linter.overlappingInstances false`
warning: MorganTianLib/Ch01/RiemannianMeasure.lean:101:8: Overlapping instance parameters in `chartVolumeDensity_pos`:

⚠️ `[NormedSpace ℝ E]` and `[InnerProductSpace ℝ E]` can be used to infer conflicting versions of `[SMul ℝ E]`.
💡️ Of these, `[NormedSpace ℝ E]` may be removed.
⚠️ `[Module.Finite ℝ E]` and `[FiniteDimensional ℝ E]` each imply `[Module.Finite ℝ E]`.
💡️ Of these, `[Module.Finite ℝ E]` and `[FiniteDimensional ℝ E]` may be removed.

When a data-carrying type class has multiple potential instances coming from different instance parameters, then these potential instances are incompatible. This is an example of an "instance diamond", which leads to unexpected unification failures.

Delete or combine some of your instance parameters to avoid this.

Note: This linter can be disabled with `set_option linter.overlappingInstances false`
warning: MorganTianLib/Ch01/RiemannianMeasure.lean:115:8: Overlapping instance parameters in `chartGramMatrix_eq_conjTranspose_mul`:

⚠️ `[NormedSpace ℝ E]` and `[InnerProductSpace ℝ E]` can be used to infer conflicting versions of `[SMul ℝ E]`.
💡️ Of these, `[NormedSpace ℝ E]` may be removed.
⚠️ `[Module.Finite ℝ E]` and `[FiniteDimensional ℝ E]` each imply `[Module.Finite ℝ E]`.
💡️ Of these, `[Module.Finite ℝ E]` and `[FiniteDimensional ℝ E]` may be removed.

When a data-carrying type class has multiple potential instances coming from different instance parameters, then these potential instances are incompatible. This is an example of an "instance diamond", which leads to unexpected unification failures.

Delete or combine some of your instance parameters to avoid this.

Note: This linter can be disabled with `set_option linter.overlappingInstances false`
warning: MorganTianLib/Ch01/RiemannianMeasure.lean:135:8: Overlapping instance parameters in `chartGramMatrix_det_change`:

⚠️ `[NormedSpace ℝ E]` and `[InnerProductSpace ℝ E]` can be used to infer conflicting versions of `[SMul ℝ E]`.
💡️ Of these, `[NormedSpace ℝ E]` may be removed.
⚠️ `[Module.Finite ℝ E]` and `[FiniteDimensional ℝ E]` each imply `[Module.Finite ℝ E]`.
💡️ Of these, `[Module.Finite ℝ E]` and `[FiniteDimensional ℝ E]` may be removed.

When a data-carrying type class has multiple potential instances coming from different instance parameters, then these potential instances are incompatible. This is an example of an "instance diamond", which leads to unexpected unification failures.

Delete or combine some of your instance parameters to avoid this.

Note: This linter can be disabled with `set_option linter.overlappingInstances false`
warning: MorganTianLib/Ch01/RiemannianMeasure.lean:147:8: Overlapping instance parameters in `sqrt_chartGramMatrix_det_change`:

⚠️ `[NormedSpace ℝ E]` and `[InnerProductSpace ℝ E]` can be used to infer conflicting versions of `[SMul ℝ E]`.
💡️ Of these, `[NormedSpace ℝ E]` may be removed.
⚠️ `[Module.Finite ℝ E]` and `[FiniteDimensional ℝ E]` each imply `[Module.Finite ℝ E]`.
💡️ Of these, `[Module.Finite ℝ E]` and `[FiniteDimensional ℝ E]` may be removed.

When a data-carrying type class has multiple potential instances coming from different instance parameters, then these potential instances are incompatible. This is an example of an "instance diamond", which leads to unexpected unification failures.

Delete or combine some of your instance parameters to avoid this.

Note: This linter can be disabled with `set_option linter.overlappingInstances false`
warning: MorganTianLib/Ch01/RiemannianMeasure.lean:159:4: Overlapping instance parameters in `chartPreimage`:

⚠️ `[NormedSpace ℝ E]` and `[InnerProductSpace ℝ E]` can be used to infer conflicting versions of `[SMul ℝ E]`.
💡️ Of these, `[NormedSpace ℝ E]` may be removed.
⚠️ `[Module.Finite ℝ E]` and `[FiniteDimensional ℝ E]` each imply `[Module.Finite ℝ E]`.
💡️ Of these, `[Module.Finite ℝ E]` and `[FiniteDimensional ℝ E]` may be removed.

When a data-carrying type class has multiple potential instances coming from different instance parameters, then these potential instances are incompatible. This is an example of an "instance diamond", which leads to unexpected unification failures.

Delete or combine some of your instance parameters to avoid this.

Note: This linter can be disabled with `set_option linter.overlappingInstances false`
warning: MorganTianLib/Ch01/RiemannianMeasure.lean:162:8: Overlapping instance parameters in `chartPreimage_subset_target`:

⚠️ `[NormedSpace ℝ E]` and `[InnerProductSpace ℝ E]` can be used to infer conflicting versions of `[SMul ℝ E]`.
💡️ Of these, `[NormedSpace ℝ E]` may be removed.
⚠️ `[Module.Finite ℝ E]` and `[FiniteDimensional ℝ E]` each imply `[Module.Finite ℝ E]`.
💡️ Of these, `[Module.Finite ℝ E]` and `[FiniteDimensional ℝ E]` may be removed.

When a data-carrying type class has multiple potential instances coming from different instance parameters, then these potential instances are incompatible. This is an example of an "instance diamond", which leads to unexpected unification failures.

Delete or combine some of your instance parameters to avoid this.

Note: This linter can be disabled with `set_option linter.overlappingInstances false`
warning: MorganTianLib/Ch01/RiemannianMeasure.lean:166:8: Overlapping instance parameters in `measurableSet_chartPreimage`:

⚠️ `[NormedSpace ℝ E]` and `[InnerProductSpace ℝ E]` can be used to infer conflicting versions of `[SMul ℝ E]`.
💡️ Of these, `[NormedSpace ℝ E]` may be removed.
⚠️ `[Module.Finite ℝ E]` and `[FiniteDimensional ℝ E]` each imply `[Module.Finite ℝ E]`.
💡️ Of these, `[Module.Finite ℝ E]` and `[FiniteDimensional ℝ E]` may be removed.

When a data-carrying type class has multiple potential instances coming from different instance parameters, then these potential instances are incompatible. This is an example of an "instance diamond", which leads to unexpected unification failures.

Delete or combine some of your instance parameters to avoid this.

Note: This linter can be disabled with `set_option linter.overlappingInstances false`
warning: MorganTianLib/Ch01/RiemannianMeasure.lean:186:4: Overlapping instance parameters in `chartMeasure`:

⚠️ `[NormedSpace ℝ E]` and `[InnerProductSpace ℝ E]` can be used to infer conflicting versions of `[SMul ℝ E]`.
💡️ Of these, `[NormedSpace ℝ E]` may be removed.
⚠️ `[Module.Finite ℝ E]` and `[FiniteDimensional ℝ E]` each imply `[Module.Finite ℝ E]`.
💡️ Of these, `[Module.Finite ℝ E]` and `[FiniteDimensional ℝ E]` may be removed.

When a data-carrying type class has multiple potential instances coming from different instance parameters, then these potential instances are incompatible. This is an example of an "instance diamond", which leads to unexpected unification failures.

Delete or combine some of your instance parameters to avoid this.

Note: This linter can be disabled with `set_option linter.overlappingInstances false`
warning: MorganTianLib/Ch01/RiemannianMeasure.lean:195:8: Overlapping instance parameters in `chartMeasure_apply`:

⚠️ `[NormedSpace ℝ E]` and `[InnerProductSpace ℝ E]` can be used to infer conflicting versions of `[SMul ℝ E]`.
💡️ Of these, `[NormedSpace ℝ E]` may be removed.
⚠️ `[Module.Finite ℝ E]` and `[FiniteDimensional ℝ E]` each imply `[Module.Finite ℝ E]`.
💡️ Of these, `[Module.Finite ℝ E]` and `[FiniteDimensional ℝ E]` may be removed.

When a data-carrying type class has multiple potential instances coming from different instance parameters, then these potential instances are incompatible. This is an example of an "instance diamond", which leads to unexpected unification failures.

Delete or combine some of your instance parameters to avoid this.

Note: This linter can be disabled with `set_option linter.overlappingInstances false`
warning: MorganTianLib/Ch01/RiemannianMeasure.lean:219:8: Overlapping instance parameters in `chartMeasure_apply_eq`:

⚠️ `[NormedSpace ℝ E]` and `[InnerProductSpace ℝ E]` can be used to infer conflicting versions of `[SMul ℝ E]`.
💡️ Of these, `[NormedSpace ℝ E]` may be removed.
⚠️ `[Module.Finite ℝ E]` and `[FiniteDimensional ℝ E]` each imply `[Module.Finite ℝ E]`.
💡️ Of these, `[Module.Finite ℝ E]` and `[FiniteDimensional ℝ E]` may be removed.

When a data-carrying type class has multiple potential instances coming from different instance parameters, then these potential instances are incompatible. This is an example of an "instance diamond", which leads to unexpected unification failures.

Delete or combine some of your instance parameters to avoid this.

Note: This linter can be disabled with `set_option linter.overlappingInstances false`
warning: MorganTianLib/Ch01/RiemannianMeasure.lean:294:8: Overlapping instance parameters in `exists_countable_chart_cover`:

⚠️ `[NormedSpace ℝ E]` and `[InnerProductSpace ℝ E]` can be used to infer conflicting versions of `[SMul ℝ E]`.
💡️ Of these, `[NormedSpace ℝ E]` may be removed.
⚠️ `[Module.Finite ℝ E]` and `[FiniteDimensional ℝ E]` each imply `[Module.Finite ℝ E]`.
💡️ Of these, `[Module.Finite ℝ E]` and `[FiniteDimensional ℝ E]` may be removed.

When a data-carrying type class has multiple potential instances coming from different instance parameters, then these potential instances are incompatible. This is an example of an "instance diamond", which leads to unexpected unification failures.

Delete or combine some of your instance parameters to avoid this.

Note: This linter can be disabled with `set_option linter.overlappingInstances false`
warning: MorganTianLib/Ch01/RiemannianMeasure.lean:311:4: Overlapping instance parameters in `chartCover`:

⚠️ `[NormedSpace ℝ E]` and `[InnerProductSpace ℝ E]` can be used to infer conflicting versions of `[SMul ℝ E]`.
💡️ Of these, `[NormedSpace ℝ E]` may be removed.
⚠️ `[Module.Finite ℝ E]` and `[FiniteDimensional ℝ E]` each imply `[Module.Finite ℝ E]`.
💡️ Of these, `[Module.Finite ℝ E]` and `[FiniteDimensional ℝ E]` may be removed.

When a data-carrying type class has multiple potential instances coming from different instance parameters, then these potential instances are incompatible. This is an example of an "instance diamond", which leads to unexpected unification failures.

Delete or combine some of your instance parameters to avoid this.

Note: This linter can be disabled with `set_option linter.overlappingInstances false`
warning: MorganTianLib/Ch01/RiemannianMeasure.lean:314:8: Overlapping instance parameters in `iUnion_chartCover_source`:

⚠️ `[NormedSpace ℝ E]` and `[InnerProductSpace ℝ E]` can be used to infer conflicting versions of `[SMul ℝ E]`.
💡️ Of these, `[NormedSpace ℝ E]` may be removed.
⚠️ `[Module.Finite ℝ E]` and `[FiniteDimensional ℝ E]` each imply `[Module.Finite ℝ E]`.
💡️ Of these, `[Module.Finite ℝ E]` and `[FiniteDimensional ℝ E]` may be removed.

When a data-carrying type class has multiple potential instances coming from different instance parameters, then these potential instances are incompatible. This is an example of an "instance diamond", which leads to unexpected unification failures.

Delete or combine some of your instance parameters to avoid this.

Note: This linter can be disabled with `set_option linter.overlappingInstances false`
warning: MorganTianLib/Ch01/RiemannianMeasure.lean:320:4: Overlapping instance parameters in `chartPiece`:

⚠️ `[NormedSpace ℝ E]` and `[InnerProductSpace ℝ E]` can be used to infer conflicting versions of `[SMul ℝ E]`.
💡️ Of these, `[NormedSpace ℝ E]` may be removed.
⚠️ `[Module.Finite ℝ E]` and `[FiniteDimensional ℝ E]` each imply `[Module.Finite ℝ E]`.
💡️ Of these, `[Module.Finite ℝ E]` and `[FiniteDimensional ℝ E]` may be removed.

When a data-carrying type class has multiple potential instances coming from different instance parameters, then these potential instances are incompatible. This is an example of an "instance diamond", which leads to unexpected unification failures.

Delete or combine some of your instance parameters to avoid this.

Note: This linter can be disabled with `set_option linter.overlappingInstances false`
warning: MorganTianLib/Ch01/RiemannianMeasure.lean:323:8: Overlapping instance parameters in `chartPiece_subset`:

⚠️ `[NormedSpace ℝ E]` and `[InnerProductSpace ℝ E]` can be used to infer conflicting versions of `[SMul ℝ E]`.
💡️ Of these, `[NormedSpace ℝ E]` may be removed.
⚠️ `[Module.Finite ℝ E]` and `[FiniteDimensional ℝ E]` each imply `[Module.Finite ℝ E]`.
💡️ Of these, `[Module.Finite ℝ E]` and `[FiniteDimensional ℝ E]` may be removed.

When a data-carrying type class has multiple potential instances coming from different instance parameters, then these potential instances are incompatible. This is an example of an "instance diamond", which leads to unexpected unification failures.

Delete or combine some of your instance parameters to avoid this.

Note: This linter can be disabled with `set_option linter.overlappingInstances false`
warning: MorganTianLib/Ch01/RiemannianMeasure.lean:328:8: Overlapping instance parameters in `measurableSet_chartPiece`:

⚠️ `[NormedSpace ℝ E]` and `[InnerProductSpace ℝ E]` can be used to infer conflicting versions of `[SMul ℝ E]`.
💡️ Of these, `[NormedSpace ℝ E]` may be removed.
⚠️ `[Module.Finite ℝ E]` and `[FiniteDimensional ℝ E]` each imply `[Module.Finite ℝ E]`.
💡️ Of these, `[Module.Finite ℝ E]` and `[FiniteDimensional ℝ E]` may be removed.

When a data-carrying type class has multiple potential instances coming from different instance parameters, then these potential instances are incompatible. This is an example of an "instance diamond", which leads to unexpected unification failures.

Delete or combine some of your instance parameters to avoid this.

Note: This linter can be disabled with `set_option linter.overlappingInstances false`
warning: MorganTianLib/Ch01/RiemannianMeasure.lean:334:8: Overlapping instance parameters in `pairwise_disjoint_chartPiece`:

⚠️ `[NormedSpace ℝ E]` and `[InnerProductSpace ℝ E]` can be used to infer conflicting versions of `[SMul ℝ E]`.
💡️ Of these, `[NormedSpace ℝ E]` may be removed.
⚠️ `[Module.Finite ℝ E]` and `[FiniteDimensional ℝ E]` each imply `[Module.Finite ℝ E]`.
💡️ Of these, `[Module.Finite ℝ E]` and `[FiniteDimensional ℝ E]` may be removed.

When a data-carrying type class has multiple potential instances coming from different instance parameters, then these potential instances are incompatible. This is an example of an "instance diamond", which leads to unexpected unification failures.

Delete or combine some of your instance parameters to avoid this.

Note: This linter can be disabled with `set_option linter.overlappingInstances false`
warning: MorganTianLib/Ch01/RiemannianMeasure.lean:338:8: Overlapping instance parameters in `iUnion_chartPiece`:

⚠️ `[NormedSpace ℝ E]` and `[InnerProductSpace ℝ E]` can be used to infer conflicting versions of `[SMul ℝ E]`.
💡️ Of these, `[NormedSpace ℝ E]` may be removed.
⚠️ `[Module.Finite ℝ E]` and `[FiniteDimensional ℝ E]` each imply `[Module.Finite ℝ E]`.
💡️ Of these, `[Module.Finite ℝ E]` and `[FiniteDimensional ℝ E]` may be removed.

When a data-carrying type class has multiple potential instances coming from different instance parameters, then these potential instances are incompatible. This is an example of an "instance diamond", which leads to unexpected unification failures.

Delete or combine some of your instance parameters to avoid this.

Note: This linter can be disabled with `set_option linter.overlappingInstances false`
warning: MorganTianLib/Ch01/RiemannianMeasure.lean:348:4: Overlapping instance parameters in `riemannianMeasure`:

⚠️ `[NormedSpace ℝ E]` and `[InnerProductSpace ℝ E]` can be used to infer conflicting versions of `[SMul ℝ E]`.
💡️ Of these, `[NormedSpace ℝ E]` may be removed.
⚠️ `[Module.Finite ℝ E]` and `[FiniteDimensional ℝ E]` each imply `[Module.Finite ℝ E]`.
💡️ Of these, `[Module.Finite ℝ E]` and `[FiniteDimensional ℝ E]` may be removed.

When a data-carrying type class has multiple potential instances coming from different instance parameters, then these potential instances are incompatible. This is an example of an "instance diamond", which leads to unexpected unification failures.

Delete or combine some of your instance parameters to avoid this.

Note: This linter can be disabled with `set_option linter.overlappingInstances false`
warning: MorganTianLib/Ch01/RiemannianMeasure.lean:354:8: Overlapping instance parameters in `chartMeasure_smul`:

⚠️ `[NormedSpace ℝ E]` and `[InnerProductSpace ℝ E]` can be used to infer conflicting versions of `[SMul ℝ E]`.
💡️ Of these, `[NormedSpace ℝ E]` may be removed.
⚠️ `[Module.Finite ℝ E]` and `[FiniteDimensional ℝ E]` each imply `[Module.Finite ℝ E]`.
💡️ Of these, `[Module.Finite ℝ E]` and `[FiniteDimensional ℝ E]` may be removed.

When a data-carrying type class has multiple potential instances coming from different instance parameters, then these potential instances are incompatible. This is an example of an "instance diamond", which leads to unexpected unification failures.

Delete or combine some of your instance parameters to avoid this.

Note: This linter can be disabled with `set_option linter.overlappingInstances false`
warning: MorganTianLib/Ch01/RiemannianMeasure.lean:366:8: Overlapping instance parameters in `riemannianMeasure_smul`:

⚠️ `[NormedSpace ℝ E]` and `[InnerProductSpace ℝ E]` can be used to infer conflicting versions of `[SMul ℝ E]`.
💡️ Of these, `[NormedSpace ℝ E]` may be removed.
⚠️ `[Module.Finite ℝ E]` and `[FiniteDimensional ℝ E]` each imply `[Module.Finite ℝ E]`.
💡️ Of these, `[Module.Finite ℝ E]` and `[FiniteDimensional ℝ E]` may be removed.

When a data-carrying type class has multiple potential instances coming from different instance parameters, then these potential instances are incompatible. This is an example of an "instance diamond", which leads to unexpected unification failures.

Delete or combine some of your instance parameters to avoid this.

Note: This linter can be disabled with `set_option linter.overlappingInstances false`
warning: MorganTianLib/Ch01/RiemannianMeasure.lean:402:8: Overlapping instance parameters in `riemannianMeasure_apply_chart`:

⚠️ `[NormedSpace ℝ E]` and `[InnerProductSpace ℝ E]` can be used to infer conflicting versions of `[SMul ℝ E]`.
💡️ Of these, `[NormedSpace ℝ E]` may be removed.
⚠️ `[Module.Finite ℝ E]` and `[FiniteDimensional ℝ E]` each imply `[Module.Finite ℝ E]`.
💡️ Of these, `[Module.Finite ℝ E]` and `[FiniteDimensional ℝ E]` may be removed.

When a data-carrying type class has multiple potential instances coming from different instance parameters, then these potential instances are incompatible. This is an example of an "instance diamond", which leads to unexpected unification failures.

Delete or combine some of your instance parameters to avoid this.

Note: This linter can be disabled with `set_option linter.overlappingInstances false`
warning: MorganTianLib/Ch01/RiemannianMeasure.lean:450:8: Overlapping instance parameters in `riemannianMeasure_eq_lintegral_jacobian`:

⚠️ `[NormedSpace ℝ E]` and `[InnerProductSpace ℝ E]` can be used to infer conflicting versions of `[SMul ℝ E]`.
💡️ Of these, `[NormedSpace ℝ E]` may be removed.
⚠️ `[Module.Finite ℝ E]` and `[FiniteDimensional ℝ E]` each imply `[Module.Finite ℝ E]`.
💡️ Of these, `[Module.Finite ℝ E]` and `[FiniteDimensional ℝ E]` may be removed.

When a data-carrying type class has multiple potential instances coming from different instance parameters, then these potential instances are incompatible. This is an example of an "instance diamond", which leads to unexpected unification failures.

Delete or combine some of your instance parameters to avoid this.

Note: This linter can be disabled with `set_option linter.overlappingInstances false`
⚠ [3138/3195] Replayed MorganTianLib.Ch02.Gradient
warning: MorganTianLib/Ch02/Gradient.lean:55:18: Overlapping instance parameters in `gradientAt`:

⚠️ `[NormedSpace ℝ E]` and `[InnerProductSpace ℝ E]` can be used to infer conflicting versions of `[SMul ℝ E]`.
💡️ Of these, `[NormedSpace ℝ E]` may be removed.

When a data-carrying type class has multiple potential instances coming from different instance parameters, then these potential instances are incompatible. This is an example of an "instance diamond", which leads to unexpected unification failures.

Delete or combine some of your instance parameters to avoid this.

Note: This linter can be disabled with `set_option linter.overlappingInstances false`
warning: MorganTianLib/Ch02/Gradient.lean:75:0: automatically included section variable(s) unused in theorem `MorganTianLib.gradientSection_contMDiffAt`:
  [InnerProductSpace ℝ E]
  [NeZero (Module.finrank ℝ E)]
consider restructuring your `variable` declarations so that the variables are not in scope or explicitly omit them:
  omit [InnerProductSpace ℝ E] [NeZero (Module.finrank ℝ E)] in theorem ...

Note: This linter can be disabled with `set_option linter.unusedSectionVars false`
warning: MorganTianLib/Ch02/Gradient.lean:75:8: Overlapping instance parameters in `gradientSection_contMDiffAt`:

⚠️ `[NormedSpace ℝ E]` and `[InnerProductSpace ℝ E]` can be used to infer conflicting versions of `[SMul ℝ E]`.
💡️ Of these, `[NormedSpace ℝ E]` may be removed.

When a data-carrying type class has multiple potential instances coming from different instance parameters, then these potential instances are incompatible. This is an example of an "instance diamond", which leads to unexpected unification failures.

Delete or combine some of your instance parameters to avoid this.

Note: This linter can be disabled with `set_option linter.overlappingInstances false`
warning: MorganTianLib/Ch02/Gradient.lean:107:18: Overlapping instance parameters in `gradientField`:

⚠️ `[NormedSpace ℝ E]` and `[InnerProductSpace ℝ E]` can be used to infer conflicting versions of `[SMul ℝ E]`.
💡️ Of these, `[NormedSpace ℝ E]` may be removed.

When a data-carrying type class has multiple potential instances coming from different instance parameters, then these potential instances are incompatible. This is an example of an "instance diamond", which leads to unexpected unification failures.

Delete or combine some of your instance parameters to avoid this.

Note: This linter can be disabled with `set_option linter.overlappingInstances false`
warning: MorganTianLib/Ch02/Gradient.lean:114:16: Overlapping instance parameters in `gradientField_apply`:

⚠️ `[NormedSpace ℝ E]` and `[InnerProductSpace ℝ E]` can be used to infer conflicting versions of `[SMul ℝ E]`.
💡️ Of these, `[NormedSpace ℝ E]` may be removed.

When a data-carrying type class has multiple potential instances coming from different instance parameters, then these potential instances are incompatible. This is an example of an "instance diamond", which leads to unexpected unification failures.

Delete or combine some of your instance parameters to avoid this.

Note: This linter can be disabled with `set_option linter.overlappingInstances false`
warning: MorganTianLib/Ch02/Gradient.lean:123:8: Overlapping instance parameters in `metricInner_gradientField_eq_dir`:

⚠️ `[NormedSpace ℝ E]` and `[InnerProductSpace ℝ E]` can be used to infer conflicting versions of `[SMul ℝ E]`.
💡️ Of these, `[NormedSpace ℝ E]` may be removed.

When a data-carrying type class has multiple potential instances coming from different instance parameters, then these potential instances are incompatible. This is an example of an "instance diamond", which leads to unexpected unification failures.

Delete or combine some of your instance parameters to avoid this.

Note: This linter can be disabled with `set_option linter.overlappingInstances false`
warning: MorganTianLib/Ch02/Gradient.lean:137:8: Overlapping instance parameters in `hessian_eq_metricInner_cov_gradientField`:

⚠️ `[NormedSpace ℝ E]` and `[InnerProductSpace ℝ E]` can be used to infer conflicting versions of `[SMul ℝ E]`.
💡️ Of these, `[NormedSpace ℝ E]` may be removed.

When a data-carrying type class has multiple potential instances coming from different instance parameters, then these potential instances are incompatible. This is an example of an "instance diamond", which leads to unexpected unification failures.

Delete or combine some of your instance parameters to avoid this.

Note: This linter can be disabled with `set_option linter.overlappingInstances false`
⚠ [3140/3195] Replayed MorganTianLib.Ch02.GradientNormSq
warning: MorganTianLib/Ch02/GradientNormSq.lean:96:8: Overlapping instance parameters in `dir_metricNormSq_gradientField`:

⚠️ `[NormedSpace ℝ E]` and `[InnerProductSpace ℝ E]` can be used to infer conflicting versions of `[SMul ℝ E]`.
💡️ Of these, `[NormedSpace ℝ E]` may be removed.

When a data-carrying type class has multiple potential instances coming from different instance parameters, then these potential instances are incompatible. This is an example of an "instance diamond", which leads to unexpected unification failures.

Delete or combine some of your instance parameters to avoid this.

Note: This linter can be disabled with `set_option linter.overlappingInstances false`
warning: MorganTianLib/Ch02/GradientNormSq.lean:126:8: Overlapping instance parameters in `gradientAt_metricNormSq_gradientField`:

⚠️ `[NormedSpace ℝ E]` and `[InnerProductSpace ℝ E]` can be used to infer conflicting versions of `[SMul ℝ E]`.
💡️ Of these, `[NormedSpace ℝ E]` may be removed.

When a data-carrying type class has multiple potential instances coming from different instance parameters, then these potential instances are incompatible. This is an example of an "instance diamond", which leads to unexpected unification failures.

Delete or combine some of your instance parameters to avoid this.

Note: This linter can be disabled with `set_option linter.overlappingInstances false`
warning: MorganTianLib/Ch02/GradientNormSq.lean:147:8: Overlapping instance parameters in `gradientField_metricNormSq_gradientField`:

⚠️ `[NormedSpace ℝ E]` and `[InnerProductSpace ℝ E]` can be used to infer conflicting versions of `[SMul ℝ E]`.
💡️ Of these, `[NormedSpace ℝ E]` may be removed.

When a data-carrying type class has multiple potential instances coming from different instance parameters, then these potential instances are incompatible. This is an example of an "instance diamond", which leads to unexpected unification failures.

Delete or combine some of your instance parameters to avoid this.

Note: This linter can be disabled with `set_option linter.overlappingInstances false`
warning: MorganTianLib/Ch02/GradientNormSq.lean:167:8: Overlapping instance parameters in `hessian_metricNormSq_gradientField`:

⚠️ `[NormedSpace ℝ E]` and `[InnerProductSpace ℝ E]` can be used to infer conflicting versions of `[SMul ℝ E]`.
💡️ Of these, `[NormedSpace ℝ E]` may be removed.

When a data-carrying type class has multiple potential instances coming from different instance parameters, then these potential instances are incompatible. This is an example of an "instance diamond", which leads to unexpected unification failures.

Delete or combine some of your instance parameters to avoid this.

Note: This linter can be disabled with `set_option linter.overlappingInstances false`
warning: MorganTianLib/Ch02/GradientNormSq.lean:189:8: Overlapping instance parameters in `hessianAt_metricNormSq_gradientField`:

⚠️ `[NormedSpace ℝ E]` and `[InnerProductSpace ℝ E]` can be used to infer conflicting versions of `[SMul ℝ E]`.
💡️ Of these, `[NormedSpace ℝ E]` may be removed.

When a data-carrying type class has multiple potential instances coming from different instance parameters, then these potential instances are incompatible. This is an example of an "instance diamond", which leads to unexpected unification failures.

Delete or combine some of your instance parameters to avoid this.

Note: This linter can be disabled with `set_option linter.overlappingInstances false`
warning: MorganTianLib/Ch02/GradientNormSq.lean:208:8: Overlapping instance parameters in `metricInner_cov_gradientField_eq_hessianAt`:

⚠️ `[NormedSpace ℝ E]` and `[InnerProductSpace ℝ E]` can be used to infer conflicting versions of `[SMul ℝ E]`.
💡️ Of these, `[NormedSpace ℝ E]` may be removed.

When a data-carrying type class has multiple potential instances coming from different instance parameters, then these potential instances are incompatible. This is an example of an "instance diamond", which leads to unexpected unification failures.

Delete or combine some of your instance parameters to avoid this.

Note: This linter can be disabled with `set_option linter.overlappingInstances false`
warning: MorganTianLib/Ch02/GradientNormSq.lean:233:8: Overlapping instance parameters in `sum_metricInner_cov_cov_gradientField_eq_hessianNormSqAt`:

⚠️ `[NormedSpace ℝ E]` and `[InnerProductSpace ℝ E]` can be used to infer conflicting versions of `[SMul ℝ E]`.
💡️ Of these, `[NormedSpace ℝ E]` may be removed.

When a data-carrying type class has multiple potential instances coming from different instance parameters, then these potential instances are incompatible. This is an example of an "instance diamond", which leads to unexpected unification failures.

Delete or combine some of your instance parameters to avoid this.

Note: This linter can be disabled with `set_option linter.overlappingInstances false`
⚠ [3146/3195] Replayed CurveControl.Geometry.Flow
warning: CurveControl/Geometry/Flow.lean:30:0: docstring should start with **Math.**, **Eng.**, or **Mixed.** (got: "A genuine smooth immersed closed curve-s…")

Note: This linter can be disabled with `set_option linter.shared.mathTag false`
warning: CurveControl/Geometry/Flow.lean:58:0: automatically included section variable(s) unused in theorem `CurveControl.Geometry.IsCurveShorteningFlowOn.hasDerivAt_timeChart`:
  [NeZero (Module.finrank ℝ E)]
  [I.Boundaryless]
consider restructuring your `variable` declarations so that the variables are not in scope or explicitly omit them:
  omit [NeZero (Module.finrank ℝ E)] [I.Boundaryless] in theorem ...

Note: This linter can be disabled with `set_option linter.unusedSectionVars false`
⚠ [3147/3195] Replayed CurveControl.Geometry.ChartBridge
warning: CurveControl/Geometry/ChartBridge.lean:24:0: docstring should start with **Math.**, **Eng.**, or **Mixed.** (got: "Representation of the family in one fixe…")

Note: This linter can be disabled with `set_option linter.shared.mathTag false`
warning: CurveControl/Geometry/ChartBridge.lean:35:0: automatically included section variable(s) unused in theorem `CurveControl.Geometry.IsCurveShorteningFlowOn.contMDiff_curve`:
  [NeZero (Module.finrank ℝ E)]
  [I.Boundaryless]
consider restructuring your `variable` declarations so that the variables are not in scope or explicitly omit them:
  omit [NeZero (Module.finrank ℝ E)] [I.Boundaryless] in theorem ...

Note: This linter can be disabled with `set_option linter.unusedSectionVars false`
warning: CurveControl/Geometry/ChartBridge.lean:41:0: automatically included section variable(s) unused in theorem `CurveControl.Geometry.IsCurveShorteningFlowOn.contMDiffAt_family`:
  [NeZero (Module.finrank ℝ E)]
  [I.Boundaryless]
consider restructuring your `variable` declarations so that the variables are not in scope or explicitly omit them:
  omit [NeZero (Module.finrank ℝ E)] [I.Boundaryless] in theorem ...

Note: This linter can be disabled with `set_option linter.unusedSectionVars false`
⚠ [3148/3195] Replayed CurveControl.Geometry.SpatialCurve
warning: CurveControl/Geometry/SpatialCurve.lean:20:0: automatically included section variable(s) unused in theorem `CurveControl.Geometry.contDiffAt_chartLocalCurve`:
  [InnerProductSpace ℝ E]
  [Module.Finite ℝ E]
  [FiniteDimensional ℝ E]
  [NeZero (Module.finrank ℝ E)]
  [IsManifold I ∞ M]
  [I.Boundaryless]
consider restructuring your `variable` declarations so that the variables are not in scope or explicitly omit them:
  omit [InnerProductSpace ℝ
  E] [Module.Finite ℝ
  E] [FiniteDimensional ℝ E] [NeZero (Module.finrank ℝ E)] [IsManifold I ∞ M] [I.Boundaryless] in theorem ...

Note: This linter can be disabled with `set_option linter.unusedSectionVars false`
warning: CurveControl/Geometry/SpatialCurve.lean:20:8: Overlapping instance parameters in `contDiffAt_chartLocalCurve`:

⚠️ `[NormedSpace ℝ E]` and `[InnerProductSpace ℝ E]` can be used to infer conflicting versions of `[SMul ℝ E]`.
💡️ Of these, `[NormedSpace ℝ E]` may be removed.
⚠️ `[Module.Finite ℝ E]` and `[FiniteDimensional ℝ E]` each imply `[Module.Finite ℝ E]`.
💡️ Of these, `[Module.Finite ℝ E]` and `[FiniteDimensional ℝ E]` may be removed.

When a data-carrying type class has multiple potential instances coming from different instance parameters, then these potential instances are incompatible. This is an example of an "instance diamond", which leads to unexpected unification failures.

Delete or combine some of your instance parameters to avoid this.

Note: This linter can be disabled with `set_option linter.overlappingInstances false`
warning: CurveControl/Geometry/SpatialCurve.lean:19:0: docstring should start with **Math.**, **Eng.**, or **Mixed.** (got: "A smooth curve has a smooth representati…")

Note: This linter can be disabled with `set_option linter.shared.mathTag false`
warning: CurveControl/Geometry/SpatialCurve.lean:25:0: docstring should start with **Math.**, **Eng.**, or **Mixed.** (got: "Continuity keeps the curve in the anchor…")

Note: This linter can be disabled with `set_option linter.shared.mathTag false`
warning: CurveControl/Geometry/SpatialCurve.lean:33:0: automatically included section variable(s) unused in theorem `CurveControl.Geometry.hasCovDerivAlongAt_covDerivAlong`:
  [InnerProductSpace ℝ E]
  [Module.Finite ℝ E]
  [NeZero (Module.finrank ℝ E)]
  [I.Boundaryless]
consider restructuring your `variable` declarations so that the variables are not in scope or explicitly omit them:
  omit [InnerProductSpace ℝ E] [Module.Finite ℝ E] [NeZero (Module.finrank ℝ E)] [I.Boundaryless] in theorem ...

Note: This linter can be disabled with `set_option linter.unusedSectionVars false`
warning: CurveControl/Geometry/SpatialCurve.lean:33:8: Overlapping instance parameters in `hasCovDerivAlongAt_covDerivAlong`:

⚠️ `[NormedSpace ℝ E]` and `[InnerProductSpace ℝ E]` can be used to infer conflicting versions of `[SMul ℝ E]`.
💡️ Of these, `[NormedSpace ℝ E]` may be removed.
⚠️ `[Module.Finite ℝ E]` and `[FiniteDimensional ℝ E]` each imply `[Module.Finite ℝ E]`.
💡️ Of these, `[Module.Finite ℝ E]` and `[FiniteDimensional ℝ E]` may be removed.

When a data-carrying type class has multiple potential instances coming from different instance parameters, then these potential instances are incompatible. This is an example of an "instance diamond", which leads to unexpected unification failures.

Delete or combine some of your instance parameters to avoid this.

Note: This linter can be disabled with `set_option linter.overlappingInstances false`
warning: CurveControl/Geometry/SpatialCurve.lean:31:0: docstring should start with **Math.**, **Eng.**, or **Mixed.** (got: "Differentiability of the actual chart re…")

Note: This linter can be disabled with `set_option linter.shared.mathTag false`
warning: CurveControl/Geometry/SpatialCurve.lean:43:0: automatically included section variable(s) unused in theorem `CurveControl.Geometry.contDiffAt_chartFieldCoord_velocity`:
  [Module.Finite ℝ E]
consider restructuring your `variable` declarations so that the variables are not in scope or explicitly omit them:
  omit [Module.Finite ℝ E] in theorem ...

Note: This linter can be disabled with `set_option linter.unusedSectionVars false`
warning: CurveControl/Geometry/SpatialCurve.lean:43:8: Overlapping instance parameters in `contDiffAt_chartFieldCoord_velocity`:

⚠️ `[NormedSpace ℝ E]` and `[InnerProductSpace ℝ E]` can be used to infer conflicting versions of `[SMul ℝ E]`.
💡️ Of these, `[NormedSpace ℝ E]` may be removed.
⚠️ `[Module.Finite ℝ E]` and `[FiniteDimensional ℝ E]` each imply `[Module.Finite ℝ E]`.
💡️ Of these, `[Module.Finite ℝ E]` and `[FiniteDimensional ℝ E]` may be removed.

When a data-carrying type class has multiple potential instances coming from different instance parameters, then these potential instances are incompatible. This is an example of an "instance diamond", which leads to unexpected unification failures.

Delete or combine some of your instance parameters to avoid this.

Note: This linter can be disabled with `set_option linter.overlappingInstances false`
warning: CurveControl/Geometry/SpatialCurve.lean:41:0: docstring should start with **Math.**, **Eng.**, or **Mixed.** (got: "The velocity field has smooth coordinate…")

Note: This linter can be disabled with `set_option linter.shared.mathTag false`
warning: CurveControl/Geometry/SpatialCurve.lean:60:0: automatically included section variable(s) unused in theorem `CurveControl.Geometry.hasCovDerivAlongAt_velocity`:
  [Module.Finite ℝ E]
consider restructuring your `variable` declarations so that the variables are not in scope or explicitly omit them:
  omit [Module.Finite ℝ E] in theorem ...

Note: This linter can be disabled with `set_option linter.unusedSectionVars false`
warning: CurveControl/Geometry/SpatialCurve.lean:60:8: Overlapping instance parameters in `hasCovDerivAlongAt_velocity`:

⚠️ `[NormedSpace ℝ E]` and `[InnerProductSpace ℝ E]` can be used to infer conflicting versions of `[SMul ℝ E]`.
💡️ Of these, `[NormedSpace ℝ E]` may be removed.
⚠️ `[Module.Finite ℝ E]` and `[FiniteDimensional ℝ E]` each imply `[Module.Finite ℝ E]`.
💡️ Of these, `[Module.Finite ℝ E]` and `[FiniteDimensional ℝ E]` may be removed.

When a data-carrying type class has multiple potential instances coming from different instance parameters, then these potential instances are incompatible. This is an example of an "instance diamond", which leads to unexpected unification failures.

Delete or combine some of your instance parameters to avoid this.

Note: This linter can be disabled with `set_option linter.overlappingInstances false`
warning: CurveControl/Geometry/SpatialCurve.lean:59:0: docstring should start with **Math.**, **Eng.**, or **Mixed.** (got: "Smoothness of the curve supplies the act…")

Note: This linter can be disabled with `set_option linter.shared.mathTag false`
warning: CurveControl/Geometry/SpatialCurve.lean:72:0: automatically included section variable(s) unused in theorem `CurveControl.Geometry.hasDerivAt_curveSpeed`:
  [Module.Finite ℝ E]
consider restructuring your `variable` declarations so that the variables are not in scope or explicitly omit them:
  omit [Module.Finite ℝ E] in theorem ...

Note: This linter can be disabled with `set_option linter.unusedSectionVars false`
warning: CurveControl/Geometry/SpatialCurve.lean:72:8: Overlapping instance parameters in `hasDerivAt_curveSpeed`:

⚠️ `[NormedSpace ℝ E]` and `[InnerProductSpace ℝ E]` can be used to infer conflicting versions of `[SMul ℝ E]`.
💡️ Of these, `[NormedSpace ℝ E]` may be removed.
⚠️ `[Module.Finite ℝ E]` and `[FiniteDimensional ℝ E]` each imply `[Module.Finite ℝ E]`.
💡️ Of these, `[Module.Finite ℝ E]` and `[FiniteDimensional ℝ E]` may be removed.

When a data-carrying type class has multiple potential instances coming from different instance parameters, then these potential instances are incompatible. This is an example of an "instance diamond", which leads to unexpected unification failures.

Delete or combine some of your instance parameters to avoid this.

Note: This linter can be disabled with `set_option linter.overlappingInstances false`
warning: CurveControl/Geometry/SpatialCurve.lean:69:0: docstring should start with **Math.**, **Eng.**, or **Mixed.** (got: "Spatial speed derivative in a fixed ambi…")

Note: This linter can be disabled with `set_option linter.shared.mathTag false`
warning: CurveControl/Geometry/SpatialCurve.lean:84:0: automatically included section variable(s) unused in theorem `CurveControl.Geometry.curvatureVector_orthogonal`:
  [Module.Finite ℝ E]
consider restructuring your `variable` declarations so that the variables are not in scope or explicitly omit them:
  omit [Module.Finite ℝ E] in theorem ...

Note: This linter can be disabled with `set_option linter.unusedSectionVars false`
warning: CurveControl/Geometry/SpatialCurve.lean:84:8: Overlapping instance parameters in `curvatureVector_orthogonal`:

⚠️ `[NormedSpace ℝ E]` and `[InnerProductSpace ℝ E]` can be used to infer conflicting versions of `[SMul ℝ E]`.
💡️ Of these, `[NormedSpace ℝ E]` may be removed.
⚠️ `[Module.Finite ℝ E]` and `[FiniteDimensional ℝ E]` each imply `[Module.Finite ℝ E]`.
💡️ Of these, `[Module.Finite ℝ E]` and `[FiniteDimensional ℝ E]` may be removed.

When a data-carrying type class has multiple potential instances coming from different instance parameters, then these potential instances are incompatible. This is an example of an "instance diamond", which leads to unexpected unification failures.

Delete or combine some of your instance parameters to avoid this.

Note: This linter can be disabled with `set_option linter.overlappingInstances false`
warning: CurveControl/Geometry/SpatialCurve.lean:82:0: docstring should start with **Math.**, **Eng.**, or **Mixed.** (got: "Curvature is orthogonal to the unit tang…")

Note: This linter can be disabled with `set_option linter.shared.mathTag false`
warning: CurveControl/Geometry/SpatialCurve.lean:104:0: automatically included section variable(s) unused in theorem `CurveControl.Geometry.hasCovDerivAlongAt_unitTangent`:
  [Module.Finite ℝ E]
consider restructuring your `variable` declarations so that the variables are not in scope or explicitly omit them:
  omit [Module.Finite ℝ E] in theorem ...

Note: This linter can be disabled with `set_option linter.unusedSectionVars false`
warning: CurveControl/Geometry/SpatialCurve.lean:104:8: Overlapping instance parameters in `hasCovDerivAlongAt_unitTangent`:

⚠️ `[NormedSpace ℝ E]` and `[InnerProductSpace ℝ E]` can be used to infer conflicting versions of `[SMul ℝ E]`.
💡️ Of these, `[NormedSpace ℝ E]` may be removed.
⚠️ `[Module.Finite ℝ E]` and `[FiniteDimensional ℝ E]` each imply `[Module.Finite ℝ E]`.
💡️ Of these, `[Module.Finite ℝ E]` and `[FiniteDimensional ℝ E]` may be removed.

When a data-carrying type class has multiple potential instances coming from different instance parameters, then these potential instances are incompatible. This is an example of an "instance diamond", which leads to unexpected unification failures.

Delete or combine some of your instance parameters to avoid this.

Note: This linter can be disabled with `set_option linter.overlappingInstances false`
warning: CurveControl/Geometry/SpatialCurve.lean:103:0: docstring should start with **Math.**, **Eng.**, or **Mixed.** (got: "Unit tangent covariant differentiability…")

Note: This linter can be disabled with `set_option linter.shared.mathTag false`
warning: CurveControl/Geometry/SpatialCurve.lean:119:0: automatically included section variable(s) unused in theorem `CurveControl.Geometry.curvatureVector_orthogonal_of_contMDiff`:
  [Module.Finite ℝ E]
consider restructuring your `variable` declarations so that the variables are not in scope or explicitly omit them:
  omit [Module.Finite ℝ E] in theorem ...

Note: This linter can be disabled with `set_option linter.unusedSectionVars false`
warning: CurveControl/Geometry/SpatialCurve.lean:119:8: Overlapping instance parameters in `curvatureVector_orthogonal_of_contMDiff`:

⚠️ `[NormedSpace ℝ E]` and `[InnerProductSpace ℝ E]` can be used to infer conflicting versions of `[SMul ℝ E]`.
💡️ Of these, `[NormedSpace ℝ E]` may be removed.
⚠️ `[Module.Finite ℝ E]` and `[FiniteDimensional ℝ E]` each imply `[Module.Finite ℝ E]`.
💡️ Of these, `[Module.Finite ℝ E]` and `[FiniteDimensional ℝ E]` may be removed.

When a data-carrying type class has multiple potential instances coming from different instance parameters, then these potential instances are incompatible. This is an example of an "instance diamond", which leads to unexpected unification failures.

Delete or combine some of your instance parameters to avoid this.

Note: This linter can be disabled with `set_option linter.overlappingInstances false`
warning: CurveControl/Geometry/SpatialCurve.lean:117:0: docstring should start with **Math.**, **Eng.**, or **Mixed.** (got: "Orthogonality for a smooth immersed curv…")

Note: This linter can be disabled with `set_option linter.shared.mathTag false`
⚠ [3149/3195] Replayed CurveControl.Geometry.CurveRegularity
warning: CurveControl/Geometry/CurveRegularity.lean:20:0: docstring should start with **Math.**, **Eng.**, or **Mixed.** (got: "Fixed-chart squared metric norm of a dir…")

Note: This linter can be disabled with `set_option linter.shared.mathTag false`
warning: CurveControl/Geometry/CurveRegularity.lean:27:0: docstring should start with **Math.**, **Eng.**, or **Mixed.** (got: "Differentiation preserves period one, ev…")

Note: This linter can be disabled with `set_option linter.shared.mathTag false`
warning: CurveControl/Geometry/CurveRegularity.lean:35:0: automatically included section variable(s) unused in theorem `CurveControl.Geometry.curveVelocity_periodic`:
  [FiniteDimensional ℝ E]
  [NeZero (Module.finrank ℝ E)]
  [IsManifold I ∞ M]
  [I.Boundaryless]
consider restructuring your `variable` declarations so that the variables are not in scope or explicitly omit them:
  omit [FiniteDimensional ℝ E] [NeZero (Module.finrank ℝ E)] [IsManifold I ∞ M] [I.Boundaryless] in theorem ...

Note: This linter can be disabled with `set_option linter.unusedSectionVars false`
warning: CurveControl/Geometry/CurveRegularity.lean:64:0: automatically included section variable(s) unused in theorem `CurveControl.Geometry.covDerivAlong_periodic`:
  [NeZero (Module.finrank ℝ E)]
  [I.Boundaryless]
consider restructuring your `variable` declarations so that the variables are not in scope or explicitly omit them:
  omit [NeZero (Module.finrank ℝ E)] [I.Boundaryless] in theorem ...

Note: This linter can be disabled with `set_option linter.unusedSectionVars false`
warning: CurveControl/Geometry/CurveRegularity.lean:118:0: docstring should start with **Math.**, **Eng.**, or **Mixed.** (got: "Squared norm using the spacetime derivat…")

Note: This linter can be disabled with `set_option linter.shared.mathTag false`
warning: CurveControl/Geometry/CurveRegularity.lean:125:0: docstring should start with **Math.**, **Eng.**, or **Mixed.** (got: "Nondegenerate Ricci-flow time intervals …")

Note: This linter can be disabled with `set_option linter.shared.mathTag false`
warning: CurveControl/Geometry/CurveRegularity.lean:224:0: automatically included section variable(s) unused in theorem `CurveControl.Geometry.IsCurveShorteningFlowOn.contDiffWithinAt_chartCurveFamily`:
  [NeZero (Module.finrank ℝ E)]
  [I.Boundaryless]
consider restructuring your `variable` declarations so that the variables are not in scope or explicitly omit them:
  omit [NeZero (Module.finrank ℝ E)] [I.Boundaryless] in theorem ...

Note: This linter can be disabled with `set_option linter.unusedSectionVars false`
warning: CurveControl/Geometry/CurveRegularity.lean:223:0: docstring should start with **Math.**, **Eng.**, or **Mixed.** (got: "Joint coordinate regularity within the t…")

Note: This linter can be disabled with `set_option linter.shared.mathTag false`
warning: CurveControl/Geometry/CurveRegularity.lean:267:0: docstring should start with **Math.**, **Eng.**, or **Mixed.** (got: "The fixed-chart spatial velocity equals …")

Note: This linter can be disabled with `set_option linter.shared.mathTag false`
warning: CurveControl/Geometry/CurveRegularity.lean:285:0: automatically included section variable(s) unused in theorem `CurveControl.Geometry.IsCurveShorteningFlowOn.hasDerivWithinAt_timeChart_in_chart`:
  [NeZero (Module.finrank ℝ E)]
consider restructuring your `variable` declarations so that the variables are not in scope or explicitly omit them:
  omit [NeZero (Module.finrank ℝ E)] in theorem ...

Note: This linter can be disabled with `set_option linter.unusedSectionVars false`
warning: CurveControl/Geometry/CurveRegularity.lean:284:0: docstring should start with **Math.**, **Eng.**, or **Mixed.** (got: "Time-chart change for the actual endpoin…")

Note: This linter can be disabled with `set_option linter.shared.mathTag false`
warning: CurveControl/Geometry/CurveRegularity.lean:311:0: docstring should start with **Math.**, **Eng.**, or **Mixed.** (got: "Curvature is a time derivative within th…")

Note: This linter can be disabled with `set_option linter.shared.mathTag false`
warning: CurveControl/Geometry/CurveRegularity.lean:348:0: automatically included section variable(s) unused in theorem `CurveControl.Geometry.IsCurveShorteningFlowOn.eventually_within_chart`:
  [NeZero (Module.finrank ℝ E)]
  [I.Boundaryless]
consider restructuring your `variable` declarations so that the variables are not in scope or explicitly omit them:
  omit [NeZero (Module.finrank ℝ E)] [I.Boundaryless] in theorem ...

Note: This linter can be disabled with `set_option linter.unusedSectionVars false`
warning: CurveControl/Geometry/CurveRegularity.lean:359:0: docstring should start with **Math.**, **Eng.**, or **Mixed.** (got: "Actual speed is jointly smooth within th…")

Note: This linter can be disabled with `set_option linter.shared.mathTag false`
warning: CurveControl/Geometry/CurveRegularity.lean:374:0: docstring should start with **Math.**, **Eng.**, or **Mixed.** (got: "Actual squared curvature is jointly smoo…")

Note: This linter can be disabled with `set_option linter.shared.mathTag false`
warning: CurveControl/Geometry/CurveRegularity.lean:391:0: docstring should start with **Math.**, **Eng.**, or **Mixed.** (got: "Compact rectangles inherit continuity, i…")

Note: This linter can be disabled with `set_option linter.shared.mathTag false`
ℹ [3150/3195] Replayed CurveControl.Geometry.MovingMetric
info: CurveControl/Geometry/MovingMetric.lean:124:0: 'CurveControl.Geometry.hasDerivAt_diagonal_of_slices' depends on axioms: [propext, Classical.choice, Quot.sound]
info: CurveControl/Geometry/MovingMetric.lean:125:0: 'CurveControl.Geometry.differentiableAt_metricInner_time_curve' depends on axioms: [propext,
 Classical.choice,
 Quot.sound]
info: CurveControl/Geometry/MovingMetric.lean:126:0: 'CurveControl.Geometry.hasDerivAt_movingMetricInner' depends on axioms: [propext, Classical.choice, Quot.sound]
info: CurveControl/Geometry/MovingMetric.lean:127:0: 'CurveControl.Geometry.hasDerivAt_ricciFlow_field_sq' depends on axioms: [propext, Classical.choice, Quot.sound]
⚠ [3154/3195] Replayed MorganTianLib.Ch02.FrameBridge
warning: MorganTianLib/Ch02/FrameBridge.lean:391:34: `Finsupp.coe_finset_sum` has been deprecated: Use `Finsupp.coe_finsetSum` instead
ℹ [3155/3195] Replayed CurveControl.Analysis.WeightedIntegral
info: CurveControl/Analysis/WeightedIntegral.lean:139:0: 'CurveControl.Analysis.hasDerivAt_weightedIntegral' depends on axioms: [propext, Classical.choice, Quot.sound]
info: CurveControl/Analysis/WeightedIntegral.lean:140:0: 'CurveControl.Analysis.hasDerivAt_weightedIntegral_of_densityEvolution' depends on axioms: [propext,
 Classical.choice,
 Quot.sound]
info: CurveControl/Analysis/WeightedIntegral.lean:141:0: 'CurveControl.Analysis.continuousOn_weightedIntegral' depends on axioms: [propext, Classical.choice, Quot.sound]
info: CurveControl/Analysis/WeightedIntegral.lean:142:0: 'CurveControl.Analysis.hasDerivAt_weightedIntegral_interior' depends on axioms: [propext, Classical.choice, Quot.sound]
info: CurveControl/Analysis/WeightedIntegral.lean:143:0: 'CurveControl.Analysis.integral_deriv_eq_zero_of_endpoints' depends on axioms: [propext, Classical.choice, Quot.sound]
info: CurveControl/Analysis/WeightedIntegral.lean:144:0: 'CurveControl.Analysis.integral_arcDeriv_arcDeriv_eq_zero' depends on axioms: [propext, Classical.choice, Quot.sound]
⚠ [3159/3195] Replayed DoCarmoLib.Riemannian.Connection.ChartChristoffelChange
warning: DoCarmoLib/Riemannian/Connection/ChartChristoffelChange.lean:98:4: Overlapping instance parameters in `chartTransition`:

⚠️ `[NormedSpace ℝ E]` and `[InnerProductSpace ℝ E]` can be used to infer conflicting versions of `[SMul ℝ E]`.
💡️ Of these, `[NormedSpace ℝ E]` may be removed.

When a data-carrying type class has multiple potential instances coming from different instance parameters, then these potential instances are incompatible. This is an example of an "instance diamond", which leads to unexpected unification failures.

Delete or combine some of your instance parameters to avoid this.

Note: This linter can be disabled with `set_option linter.overlappingInstances false`
warning: DoCarmoLib/Riemannian/Connection/ChartChristoffelChange.lean:107:4: Overlapping instance parameters in `chartTransitionSource`:

⚠️ `[NormedSpace ℝ E]` and `[InnerProductSpace ℝ E]` can be used to infer conflicting versions of `[SMul ℝ E]`.
💡️ Of these, `[NormedSpace ℝ E]` may be removed.

When a data-carrying type class has multiple potential instances coming from different instance parameters, then these potential instances are incompatible. This is an example of an "instance diamond", which leads to unexpected unification failures.

Delete or combine some of your instance parameters to avoid this.

Note: This linter can be disabled with `set_option linter.overlappingInstances false`
warning: DoCarmoLib/Riemannian/Connection/ChartChristoffelChange.lean:237:4: Overlapping instance parameters in `transitionDeriv`:

⚠️ `[NormedSpace ℝ E]` and `[InnerProductSpace ℝ E]` can be used to infer conflicting versions of `[SMul ℝ E]`.
💡️ Of these, `[NormedSpace ℝ E]` may be removed.

When a data-carrying type class has multiple potential instances coming from different instance parameters, then these potential instances are incompatible. This is an example of an "instance diamond", which leads to unexpected unification failures.

Delete or combine some of your instance parameters to avoid this.

Note: This linter can be disabled with `set_option linter.overlappingInstances false`
warning: DoCarmoLib/Riemannian/Connection/ChartChristoffelChange.lean:249:4: Overlapping instance parameters in `transitionSndDeriv`:

⚠️ `[NormedSpace ℝ E]` and `[InnerProductSpace ℝ E]` can be used to infer conflicting versions of `[SMul ℝ E]`.
💡️ Of these, `[NormedSpace ℝ E]` may be removed.

When a data-carrying type class has multiple potential instances coming from different instance parameters, then these potential instances are incompatible. This is an example of an "instance diamond", which leads to unexpected unification failures.

Delete or combine some of your instance parameters to avoid this.

Note: This linter can be disabled with `set_option linter.overlappingInstances false`
warning: DoCarmoLib/Riemannian/Connection/ChartChristoffelChange.lean:411:13: `ContinuousLinearMap.sum_apply` has been deprecated: Use `sum_apply` instead

Note: The updated constant is in a different namespace. Dot notation may need to be changed (e.g., from `x.sum_apply` to `sum_apply x`).
warning: DoCarmoLib/Riemannian/Connection/ChartChristoffelChange.lean:421:13: `ContinuousLinearMap.add_apply` has been deprecated: Use `add_apply` instead

Note: The updated constant is in a different namespace. Dot notation may need to be changed (e.g., from `x.add_apply` to `add_apply x`).
warning: DoCarmoLib/Riemannian/Connection/ChartChristoffelChange.lean:421:44: `ContinuousLinearMap.smul_apply` has been deprecated: Use `smul_apply` instead

Note: The updated constant is in a different namespace. Dot notation may need to be changed (e.g., from `x.smul_apply` to `smul_apply x`).
⚠ [3160/3195] Replayed DoCarmoLib.Riemannian.Manifold.DoCarmoCh1
warning: DoCarmoLib/Riemannian/Manifold/DoCarmoCh1.lean:215:38: `ContinuousLinearMap.smul_apply` has been deprecated: Use `smul_apply` instead

Note: The updated constant is in a different namespace. Dot notation may need to be changed (e.g., from `x.smul_apply` to `smul_apply x`).
warning: DoCarmoLib/Riemannian/Manifold/DoCarmoCh1.lean:237:15: `ContinuousLinearMap.add_apply` has been deprecated: Use `add_apply` instead

Note: The updated constant is in a different namespace. Dot notation may need to be changed (e.g., from `x.add_apply` to `add_apply x`).
warning: DoCarmoLib/Riemannian/Manifold/DoCarmoCh1.lean:237:46: `ContinuousLinearMap.smul_apply` has been deprecated: Use `smul_apply` instead

Note: The updated constant is in a different namespace. Dot notation may need to be changed (e.g., from `x.smul_apply` to `smul_apply x`).
warning: DoCarmoLib/Riemannian/Manifold/DoCarmoCh1.lean:240:15: `ContinuousLinearMap.add_apply` has been deprecated: Use `add_apply` instead

Note: The updated constant is in a different namespace. Dot notation may need to be changed (e.g., from `x.add_apply` to `add_apply x`).
warning: DoCarmoLib/Riemannian/Manifold/DoCarmoCh1.lean:240:46: `ContinuousLinearMap.smul_apply` has been deprecated: Use `smul_apply` instead

Note: The updated constant is in a different namespace. Dot notation may need to be changed (e.g., from `x.smul_apply` to `smul_apply x`).
warning: DoCarmoLib/Riemannian/Manifold/DoCarmoCh1.lean:514:28: `ContinuousLinearMap.add_apply` has been deprecated: Use `add_apply` instead

Note: The updated constant is in a different namespace. Dot notation may need to be changed (e.g., from `x.add_apply` to `add_apply x`).
warning: DoCarmoLib/Riemannian/Manifold/DoCarmoCh1.lean:530:28: `ContinuousLinearMap.add_apply` has been deprecated: Use `add_apply` instead

Note: The updated constant is in a different namespace. Dot notation may need to be changed (e.g., from `x.add_apply` to `add_apply x`).
warning: DoCarmoLib/Riemannian/Manifold/DoCarmoCh1.lean:574:18: Overlapping instance parameters in `DCLeftInvariantForm`:

⚠️ `[IsManifold I ∞ G]` and `[LieGroup I ∞ G]` each imply `[HasGroupoid G (contDiffGroupoid ∞ I)]`.
💡️ Of these, `[IsManifold I ∞ G]` may be removed.

Note: This linter can be disabled with `set_option linter.overlappingInstances false`
warning: DoCarmoLib/Riemannian/Manifold/DoCarmoCh1.lean:711:18: Overlapping instance parameters in `DCLeftInvariantMetric`:

⚠️ `[IsManifold I ∞ G]` and `[LieGroup I ∞ G]` each imply `[HasGroupoid G (contDiffGroupoid ∞ I)]`.
💡️ Of these, `[IsManifold I ∞ G]` may be removed.

Note: This linter can be disabled with `set_option linter.overlappingInstances false`
⚠ [3162/3195] Replayed MorganTianLib.Ch01.ParallelFrame
warning: MorganTianLib/Ch01/ParallelFrame.lean:83:4: Overlapping instance parameters in `IsParallelSolOn`:

⚠️ `[NormedSpace ℝ E]` and `[InnerProductSpace ℝ E]` can be used to infer conflicting versions of `[SMul ℝ E]`.
💡️ Of these, `[NormedSpace ℝ E]` may be removed.
⚠️ `[Module.Finite ℝ E]` and `[FiniteDimensional ℝ E]` each imply `[Module.Finite ℝ E]`.
💡️ Of these, `[Module.Finite ℝ E]` and `[FiniteDimensional ℝ E]` may be removed.

When a data-carrying type class has multiple potential instances coming from different instance parameters, then these potential instances are incompatible. This is an example of an "instance diamond", which leads to unexpected unification failures.

Delete or combine some of your instance parameters to avoid this.

Note: This linter can be disabled with `set_option linter.overlappingInstances false`
warning: MorganTianLib/Ch01/ParallelFrame.lean:92:8: Overlapping instance parameters in `continuousOn`:

⚠️ `[NormedSpace ℝ E]` and `[InnerProductSpace ℝ E]` can be used to infer conflicting versions of `[SMul ℝ E]`.
💡️ Of these, `[NormedSpace ℝ E]` may be removed.
⚠️ `[Module.Finite ℝ E]` and `[FiniteDimensional ℝ E]` each imply `[Module.Finite ℝ E]`.
💡️ Of these, `[Module.Finite ℝ E]` and `[FiniteDimensional ℝ E]` may be removed.

When a data-carrying type class has multiple potential instances coming from different instance parameters, then these potential instances are incompatible. This is an example of an "instance diamond", which leads to unexpected unification failures.

Delete or combine some of your instance parameters to avoid this.

Note: This linter can be disabled with `set_option linter.overlappingInstances false`
warning: MorganTianLib/Ch01/ParallelFrame.lean:98:8: Overlapping instance parameters in `differentiableAt`:

⚠️ `[NormedSpace ℝ E]` and `[InnerProductSpace ℝ E]` can be used to infer conflicting versions of `[SMul ℝ E]`.
💡️ Of these, `[NormedSpace ℝ E]` may be removed.
⚠️ `[Module.Finite ℝ E]` and `[FiniteDimensional ℝ E]` each imply `[Module.Finite ℝ E]`.
💡️ Of these, `[Module.Finite ℝ E]` and `[FiniteDimensional ℝ E]` may be removed.

When a data-carrying type class has multiple potential instances coming from different instance parameters, then these potential instances are incompatible. This is an example of an "instance diamond", which leads to unexpected unification failures.

Delete or combine some of your instance parameters to avoid this.

Note: This linter can be disabled with `set_option linter.overlappingInstances false`
warning: MorganTianLib/Ch01/ParallelFrame.lean:106:8: Overlapping instance parameters in `covariantDerivCoord_eq_zero`:

⚠️ `[NormedSpace ℝ E]` and `[InnerProductSpace ℝ E]` can be used to infer conflicting versions of `[SMul ℝ E]`.
💡️ Of these, `[NormedSpace ℝ E]` may be removed.
⚠️ `[Module.Finite ℝ E]` and `[FiniteDimensional ℝ E]` each imply `[Module.Finite ℝ E]`.
💡️ Of these, `[Module.Finite ℝ E]` and `[FiniteDimensional ℝ E]` may be removed.

When a data-carrying type class has multiple potential instances coming from different instance parameters, then these potential instances are incompatible. This is an example of an "instance diamond", which leads to unexpected unification failures.

Delete or combine some of your instance parameters to avoid this.

Note: This linter can be disabled with `set_option linter.overlappingInstances false`
warning: MorganTianLib/Ch01/ParallelFrame.lean:116:8: Overlapping instance parameters in `eqOn_of_left`:

⚠️ `[NormedSpace ℝ E]` and `[InnerProductSpace ℝ E]` can be used to infer conflicting versions of `[SMul ℝ E]`.
💡️ Of these, `[NormedSpace ℝ E]` may be removed.
⚠️ `[Module.Finite ℝ E]` and `[FiniteDimensional ℝ E]` each imply `[Module.Finite ℝ E]`.
💡️ Of these, `[Module.Finite ℝ E]` and `[FiniteDimensional ℝ E]` may be removed.

When a data-carrying type class has multiple potential instances coming from different instance parameters, then these potential instances are incompatible. This is an example of an "instance diamond", which leads to unexpected unification failures.

Delete or combine some of your instance parameters to avoid this.

Note: This linter can be disabled with `set_option linter.overlappingInstances false`
warning: MorganTianLib/Ch01/ParallelFrame.lean:148:11: `continuousOn_finset_sum` has been deprecated: Use `continuousOn_finsetSum` instead
warning: MorganTianLib/Ch01/ParallelFrame.lean:148:48: `continuousOn_finset_sum` has been deprecated: Use `continuousOn_finsetSum` instead
warning: MorganTianLib/Ch01/ParallelFrame.lean:130:8: Overlapping instance parameters in `chartMetricInner_eq`:

⚠️ `[NormedSpace ℝ E]` and `[InnerProductSpace ℝ E]` can be used to infer conflicting versions of `[SMul ℝ E]`.
💡️ Of these, `[NormedSpace ℝ E]` may be removed.
⚠️ `[Module.Finite ℝ E]` and `[FiniteDimensional ℝ E]` each imply `[Module.Finite ℝ E]`.
💡️ Of these, `[Module.Finite ℝ E]` and `[FiniteDimensional ℝ E]` may be removed.

When a data-carrying type class has multiple potential instances coming from different instance parameters, then these potential instances are incompatible. This is an example of an "instance diamond", which leads to unexpected unification failures.

Delete or combine some of your instance parameters to avoid this.

Note: This linter can be disabled with `set_option linter.overlappingInstances false`
warning: MorganTianLib/Ch01/ParallelFrame.lean:178:8: Overlapping instance parameters in `exists_parallelFrame_Icc`:

⚠️ `[NormedSpace ℝ E]` and `[InnerProductSpace ℝ E]` can be used to infer conflicting versions of `[SMul ℝ E]`.
💡️ Of these, `[NormedSpace ℝ E]` may be removed.
⚠️ `[Module.Finite ℝ E]` and `[FiniteDimensional ℝ E]` each imply `[Module.Finite ℝ E]`.
💡️ Of these, `[Module.Finite ℝ E]` and `[FiniteDimensional ℝ E]` may be removed.

When a data-carrying type class has multiple potential instances coming from different instance parameters, then these potential instances are incompatible. This is an example of an "instance diamond", which leads to unexpected unification failures.

Delete or combine some of your instance parameters to avoid this.

Note: This linter can be disabled with `set_option linter.overlappingInstances false`
warning: MorganTianLib/Ch01/ParallelFrame.lean:197:8: Overlapping instance parameters in `chartMetricInner_parallelFrame_eq`:

⚠️ `[NormedSpace ℝ E]` and `[InnerProductSpace ℝ E]` can be used to infer conflicting versions of `[SMul ℝ E]`.
💡️ Of these, `[NormedSpace ℝ E]` may be removed.
⚠️ `[Module.Finite ℝ E]` and `[FiniteDimensional ℝ E]` each imply `[Module.Finite ℝ E]`.
💡️ Of these, `[Module.Finite ℝ E]` and `[FiniteDimensional ℝ E]` may be removed.

When a data-carrying type class has multiple potential instances coming from different instance parameters, then these potential instances are incompatible. This is an example of an "instance diamond", which leads to unexpected unification failures.

Delete or combine some of your instance parameters to avoid this.

Note: This linter can be disabled with `set_option linter.overlappingInstances false`
ℹ [3165/3195] Replayed CurveControl.Analysis.EnergyIntegral
info: CurveControl/Analysis/EnergyIntegral.lean:98:0: 'CurveControl.Analysis.weighted_energy_integral_le' depends on axioms: [propext, Classical.choice, Quot.sound]
info: CurveControl/Analysis/EnergyIntegral.lean:99:0: 'CurveControl.Analysis.energy_integral_le' depends on axioms: [propext, Classical.choice, Quot.sound]
ℹ [3167/3195] Replayed CurveControl.Geometry.ProductMetric
info: CurveControl/Geometry/ProductMetric.lean:101:0: 'CurveControl.Geometry.productMetric' depends on axioms: [propext, Classical.choice, Quot.sound]
info: CurveControl/Geometry/ProductMetric.lean:102:0: 'CurveControl.Geometry.metricVectorLength_nonneg' depends on axioms: [propext, Classical.choice, Quot.sound]
info: CurveControl/Geometry/ProductMetric.lean:103:0: 'CurveControl.Geometry.metricVectorLength_sq' depends on axioms: [propext, Classical.choice, Quot.sound]
info: CurveControl/Geometry/ProductMetric.lean:104:0: 'CurveControl.Geometry.productMetric_inner' depends on axioms: [propext, Classical.choice, Quot.sound]
info: CurveControl/Geometry/ProductMetric.lean:105:0: 'CurveControl.Geometry.productMetric_length_sq' depends on axioms: [propext, Classical.choice, Quot.sound]
info: CurveControl/Geometry/ProductMetric.lean:106:0: 'CurveControl.Geometry.productMetric_fst_length_le' depends on axioms: [propext, Classical.choice, Quot.sound]
info: CurveControl/Geometry/ProductMetric.lean:107:0: 'CurveControl.Geometry.productMetric_snd_length_le' depends on axioms: [propext, Classical.choice, Quot.sound]
info: CurveControl/Geometry/ProductMetric.lean:108:0: 'CurveControl.Geometry.productMetric_mfderiv_fst_length_le' depends on axioms: [propext, Classical.choice, Quot.sound]
info: CurveControl/Geometry/ProductMetric.lean:109:0: 'CurveControl.Geometry.productMetric_mfderiv_snd_length_le' depends on axioms: [propext, Classical.choice, Quot.sound]
ℹ [3169/3211] Replayed MorganTianLib.Ch03.RicciFlow.ScalarEvolution
info: MorganTianLib/Ch03/RicciFlow/ScalarEvolution.lean:284:0: 'MorganTianLib.chartRicciNormSqOnE_eq_ricciNormSqAt' depends on axioms: [propext, Classical.choice, Quot.sound]
info: MorganTianLib/Ch03/RicciFlow/ScalarEvolution.lean:285:0: 'MorganTianLib.chartInvMetricRicciContractionOnE_neg_two_ricci' depends on axioms: [propext,
 Classical.choice,
 Quot.sound]
info: MorganTianLib/Ch03/RicciFlow/ScalarEvolution.lean:286:0: 'MorganTianLib.chartScalarCurvatureVariationOnE_eq_reaction_add_ricciVariation' depends on axioms: [propext,
 Classical.choice,
 Quot.sound]
info: MorganTianLib/Ch03/RicciFlow/ScalarEvolution.lean:287:0: 'MorganTianLib.ricciEndomorphismAt_selfAdjoint' depends on axioms: [propext, Classical.choice, Quot.sound]
info: MorganTianLib/Ch03/RicciFlow/ScalarEvolution.lean:288:0: 'MorganTianLib.scalarCurvatureAt_eq_trace_ricciEndomorphismAt' depends on axioms: [propext,
 Classical.choice,
 Quot.sound]
info: MorganTianLib/Ch03/RicciFlow/ScalarEvolution.lean:289:0: 'MorganTianLib.scalarCurvature_sq_le_finrank_mul_ricciNormSqAt' depends on axioms: [propext,
 Classical.choice,
 Quot.sound]
ℹ [3170/3211] Replayed MorganTianLib.Ch03.RicciFlow.ScalarTraceEvolution
info: MorganTianLib/Ch03/RicciFlow/ScalarTraceEvolution.lean:2003:0: 'MorganTianLib.ricciField_contMDiff' depends on axioms: [propext, Classical.choice, Quot.sound]
info: MorganTianLib/Ch03/RicciFlow/ScalarTraceEvolution.lean:2004:0: 'MorganTianLib.partialDeriv_chartInvGramOnE_eq_neg_christoffel' depends on axioms: [propext,
 Classical.choice,
 Quot.sound]
info: MorganTianLib/Ch03/RicciFlow/ScalarTraceEvolution.lean:2005:0: 'MorganTianLib.chartCovRicciOnE_contDiffOn' depends on axioms: [propext, Classical.choice, Quot.sound]
info: MorganTianLib/Ch03/RicciFlow/ScalarTraceEvolution.lean:2006:0: 'MorganTianLib.chartChristoffelVariationOnE_neg_two_ricci_eq_covRicci' depends on axioms: [propext,
 Classical.choice,
 Quot.sound]
info: MorganTianLib/Ch03/RicciFlow/ScalarTraceEvolution.lean:2007:0: 'MorganTianLib.chartChristoffelVariationOnE_neg_two_ricci_contDiffOn' depends on axioms: [propext,
 Classical.choice,
 Quot.sound]
info: MorganTianLib/Ch03/RicciFlow/ScalarTraceEvolution.lean:2008:0: 'MorganTianLib.chartCovRicciOnE_eq_covRicciAt_chartBasis' depends on axioms: [propext, Classical.choice, Quot.sound]
info: MorganTianLib/Ch03/RicciFlow/ScalarTraceEvolution.lean:2009:0: 'MorganTianLib.chartCovRicciOnE_trace_eq_partialDeriv_scalar' depends on axioms: [propext, Classical.choice, Quot.sound]
info: MorganTianLib/Ch03/RicciFlow/ScalarTraceEvolution.lean:2010:0: 'MorganTianLib.chartCovRicciOnE_div_eq_half_partialDeriv_scalar' depends on axioms: [propext,
 Classical.choice,
 Quot.sound]
info: MorganTianLib/Ch03/RicciFlow/ScalarTraceEvolution.lean:2011:0: 'MorganTianLib.sum_chartChristoffelVariationOnE_neg_two_ricci_eq_neg_partialDeriv_scalar' depends on axioms: [propext,
 Classical.choice,
 Quot.sound]
info: MorganTianLib/Ch03/RicciFlow/ScalarTraceEvolution.lean:2013:0: 'MorganTianLib.trace_chartChristoffelVariationOnE_neg_two_ricci_eq_zero' depends on axioms: [propext,
 Classical.choice,
 Quot.sound]
info: MorganTianLib/Ch03/RicciFlow/ScalarTraceEvolution.lean:2014:0: 'MorganTianLib.partialDeriv_trace_chartChristoffelVariationOnE_neg_two_ricci_eq_sum' depends on axioms: [propext,
 Classical.choice,
 Quot.sound]
info: MorganTianLib/Ch03/RicciFlow/ScalarTraceEvolution.lean:2016:0: 'MorganTianLib.sum_invGram_mul_partialDeriv_chartChristoffelVariationOnE_neg_two_ricci_eq' depends on axioms: [propext,
 Classical.choice,
 Quot.sound]
info: MorganTianLib/Ch03/RicciFlow/ScalarTraceEvolution.lean:2018:0: 'MorganTianLib.sum_invGram_mul_partialDeriv_chartChristoffelVariationOnE_neg_two_ricci_eq_corrections' depends on axioms: [propext,
 Classical.choice,
 Quot.sound]
info: MorganTianLib/Ch03/RicciFlow/ScalarTraceEvolution.lean:2020:0: 'MorganTianLib.trace_chartCovariantDerivativeConnectionVariationOnE_neg_two_ricci_eq_zero' depends on axioms: [propext,
 Classical.choice,
 Quot.sound]
info: MorganTianLib/Ch03/RicciFlow/ScalarTraceEvolution.lean:2022:0: 'MorganTianLib.sum_chartCovariantDerivativeConnectionVariationOnE_neg_two_ricci_eq' depends on axioms: [propext,
 Classical.choice,
 Quot.sound]
info: MorganTianLib/Ch03/RicciFlow/ScalarTraceEvolution.lean:2024:0: 'MorganTianLib.trace_sum_chartCovariantDerivativeConnectionVariationOnE_neg_two_ricci_eq' depends on axioms: [propext,
 Classical.choice,
 Quot.sound]
info: MorganTianLib/Ch03/RicciFlow/ScalarTraceEvolution.lean:2026:0: 'MorganTianLib.chartScalarCurvatureOnE_coordinate_laplacian_eq_laplacianAt' depends on axioms: [propext,
 Classical.choice,
 Quot.sound]
info: MorganTianLib/Ch03/RicciFlow/ScalarTraceEvolution.lean:2028:0: 'MorganTianLib.chartRicciCoefVariationOnE_eq_covariantDivergenceConnectionVariation' depends on axioms: [propext,
 Classical.choice,
 Quot.sound]
info: MorganTianLib/Ch03/RicciFlow/ScalarTraceEvolution.lean:2029:0: 'MorganTianLib.chartRicciCoefVariationOnE_neg_two_ricci_eq_covariantDivergenceConnectionVariation' depends on axioms: [propext,
 Classical.choice,
 Quot.sound]
info: MorganTianLib/Ch03/RicciFlow/ScalarTraceEvolution.lean:2031:0: 'MorganTianLib.trace_chartRicciCoefVariationOnE_neg_two_ricci_eq_laplacianAt' depends on axioms: [propext,
 Classical.choice,
 Quot.sound]
info: MorganTianLib/Ch03/RicciFlow/ScalarTraceEvolution.lean:2033:0: 'MorganTianLib.chartScalarCurvatureVariationOnE_neg_two_ricci_eq_laplacian_add_reaction' depends on axioms: [propext,
 Classical.choice,
 Quot.sound]
info: MorganTianLib/Ch03/RicciFlow/ScalarTraceEvolution.lean:2035:0: 'MorganTianLib.hasDerivAt_scalarCurvatureAt_leviCivita_of_isRicciFlowOn_eq_laplacian_add_reaction' depends on axioms: [propext,
 Classical.choice,
 Quot.sound]
ℹ [3171/3211] Replayed CurveControl.Geometry.RicciConnectionVariation
info: CurveControl/Geometry/RicciConnectionVariation.lean:322:0: 'CurveControl.Geometry.RicciConnectionVariation.hasDerivAt_chartChristoffel_ricci' depends on axioms: [propext,
 Classical.choice,
 Quot.sound]
info: CurveControl/Geometry/RicciConnectionVariation.lean:323:0: 'CurveControl.Geometry.RicciConnectionVariation.hasDerivAt_chartChristoffelBilin_ricci' depends on axioms: [propext,
 Classical.choice,
 Quot.sound]
info: CurveControl/Geometry/RicciConnectionVariation.lean:324:0: 'CurveControl.Geometry.RicciConnectionVariation.hasDerivAt_chartChristoffelContraction_ricci' depends on axioms: [propext,
 Classical.choice,
 Quot.sound]
info: CurveControl/Geometry/RicciConnectionVariation.lean:326:0: 'CurveControl.Geometry.RicciConnectionVariation.deriv_chartChristoffelBilin_lower_intrinsic' depends on axioms: [propext,
 Classical.choice,
 Quot.sound]
info: CurveControl/Geometry/RicciConnectionVariation.lean:328:0: 'CurveControl.Geometry.RicciConnectionVariation.contDiffAt_chartChristoffelBilin_timeSpace' depends on axioms: [propext,
 Classical.choice,
 Quot.sound]
info: CurveControl/Geometry/RicciConnectionVariation.lean:329:0: 'CurveControl.Geometry.RicciConnectionVariation.contDiffAt_two_chartChristoffelBilin_timeSpace' depends on axioms: [propext,
 Classical.choice,
 Quot.sound]
ℹ [3172/3211] Replayed CurveControl.Geometry.AmbientBounds
info: CurveControl/Geometry/AmbientBounds.lean:193:0: 'CurveControl.Geometry.AmbientBounds.curve_evaluations' depends on axioms: [propext, Classical.choice, Quot.sound]
info: CurveControl/Geometry/AmbientBounds.lean:194:0: 'CurveControl.Geometry.AmbientBounds.TensorBoundsAt.quadratic_error' depends on axioms: [propext,
 Classical.choice,
 Quot.sound]
info: CurveControl/Geometry/AmbientBounds.lean:195:0: 'CurveControl.Geometry.AmbientBounds.TensorBoundsAt.linear_error' depends on axioms: [propext,
 Classical.choice,
 Quot.sound]
info: CurveControl/Geometry/AmbientBounds.lean:197:0: 'CurveControl.Geometry.AmbientBounds.curve_ambient_error' depends on axioms: [propext, Classical.choice, Quot.sound]
ℹ [3175/3211] Replayed CurveControl.Geometry.SpeedEvolution
info: CurveControl/Geometry/SpeedEvolution.lean:181:0: 'CurveControl.Geometry.metricInner_covDeriv_curvature_velocity' depends on axioms: [propext,
 Classical.choice,
 Quot.sound]
info: CurveControl/Geometry/SpeedEvolution.lean:182:0: 'CurveControl.Geometry.hasDerivAt_time_curveSpeed_of_mixed' depends on axioms: [propext, Classical.choice, Quot.sound]
info: CurveControl/Geometry/SpeedEvolution.lean:183:0: 'CurveControl.Geometry.IsCurveShorteningFlowOn.exists_mixed_covDeriv' depends on axioms: [propext,
 Classical.choice,
 Quot.sound]
info: CurveControl/Geometry/SpeedEvolution.lean:184:0: 'CurveControl.Geometry.IsCurveShorteningFlowOn.hasDerivAt_curveSpeed_time' depends on axioms: [propext,
 Classical.choice,
 Quot.sound]
info: CurveControl/Geometry/SpeedEvolution.lean:185:0: 'CurveControl.Geometry.IsCurveShorteningFlowOn.hasCovDerivAt_unitTangent_time' depends on axioms: [propext,
 Classical.choice,
 Quot.sound]
⚠ [3176/3211] Replayed MorganTianLib.Ch01.FrameReduction
warning: MorganTianLib/Ch01/FrameReduction.lean:58:8: Overlapping instance parameters in `chartMetricInner_smul_left`:

⚠️ `[NormedSpace ℝ E]` and `[InnerProductSpace ℝ E]` can be used to infer conflicting versions of `[SMul ℝ E]`.
💡️ Of these, `[NormedSpace ℝ E]` may be removed.
⚠️ `[Module.Finite ℝ E]` and `[FiniteDimensional ℝ E]` each imply `[Module.Finite ℝ E]`.
💡️ Of these, `[Module.Finite ℝ E]` and `[FiniteDimensional ℝ E]` may be removed.

When a data-carrying type class has multiple potential instances coming from different instance parameters, then these potential instances are incompatible. This is an example of an "instance diamond", which leads to unexpected unification failures.

Delete or combine some of your instance parameters to avoid this.

Note: This linter can be disabled with `set_option linter.overlappingInstances false`
warning: MorganTianLib/Ch01/FrameReduction.lean:67:8: Overlapping instance parameters in `chartMetricInner_smul_right`:

⚠️ `[NormedSpace ℝ E]` and `[InnerProductSpace ℝ E]` can be used to infer conflicting versions of `[SMul ℝ E]`.
💡️ Of these, `[NormedSpace ℝ E]` may be removed.
⚠️ `[Module.Finite ℝ E]` and `[FiniteDimensional ℝ E]` each imply `[Module.Finite ℝ E]`.
💡️ Of these, `[Module.Finite ℝ E]` and `[FiniteDimensional ℝ E]` may be removed.

When a data-carrying type class has multiple potential instances coming from different instance parameters, then these potential instances are incompatible. This is an example of an "instance diamond", which leads to unexpected unification failures.

Delete or combine some of your instance parameters to avoid this.

Note: This linter can be disabled with `set_option linter.overlappingInstances false`
warning: MorganTianLib/Ch01/FrameReduction.lean:76:8: Overlapping instance parameters in `chartMetricInner_zero_left`:

⚠️ `[NormedSpace ℝ E]` and `[InnerProductSpace ℝ E]` can be used to infer conflicting versions of `[SMul ℝ E]`.
💡️ Of these, `[NormedSpace ℝ E]` may be removed.
⚠️ `[Module.Finite ℝ E]` and `[FiniteDimensional ℝ E]` each imply `[Module.Finite ℝ E]`.
💡️ Of these, `[Module.Finite ℝ E]` and `[FiniteDimensional ℝ E]` may be removed.

When a data-carrying type class has multiple potential instances coming from different instance parameters, then these potential instances are incompatible. This is an example of an "instance diamond", which leads to unexpected unification failures.

Delete or combine some of your instance parameters to avoid this.

Note: This linter can be disabled with `set_option linter.overlappingInstances false`
warning: MorganTianLib/Ch01/FrameReduction.lean:83:8: Overlapping instance parameters in `chartMetricInner_zero_right`:

⚠️ `[NormedSpace ℝ E]` and `[InnerProductSpace ℝ E]` can be used to infer conflicting versions of `[SMul ℝ E]`.
💡️ Of these, `[NormedSpace ℝ E]` may be removed.
⚠️ `[Module.Finite ℝ E]` and `[FiniteDimensional ℝ E]` each imply `[Module.Finite ℝ E]`.
💡️ Of these, `[Module.Finite ℝ E]` and `[FiniteDimensional ℝ E]` may be removed.

When a data-carrying type class has multiple potential instances coming from different instance parameters, then these potential instances are incompatible. This is an example of an "instance diamond", which leads to unexpected unification failures.

Delete or combine some of your instance parameters to avoid this.

Note: This linter can be disabled with `set_option linter.overlappingInstances false`
warning: MorganTianLib/Ch01/FrameReduction.lean:90:8: Overlapping instance parameters in `chartMetricInner_neg_left`:

⚠️ `[NormedSpace ℝ E]` and `[InnerProductSpace ℝ E]` can be used to infer conflicting versions of `[SMul ℝ E]`.
💡️ Of these, `[NormedSpace ℝ E]` may be removed.
⚠️ `[Module.Finite ℝ E]` and `[FiniteDimensional ℝ E]` each imply `[Module.Finite ℝ E]`.
💡️ Of these, `[Module.Finite ℝ E]` and `[FiniteDimensional ℝ E]` may be removed.

When a data-carrying type class has multiple potential instances coming from different instance parameters, then these potential instances are incompatible. This is an example of an "instance diamond", which leads to unexpected unification failures.

Delete or combine some of your instance parameters to avoid this.

Note: This linter can be disabled with `set_option linter.overlappingInstances false`
warning: MorganTianLib/Ch01/FrameReduction.lean:100:8: Overlapping instance parameters in `chartMetricInner_comm`:

⚠️ `[NormedSpace ℝ E]` and `[InnerProductSpace ℝ E]` can be used to infer conflicting versions of `[SMul ℝ E]`.
💡️ Of these, `[NormedSpace ℝ E]` may be removed.
⚠️ `[Module.Finite ℝ E]` and `[FiniteDimensional ℝ E]` each imply `[Module.Finite ℝ E]`.
💡️ Of these, `[Module.Finite ℝ E]` and `[FiniteDimensional ℝ E]` may be removed.

When a data-carrying type class has multiple potential instances coming from different instance parameters, then these potential instances are incompatible. This is an example of an "instance diamond", which leads to unexpected unification failures.

Delete or combine some of your instance parameters to avoid this.

Note: This linter can be disabled with `set_option linter.overlappingInstances false`
warning: MorganTianLib/Ch01/FrameReduction.lean:111:8: Overlapping instance parameters in `chartMetricInner_sum_left`:

⚠️ `[NormedSpace ℝ E]` and `[InnerProductSpace ℝ E]` can be used to infer conflicting versions of `[SMul ℝ E]`.
💡️ Of these, `[NormedSpace ℝ E]` may be removed.
⚠️ `[Module.Finite ℝ E]` and `[FiniteDimensional ℝ E]` each imply `[Module.Finite ℝ E]`.
💡️ Of these, `[Module.Finite ℝ E]` and `[FiniteDimensional ℝ E]` may be removed.

When a data-carrying type class has multiple potential instances coming from different instance parameters, then these potential instances are incompatible. This is an example of an "instance diamond", which leads to unexpected unification failures.

Delete or combine some of your instance parameters to avoid this.

Note: This linter can be disabled with `set_option linter.overlappingInstances false`
warning: MorganTianLib/Ch01/FrameReduction.lean:123:8: Overlapping instance parameters in `chartMetricInner_sum_right`:

⚠️ `[NormedSpace ℝ E]` and `[InnerProductSpace ℝ E]` can be used to infer conflicting versions of `[SMul ℝ E]`.
💡️ Of these, `[NormedSpace ℝ E]` may be removed.
⚠️ `[Module.Finite ℝ E]` and `[FiniteDimensional ℝ E]` each imply `[Module.Finite ℝ E]`.
💡️ Of these, `[Module.Finite ℝ E]` and `[FiniteDimensional ℝ E]` may be removed.

When a data-carrying type class has multiple potential instances coming from different instance parameters, then these potential instances are incompatible. This is an example of an "instance diamond", which leads to unexpected unification failures.

Delete or combine some of your instance parameters to avoid this.

Note: This linter can be disabled with `set_option linter.overlappingInstances false`
warning: MorganTianLib/Ch01/FrameReduction.lean:136:8: Overlapping instance parameters in `chartMetricInner_pos`:

⚠️ `[NormedSpace ℝ E]` and `[InnerProductSpace ℝ E]` can be used to infer conflicting versions of `[SMul ℝ E]`.
💡️ Of these, `[NormedSpace ℝ E]` may be removed.
⚠️ `[Module.Finite ℝ E]` and `[FiniteDimensional ℝ E]` each imply `[Module.Finite ℝ E]`.
💡️ Of these, `[Module.Finite ℝ E]` and `[FiniteDimensional ℝ E]` may be removed.

When a data-carrying type class has multiple potential instances coming from different instance parameters, then these potential instances are incompatible. This is an example of an "instance diamond", which leads to unexpected unification failures.

Delete or combine some of your instance parameters to avoid this.

Note: This linter can be disabled with `set_option linter.overlappingInstances false`
warning: MorganTianLib/Ch01/FrameReduction.lean:168:8: Overlapping instance parameters in `eq_zero_of_chartMetricInner_self_eq_zero`:

⚠️ `[NormedSpace ℝ E]` and `[InnerProductSpace ℝ E]` can be used to infer conflicting versions of `[SMul ℝ E]`.
💡️ Of these, `[NormedSpace ℝ E]` may be removed.
⚠️ `[Module.Finite ℝ E]` and `[FiniteDimensional ℝ E]` each imply `[Module.Finite ℝ E]`.
💡️ Of these, `[Module.Finite ℝ E]` and `[FiniteDimensional ℝ E]` may be removed.

When a data-carrying type class has multiple potential instances coming from different instance parameters, then these potential instances are incompatible. This is an example of an "instance diamond", which leads to unexpected unification failures.

Delete or combine some of your instance parameters to avoid this.

Note: This linter can be disabled with `set_option linter.overlappingInstances false`
warning: MorganTianLib/Ch01/FrameReduction.lean:184:8: Overlapping instance parameters in `exists_chartMetricInner_orthonormal`:

⚠️ `[NormedSpace ℝ E]` and `[InnerProductSpace ℝ E]` can be used to infer conflicting versions of `[SMul ℝ E]`.
💡️ Of these, `[NormedSpace ℝ E]` may be removed.
⚠️ `[Module.Finite ℝ E]` and `[FiniteDimensional ℝ E]` each imply `[Module.Finite ℝ E]`.
💡️ Of these, `[Module.Finite ℝ E]` and `[FiniteDimensional ℝ E]` may be removed.

When a data-carrying type class has multiple potential instances coming from different instance parameters, then these potential instances are incompatible. This is an example of an "instance diamond", which leads to unexpected unification failures.

Delete or combine some of your instance parameters to avoid this.

Note: This linter can be disabled with `set_option linter.overlappingInstances false`
warning: MorganTianLib/Ch01/FrameReduction.lean:224:8: Overlapping instance parameters in `chartMetricInner_parseval`:

⚠️ `[NormedSpace ℝ E]` and `[InnerProductSpace ℝ E]` can be used to infer conflicting versions of `[SMul ℝ E]`.
💡️ Of these, `[NormedSpace ℝ E]` may be removed.
⚠️ `[Module.Finite ℝ E]` and `[FiniteDimensional ℝ E]` each imply `[Module.Finite ℝ E]`.
💡️ Of these, `[Module.Finite ℝ E]` and `[FiniteDimensional ℝ E]` may be removed.

When a data-carrying type class has multiple potential instances coming from different instance parameters, then these potential instances are incompatible. This is an example of an "instance diamond", which leads to unexpected unification failures.

Delete or combine some of your instance parameters to avoid this.

Note: This linter can be disabled with `set_option linter.overlappingInstances false`
warning: MorganTianLib/Ch01/FrameReduction.lean:282:9: `continuousOn_finset_sum` has been deprecated: Use `continuousOn_finsetSum` instead
warning: MorganTianLib/Ch01/FrameReduction.lean:282:46: `continuousOn_finset_sum` has been deprecated: Use `continuousOn_finsetSum` instead
warning: MorganTianLib/Ch01/FrameReduction.lean:275:8: Overlapping instance parameters in `continuousOn_chartMetricInner_comp`:

⚠️ `[NormedSpace ℝ E]` and `[InnerProductSpace ℝ E]` can be used to infer conflicting versions of `[SMul ℝ E]`.
💡️ Of these, `[NormedSpace ℝ E]` may be removed.
⚠️ `[Module.Finite ℝ E]` and `[FiniteDimensional ℝ E]` each imply `[Module.Finite ℝ E]`.
💡️ Of these, `[Module.Finite ℝ E]` and `[FiniteDimensional ℝ E]` may be removed.

When a data-carrying type class has multiple potential instances coming from different instance parameters, then these potential instances are incompatible. This is an example of an "instance diamond", which leads to unexpected unification failures.

Delete or combine some of your instance parameters to avoid this.

Note: This linter can be disabled with `set_option linter.overlappingInstances false`
warning: MorganTianLib/Ch01/FrameReduction.lean:309:8: Overlapping instance parameters in `jacobi_frame_sturm_comparison`:

⚠️ `[NormedSpace ℝ E]` and `[InnerProductSpace ℝ E]` can be used to infer conflicting versions of `[SMul ℝ E]`.
💡️ Of these, `[NormedSpace ℝ E]` may be removed.
⚠️ `[Module.Finite ℝ E]` and `[FiniteDimensional ℝ E]` each imply `[Module.Finite ℝ E]`.
💡️ Of these, `[Module.Finite ℝ E]` and `[FiniteDimensional ℝ E]` may be removed.

When a data-carrying type class has multiple potential instances coming from different instance parameters, then these potential instances are incompatible. This is an example of an "instance diamond", which leads to unexpected unification failures.

Delete or combine some of your instance parameters to avoid this.

Note: This linter can be disabled with `set_option linter.overlappingInstances false`
warning: MorganTianLib/Ch01/FrameReduction.lean:594:8: Overlapping instance parameters in `jacobi_ne_zero_of_curvature_le`:

⚠️ `[NormedSpace ℝ E]` and `[InnerProductSpace ℝ E]` can be used to infer conflicting versions of `[SMul ℝ E]`.
💡️ Of these, `[NormedSpace ℝ E]` may be removed.
⚠️ `[Module.Finite ℝ E]` and `[FiniteDimensional ℝ E]` each imply `[Module.Finite ℝ E]`.
💡️ Of these, `[Module.Finite ℝ E]` and `[FiniteDimensional ℝ E]` may be removed.

When a data-carrying type class has multiple potential instances coming from different instance parameters, then these potential instances are incompatible. This is an example of an "instance diamond", which leads to unexpected unification failures.

Delete or combine some of your instance parameters to avoid this.

Note: This linter can be disabled with `set_option linter.overlappingInstances false`
⚠ [3177/3211] Replayed MorganTianLib.Ch01.CurvatureSectionalBound
warning: MorganTianLib/Ch01/CurvatureSectionalBound.lean:57:8: Overlapping instance parameters in `curvatureFormAt_chartFrame`:

⚠️ `[NormedSpace ℝ E]` and `[InnerProductSpace ℝ E]` can be used to infer conflicting versions of `[SMul ℝ E]`.
💡️ Of these, `[NormedSpace ℝ E]` may be removed.

When a data-carrying type class has multiple potential instances coming from different instance parameters, then these potential instances are incompatible. This is an example of an "instance diamond", which leads to unexpected unification failures.

Delete or combine some of your instance parameters to avoid this.

Note: This linter can be disabled with `set_option linter.overlappingInstances false`
warning: MorganTianLib/Ch01/CurvatureSectionalBound.lean:284:6: `push_neg` has been deprecated. Prefer using `push Not` instead.
If you'd rather continue using `push_neg` in your project, you can implement it as follows:
```
open Lean.Parser.Tactic in
macro "push_neg" cfg:optConfig loc:(location)? : tactic =>
  `(tactic| push $cfg:optConfig Not $[$loc]?)
```
warning: MorganTianLib/Ch01/CurvatureSectionalBound.lean:285:38: This simp argument is unused:
  Matrix.head_cons

Hint: Omit it from the simp argument list.
  simp only [Matrix.cons_val_one, M̵a̵t̵r̵i̵x̵.̵h̵e̵a̵d̵_̵c̵o̵n̵s̵,̵ ̵Matrix.cons_val_zero] at hli

Note: This linter can be disabled with `set_option linter.unusedSimpArgs false`
warning: MorganTianLib/Ch01/CurvatureSectionalBound.lean:311:8: Overlapping instance parameters in `chartCurvature_pairing_le_of_sectionalCurvatureAt_le`:

⚠️ `[NormedSpace ℝ E]` and `[InnerProductSpace ℝ E]` can be used to infer conflicting versions of `[SMul ℝ E]`.
💡️ Of these, `[NormedSpace ℝ E]` may be removed.

When a data-carrying type class has multiple potential instances coming from different instance parameters, then these potential instances are incompatible. This is an example of an "instance diamond", which leads to unexpected unification failures.

Delete or combine some of your instance parameters to avoid this.

Note: This linter can be disabled with `set_option linter.overlappingInstances false`
warning: MorganTianLib/Ch01/CurvatureSectionalBound.lean:385:8: Overlapping instance parameters in `chartCurvature_pairing_le_of_sectionalCurvatureAt_le'`:

⚠️ `[NormedSpace ℝ E]` and `[InnerProductSpace ℝ E]` can be used to infer conflicting versions of `[SMul ℝ E]`.
💡️ Of these, `[NormedSpace ℝ E]` may be removed.

When a data-carrying type class has multiple potential instances coming from different instance parameters, then these potential instances are incompatible. This is an example of an "instance diamond", which leads to unexpected unification failures.

Delete or combine some of your instance parameters to avoid this.

Note: This linter can be disabled with `set_option linter.overlappingInstances false`
ℹ [3179/3211] Replayed CurveControl.Analysis.IntegralEstimates
info: CurveControl/Analysis/IntegralEstimates.lean:174:0: 'CurveControl.Analysis.MovingWeightData.hasDerivAt' depends on axioms: [propext, Classical.choice, Quot.sound]
info: CurveControl/Analysis/IntegralEstimates.lean:175:0: 'CurveControl.Analysis.sqrt_cube_sub_regularized_mul_nonpos' depends on axioms: [propext, Classical.choice, Quot.sound]
info: CurveControl/Analysis/IntegralEstimates.lean:176:0: 'CurveControl.Analysis.regularized_density_pointwise_le' depends on axioms: [propext, Classical.choice, Quot.sound]
info: CurveControl/Analysis/IntegralEstimates.lean:177:0: 'CurveControl.Analysis.integral_density_le' depends on axioms: [propext, Classical.choice, Quot.sound]
info: CurveControl/Analysis/IntegralEstimates.lean:178:0: 'CurveControl.Analysis.integral_regularized_density_le' depends on axioms: [propext, Classical.choice, Quot.sound]
info: CurveControl/Analysis/IntegralEstimates.lean:179:0: 'CurveControl.Analysis.hasDerivAt_length' depends on axioms: [propext, Classical.choice, Quot.sound]
info: CurveControl/Analysis/IntegralEstimates.lean:180:0: 'CurveControl.Analysis.deriv_length_le' depends on axioms: [propext, Classical.choice, Quot.sound]
info: CurveControl/Analysis/IntegralEstimates.lean:181:0: 'CurveControl.Analysis.deriv_regularizedTotal_le' depends on axioms: [propext, Classical.choice, Quot.sound]
ℹ [3180/3211] Replayed CurveControl.Analysis.SmoothIntegral
info: CurveControl/Analysis/SmoothIntegral.lean:128:0: 'CurveControl.Analysis.continuousOn_space_slice' depends on axioms: [propext, Classical.choice, Quot.sound]
info: CurveControl/Analysis/SmoothIntegral.lean:129:0: 'CurveControl.Analysis.continuousOn_weightedIntegral_of_rectangle' depends on axioms: [propext,
 Classical.choice,
 Quot.sound]
info: CurveControl/Analysis/SmoothIntegral.lean:130:0: 'CurveControl.Analysis.movingWeightData_of_rectangle' depends on axioms: [propext, Classical.choice, Quot.sound]
info: CurveControl/Analysis/SmoothIntegral.lean:131:0: 'CurveControl.Analysis.hasDerivAt_time_slice_of_contDiffOn' depends on axioms: [propext, Classical.choice, Quot.sound]
info: CurveControl/Analysis/SmoothIntegral.lean:132:0: 'CurveControl.Analysis.continuousOn_time_deriv_of_contDiffOn' depends on axioms: [propext, Classical.choice, Quot.sound]
info: CurveControl/Analysis/SmoothIntegral.lean:133:0: 'CurveControl.Analysis.movingWeightData_of_contDiffOn' depends on axioms: [propext, Classical.choice, Quot.sound]
info: CurveControl/Analysis/SmoothIntegral.lean:134:0: 'CurveControl.Analysis.hasDerivAt_weightedIntegral_of_contDiffOn' depends on axioms: [propext,
 Classical.choice,
 Quot.sound]
ℹ [3184/3211] Replayed CurveControl.Analysis.CurveEstimateAssembly
info: CurveControl/Analysis/CurveEstimateAssembly.lean:228:0: 'CurveControl.Analysis.ScalarCurveHypotheses' depends on axioms: [propext, Classical.choice, Quot.sound]
info: CurveControl/Analysis/CurveEstimateAssembly.lean:229:0: 'CurveControl.Analysis.contDiff_space_slice' depends on axioms: [propext, Classical.choice, Quot.sound]
info: CurveControl/Analysis/CurveEstimateAssembly.lean:230:0: 'CurveControl.Analysis.continuous_space_slice_of_strip' depends on axioms: [propext, Classical.choice, Quot.sound]
info: CurveControl/Analysis/CurveEstimateAssembly.lean:231:0: 'CurveControl.Analysis.periodic_deriv_one' depends on axioms: [propext, Classical.choice, Quot.sound]
info: CurveControl/Analysis/CurveEstimateAssembly.lean:232:0: 'CurveControl.Analysis.contDiff_arcDeriv' depends on axioms: [propext, Classical.choice, Quot.sound]
info: CurveControl/Analysis/CurveEstimateAssembly.lean:233:0: 'CurveControl.Analysis.ScalarCurveHypotheses.regularized_smooth' depends on axioms: [propext,
 Classical.choice,
 Quot.sound]
info: CurveControl/Analysis/CurveEstimateAssembly.lean:234:0: 'CurveControl.Analysis.ScalarCurveHypotheses.length_hasDerivAt' depends on axioms: [propext,
 Classical.choice,
 Quot.sound]
info: CurveControl/Analysis/CurveEstimateAssembly.lean:235:0: 'CurveControl.Analysis.ScalarCurveHypotheses.length_deriv_le' depends on axioms: [propext, Classical.choice, Quot.sound]
info: CurveControl/Analysis/CurveEstimateAssembly.lean:236:0: 'CurveControl.Analysis.ScalarCurveHypotheses.regularized_deriv_le' depends on axioms: [propext,
 Classical.choice,
 Quot.sound]
info: CurveControl/Analysis/CurveEstimateAssembly.lean:237:0: 'CurveControl.Analysis.ScalarCurveHypotheses.regularized_comparison' depends on axioms: [propext,
 Classical.choice,
 Quot.sound]
info: CurveControl/Analysis/CurveEstimateAssembly.lean:238:0: 'CurveControl.Analysis.ScalarCurveHypotheses.curve_estimate' depends on axioms: [propext, Classical.choice, Quot.sound]
ℹ [3185/3211] Replayed CurveControl.Geometry.CurveEstimates
info: CurveControl/Geometry/CurveEstimates.lean:189:0: 'CurveControl.Geometry.curve_ambient_error_le_max' depends on axioms: [propext, Classical.choice, Quot.sound]
info: CurveControl/Geometry/CurveEstimates.lean:190:0: 'CurveControl.Geometry.IsCurveShorteningFlowOn.curvatureSq_kato_closed' depends on axioms: [propext,
 Classical.choice,
 Quot.sound]
info: CurveControl/Geometry/CurveEstimates.lean:191:0: 'CurveControl.Geometry.IsCurveShorteningFlowOn.scalarCurveHypotheses_of_squaredPDE' depends on axioms: [propext,
 Classical.choice,
 Quot.sound]
info: CurveControl/Geometry/CurveEstimates.lean:192:0: 'CurveControl.Geometry.IsCurveShorteningFlowOn.curvatureSq_time_le' depends on axioms: [propext,
 Classical.choice,
 Quot.sound]
info: CurveControl/Geometry/CurveEstimates.lean:193:0: 'CurveControl.Geometry.IsCurveShorteningFlowOn.curve_estimate' depends on axioms: [propext,
 Classical.choice,
 Quot.sound]
info: CurveControl/Geometry/CurveEstimates.lean:194:0: 'CurveControl.Geometry.curve_family_estimate' depends on axioms: [propext, Classical.choice, Quot.sound]
info: CurveControl/Geometry/CurveEstimates.lean:195:0: 'CurveControl.Geometry.curve_family_uniform_estimate' depends on axioms: [propext, Classical.choice, Quot.sound]
ℹ [3187/3211] Replayed CurveControl.Geometry.ProductConnection
info: CurveControl/Geometry/ProductConnection.lean:244:0: 'CurveControl.Geometry.tangentCoordChange_product' depends on axioms: [propext, Classical.choice, Quot.sound]
info: CurveControl/Geometry/ProductConnection.lean:245:0: 'CurveControl.Geometry.connectionCoefficient_unique' depends on axioms: [propext, Classical.choice, Quot.sound]
info: CurveControl/Geometry/ProductConnection.lean:246:0: 'CurveControl.Geometry.trivializationAt_symm_product' depends on axioms: [propext, Classical.choice, Quot.sound]
info: CurveControl/Geometry/ProductConnection.lean:247:0: 'CurveControl.Geometry.chartMetricInner_line_hasDerivAt' depends on axioms: [propext, Classical.choice, Quot.sound]
info: CurveControl/Geometry/ProductConnection.lean:248:0: 'CurveControl.Geometry.chartMetricInner_product' depends on axioms: [propext, Classical.choice, Quot.sound]
info: CurveControl/Geometry/ProductConnection.lean:249:0: 'CurveControl.Geometry.chartMetricInner_product_target' depends on axioms: [propext, Classical.choice, Quot.sound]
info: CurveControl/Geometry/ProductConnection.lean:250:0: 'CurveControl.Geometry.chartMetricInner_separates' depends on axioms: [propext, Classical.choice, Quot.sound]
info: CurveControl/Geometry/ProductConnection.lean:251:0: 'CurveControl.Geometry.product_connection_metric_balance' depends on axioms: [propext, Classical.choice, Quot.sound]
info: CurveControl/Geometry/ProductConnection.lean:252:0: 'CurveControl.Geometry.chartChristoffelContraction_product' depends on axioms: [propext, Classical.choice, Quot.sound]
⚠ [3188/3211] Replayed DoCarmoLib.Riemannian.Jacobi.CovariantCurvatureAlong
warning: DoCarmoLib/Riemannian/Jacobi/CovariantCurvatureAlong.lean:146:13: `ContinuousLinearMap.add_apply` has been deprecated: Use `add_apply` instead

Note: The updated constant is in a different namespace. Dot notation may need to be changed (e.g., from `x.add_apply` to `add_apply x`).
warning: DoCarmoLib/Riemannian/Jacobi/CovariantCurvatureAlong.lean:146:44: `ContinuousLinearMap.coe_comp'` has been deprecated: Use `ContinuousLinearMap.coe_comp` instead
⚠ [3189/3211] Replayed DoCarmoLib.Riemannian.Jacobi.ChartCurvatureVector
warning: DoCarmoLib/Riemannian/Jacobi/ChartCurvatureVector.lean:63:4: Overlapping instance parameters in `chartChristoffelBilin`:

⚠️ `[NormedSpace ℝ E]` and `[InnerProductSpace ℝ E]` can be used to infer conflicting versions of `[SMul ℝ E]`.
💡️ Of these, `[NormedSpace ℝ E]` may be removed.
⚠️ `[Module.Finite ℝ E]` and `[FiniteDimensional ℝ E]` each imply `[Module.Finite ℝ E]`.
💡️ Of these, `[Module.Finite ℝ E]` and `[FiniteDimensional ℝ E]` may be removed.

When a data-carrying type class has multiple potential instances coming from different instance parameters, then these potential instances are incompatible. This is an example of an "instance diamond", which leads to unexpected unification failures.

Delete or combine some of your instance parameters to avoid this.

Note: This linter can be disabled with `set_option linter.overlappingInstances false`
warning: DoCarmoLib/Riemannian/Jacobi/ChartCurvatureVector.lean:77:4: `ContinuousLinearMap.sum_apply` has been deprecated: Use `sum_apply` instead

Note: The updated constant is in a different namespace. Dot notation may need to be changed (e.g., from `x.sum_apply` to `sum_apply x`).
warning: DoCarmoLib/Riemannian/Jacobi/ChartCurvatureVector.lean:78:4: `ContinuousLinearMap.smul_apply` has been deprecated: Use `smul_apply` instead

Note: The updated constant is in a different namespace. Dot notation may need to be changed (e.g., from `x.smul_apply` to `smul_apply x`).
warning: DoCarmoLib/Riemannian/Jacobi/ChartCurvatureVector.lean:72:8: Overlapping instance parameters in `chartChristoffelBilin_apply`:

⚠️ `[NormedSpace ℝ E]` and `[InnerProductSpace ℝ E]` can be used to infer conflicting versions of `[SMul ℝ E]`.
💡️ Of these, `[NormedSpace ℝ E]` may be removed.
⚠️ `[Module.Finite ℝ E]` and `[FiniteDimensional ℝ E]` each imply `[Module.Finite ℝ E]`.
💡️ Of these, `[Module.Finite ℝ E]` and `[FiniteDimensional ℝ E]` may be removed.

When a data-carrying type class has multiple potential instances coming from different instance parameters, then these potential instances are incompatible. This is an example of an "instance diamond", which leads to unexpected unification failures.

Delete or combine some of your instance parameters to avoid this.

Note: This linter can be disabled with `set_option linter.overlappingInstances false`
warning: DoCarmoLib/Riemannian/Jacobi/ChartCurvatureVector.lean:90:8: Overlapping instance parameters in `chartChristoffelBilin_symm`:

⚠️ `[NormedSpace ℝ E]` and `[InnerProductSpace ℝ E]` can be used to infer conflicting versions of `[SMul ℝ E]`.
💡️ Of these, `[NormedSpace ℝ E]` may be removed.
⚠️ `[Module.Finite ℝ E]` and `[FiniteDimensional ℝ E]` each imply `[Module.Finite ℝ E]`.
💡️ Of these, `[Module.Finite ℝ E]` and `[FiniteDimensional ℝ E]` may be removed.

When a data-carrying type class has multiple potential instances coming from different instance parameters, then these potential instances are incompatible. This is an example of an "instance diamond", which leads to unexpected unification failures.

Delete or combine some of your instance parameters to avoid this.

Note: This linter can be disabled with `set_option linter.overlappingInstances false`
warning: DoCarmoLib/Riemannian/Jacobi/ChartCurvatureVector.lean:101:8: Overlapping instance parameters in `contDiffOn_chartChristoffelBilin`:

⚠️ `[NormedSpace ℝ E]` and `[InnerProductSpace ℝ E]` can be used to infer conflicting versions of `[SMul ℝ E]`.
💡️ Of these, `[NormedSpace ℝ E]` may be removed.
⚠️ `[Module.Finite ℝ E]` and `[FiniteDimensional ℝ E]` each imply `[Module.Finite ℝ E]`.
💡️ Of these, `[Module.Finite ℝ E]` and `[FiniteDimensional ℝ E]` may be removed.

When a data-carrying type class has multiple potential instances coming from different instance parameters, then these potential instances are incompatible. This is an example of an "instance diamond", which leads to unexpected unification failures.

Delete or combine some of your instance parameters to avoid this.

Note: This linter can be disabled with `set_option linter.overlappingInstances false`
warning: DoCarmoLib/Riemannian/Jacobi/ChartCurvatureVector.lean:116:8: Overlapping instance parameters in `differentiableAt_chartChristoffelBilin`:

⚠️ `[NormedSpace ℝ E]` and `[InnerProductSpace ℝ E]` can be used to infer conflicting versions of `[SMul ℝ E]`.
💡️ Of these, `[NormedSpace ℝ E]` may be removed.
⚠️ `[Module.Finite ℝ E]` and `[FiniteDimensional ℝ E]` each imply `[Module.Finite ℝ E]`.
💡️ Of these, `[Module.Finite ℝ E]` and `[FiniteDimensional ℝ E]` may be removed.

When a data-carrying type class has multiple potential instances coming from different instance parameters, then these potential instances are incompatible. This is an example of an "instance diamond", which leads to unexpected unification failures.

Delete or combine some of your instance parameters to avoid this.

Note: This linter can be disabled with `set_option linter.overlappingInstances false`
warning: DoCarmoLib/Riemannian/Jacobi/ChartCurvatureVector.lean:132:4: Overlapping instance parameters in `chartCurvature`:

⚠️ `[NormedSpace ℝ E]` and `[InnerProductSpace ℝ E]` can be used to infer conflicting versions of `[SMul ℝ E]`.
💡️ Of these, `[NormedSpace ℝ E]` may be removed.
⚠️ `[Module.Finite ℝ E]` and `[FiniteDimensional ℝ E]` each imply `[Module.Finite ℝ E]`.
💡️ Of these, `[Module.Finite ℝ E]` and `[FiniteDimensional ℝ E]` may be removed.

When a data-carrying type class has multiple potential instances coming from different instance parameters, then these potential instances are incompatible. This is an example of an "instance diamond", which leads to unexpected unification failures.

Delete or combine some of your instance parameters to avoid this.

Note: This linter can be disabled with `set_option linter.overlappingInstances false`
warning: DoCarmoLib/Riemannian/Jacobi/ChartCurvatureVector.lean:135:8: Overlapping instance parameters in `chartCurvature_def`:

⚠️ `[NormedSpace ℝ E]` and `[InnerProductSpace ℝ E]` can be used to infer conflicting versions of `[SMul ℝ E]`.
💡️ Of these, `[NormedSpace ℝ E]` may be removed.
⚠️ `[Module.Finite ℝ E]` and `[FiniteDimensional ℝ E]` each imply `[Module.Finite ℝ E]`.
💡️ Of these, `[Module.Finite ℝ E]` and `[FiniteDimensional ℝ E]` may be removed.

When a data-carrying type class has multiple potential instances coming from different instance parameters, then these potential instances are incompatible. This is an example of an "instance diamond", which leads to unexpected unification failures.

Delete or combine some of your instance parameters to avoid this.

Note: This linter can be disabled with `set_option linter.overlappingInstances false`
warning: DoCarmoLib/Riemannian/Jacobi/ChartCurvatureVector.lean:144:8: Overlapping instance parameters in `covDerivAlong_chartChristoffelBilin_eq`:

⚠️ `[NormedSpace ℝ E]` and `[InnerProductSpace ℝ E]` can be used to infer conflicting versions of `[SMul ℝ E]`.
💡️ Of these, `[NormedSpace ℝ E]` may be removed.
⚠️ `[Module.Finite ℝ E]` and `[FiniteDimensional ℝ E]` each imply `[Module.Finite ℝ E]`.
💡️ Of these, `[Module.Finite ℝ E]` and `[FiniteDimensional ℝ E]` may be removed.

When a data-carrying type class has multiple potential instances coming from different instance parameters, then these potential instances are incompatible. This is an example of an "instance diamond", which leads to unexpected unification failures.

Delete or combine some of your instance parameters to avoid this.

Note: This linter can be disabled with `set_option linter.overlappingInstances false`
warning: DoCarmoLib/Riemannian/Jacobi/ChartCurvatureVector.lean:160:8: Overlapping instance parameters in `chart_geodesic_family_jacobi`:

⚠️ `[NormedSpace ℝ E]` and `[InnerProductSpace ℝ E]` can be used to infer conflicting versions of `[SMul ℝ E]`.
💡️ Of these, `[NormedSpace ℝ E]` may be removed.
⚠️ `[Module.Finite ℝ E]` and `[FiniteDimensional ℝ E]` each imply `[Module.Finite ℝ E]`.
💡️ Of these, `[Module.Finite ℝ E]` and `[FiniteDimensional ℝ E]` may be removed.

When a data-carrying type class has multiple potential instances coming from different instance parameters, then these potential instances are incompatible. This is an example of an "instance diamond", which leads to unexpected unification failures.

Delete or combine some of your instance parameters to avoid this.

Note: This linter can be disabled with `set_option linter.overlappingInstances false`
ℹ [3190/3211] Replayed CurveControl.Geometry.ProductChartCurvature
info: CurveControl/Geometry/ProductChartCurvature.lean:131:0: 'CurveControl.Geometry.chartChristoffelBilin_apply_normed' depends on axioms: [propext, Classical.choice, Quot.sound]
info: CurveControl/Geometry/ProductChartCurvature.lean:132:0: 'CurveControl.Geometry.contDiffOn_chartChristoffelBilin_normed' depends on axioms: [propext,
 Classical.choice,
 Quot.sound]
info: CurveControl/Geometry/ProductChartCurvature.lean:133:0: 'CurveControl.Geometry.differentiableAt_chartChristoffelBilin_normed' depends on axioms: [propext,
 Classical.choice,
 Quot.sound]
info: CurveControl/Geometry/ProductChartCurvature.lean:134:0: 'CurveControl.Geometry.chartChristoffelBilin_product' depends on axioms: [propext, Classical.choice, Quot.sound]
info: CurveControl/Geometry/ProductChartCurvature.lean:135:0: 'CurveControl.Geometry.chartChristoffelBilin_line_hasDerivAt' depends on axioms: [propext, Classical.choice, Quot.sound]
info: CurveControl/Geometry/ProductChartCurvature.lean:136:0: 'CurveControl.Geometry.fderiv_chartChristoffelBilin_product' depends on axioms: [propext, Classical.choice, Quot.sound]
info: CurveControl/Geometry/ProductChartCurvature.lean:137:0: 'CurveControl.Geometry.chartCurvature_product' depends on axioms: [propext, Classical.choice, Quot.sound]
⚠ [3193/3211] Replayed CurveControl.Geometry.OneDimensionalCurvature
warning: CurveControl/Geometry/OneDimensionalCurvature.lean:92:0: automatically included section variable(s) unused in theorem `CurveControl.Geometry.covRicciAt_eq_zero_of_finrank_one`:
  [NeZero (Module.finrank ℝ E)]
consider restructuring your `variable` declarations so that the variables are not in scope or explicitly omit them:
  omit [NeZero (Module.finrank ℝ E)] in theorem ...

Note: This linter can be disabled with `set_option linter.unusedSectionVars false`
⚠ [3194/3211] Replayed DoCarmoLib.Riemannian.Jacobi.ChartCurvatureNaturality
warning: DoCarmoLib/Riemannian/Jacobi/ChartCurvatureNaturality.lean:61:8: Overlapping instance parameters in `chartMetricInner_neg_left`:

⚠️ `[NormedSpace ℝ E]` and `[InnerProductSpace ℝ E]` can be used to infer conflicting versions of `[SMul ℝ E]`.
💡️ Of these, `[NormedSpace ℝ E]` may be removed.
⚠️ `[Module.Finite ℝ E]` and `[FiniteDimensional ℝ E]` each imply `[Module.Finite ℝ E]`.
💡️ Of these, `[Module.Finite ℝ E]` and `[FiniteDimensional ℝ E]` may be removed.

When a data-carrying type class has multiple potential instances coming from different instance parameters, then these potential instances are incompatible. This is an example of an "instance diamond", which leads to unexpected unification failures.

Delete or combine some of your instance parameters to avoid this.

Note: This linter can be disabled with `set_option linter.overlappingInstances false`
warning: DoCarmoLib/Riemannian/Jacobi/ChartCurvatureNaturality.lean:71:8: Overlapping instance parameters in `chartMetricInner_pos`:

⚠️ `[NormedSpace ℝ E]` and `[InnerProductSpace ℝ E]` can be used to infer conflicting versions of `[SMul ℝ E]`.
💡️ Of these, `[NormedSpace ℝ E]` may be removed.
⚠️ `[Module.Finite ℝ E]` and `[FiniteDimensional ℝ E]` each imply `[Module.Finite ℝ E]`.
💡️ Of these, `[Module.Finite ℝ E]` and `[FiniteDimensional ℝ E]` may be removed.

When a data-carrying type class has multiple potential instances coming from different instance parameters, then these potential instances are incompatible. This is an example of an "instance diamond", which leads to unexpected unification failures.

Delete or combine some of your instance parameters to avoid this.

Note: This linter can be disabled with `set_option linter.overlappingInstances false`
warning: DoCarmoLib/Riemannian/Jacobi/ChartCurvatureNaturality.lean:110:19: This simp argument is unused:
  g.metricInner_zero_left

Hint: Omit it from the simp argument list.
  simp ̵[̵g̵.̵m̵e̵t̵r̵i̵c̵I̵n̵n̵e̵r̵_̵z̵e̵r̵o̵_̵l̵e̵f̵t̵]̵

Note: This linter can be disabled with `set_option linter.unusedSimpArgs false`
warning: DoCarmoLib/Riemannian/Jacobi/ChartCurvatureNaturality.lean:104:8: Overlapping instance parameters in `metricInner_finsetSum_smul_left`:

⚠️ `[NormedSpace ℝ E]` and `[InnerProductSpace ℝ E]` can be used to infer conflicting versions of `[SMul ℝ E]`.
💡️ Of these, `[NormedSpace ℝ E]` may be removed.
⚠️ `[Module.Finite ℝ E]` and `[FiniteDimensional ℝ E]` each imply `[Module.Finite ℝ E]`.
💡️ Of these, `[Module.Finite ℝ E]` and `[FiniteDimensional ℝ E]` may be removed.

When a data-carrying type class has multiple potential instances coming from different instance parameters, then these potential instances are incompatible. This is an example of an "instance diamond", which leads to unexpected unification failures.

Delete or combine some of your instance parameters to avoid this.

Note: This linter can be disabled with `set_option linter.overlappingInstances false`
warning: DoCarmoLib/Riemannian/Jacobi/ChartCurvatureNaturality.lean:122:19: This simp argument is unused:
  g.metricInner_zero_right

Hint: Omit it from the simp argument list.
  simp ̵[̵g̵.̵m̵e̵t̵r̵i̵c̵I̵n̵n̵e̵r̵_̵z̵e̵r̵o̵_̵r̵i̵g̵h̵t̵]̵

Note: This linter can be disabled with `set_option linter.unusedSimpArgs false`
warning: DoCarmoLib/Riemannian/Jacobi/ChartCurvatureNaturality.lean:116:8: Overlapping instance parameters in `metricInner_finsetSum_smul_right`:

⚠️ `[NormedSpace ℝ E]` and `[InnerProductSpace ℝ E]` can be used to infer conflicting versions of `[SMul ℝ E]`.
💡️ Of these, `[NormedSpace ℝ E]` may be removed.
⚠️ `[Module.Finite ℝ E]` and `[FiniteDimensional ℝ E]` each imply `[Module.Finite ℝ E]`.
💡️ Of these, `[Module.Finite ℝ E]` and `[FiniteDimensional ℝ E]` may be removed.

When a data-carrying type class has multiple potential instances coming from different instance parameters, then these potential instances are incompatible. This is an example of an "instance diamond", which leads to unexpected unification failures.

Delete or combine some of your instance parameters to avoid this.

Note: This linter can be disabled with `set_option linter.overlappingInstances false`
warning: DoCarmoLib/Riemannian/Jacobi/ChartCurvatureNaturality.lean:140:45: This simp argument is unused:
  ite_mul

Hint: Omit it from the simp argument list.
  simp only [hδ, mul_ite, mul_one, mul_zero, i̵t̵e̵_̵m̵u̵l̵,̵ ̵zero_mul,
  ̵  ̵ ̵ ̵Finset.sum_ite_irrel, Finset.sum_const_zero,
  ̲  ̲ ̲ ̲Finset.sum_ite_eq,
  ̵  ̵ ̵ ̵Finset.mem_univ, if_true]

Note: This linter can be disabled with `set_option linter.unusedSimpArgs false`
warning: DoCarmoLib/Riemannian/Jacobi/ChartCurvatureNaturality.lean:140:54: This simp argument is unused:
  zero_mul

Hint: Omit it from the simp argument list.
  simp only [hδ, mul_ite, mul_one, mul_zero, ite_mul, z̵e̵r̵o̵_̵m̵u̵l̵,̵
  ̵ ̵ ̵ ̵ ̵Finset.sum_ite_irrel, Finset.sum_const_zero,
  ̲  ̲ ̲ ̲Finset.sum_ite_eq,
  ̵  ̵ ̵ ̵Finset.mem_univ, if_true]

Note: This linter can be disabled with `set_option linter.unusedSimpArgs false`
warning: DoCarmoLib/Riemannian/Jacobi/ChartCurvatureNaturality.lean:141:4: This simp argument is unused:
  Finset.sum_ite_irrel

Hint: Omit it from the simp argument list.
  simp only [hδ, mul_ite, mul_one, mul_zero, ite_mul, zero_mul, F̵i̵n̵s̵e̵t̵.̵s̵u̵m̵_̵i̵t̵e̵_̵i̵r̵r̵e̵l̵,̵ ̵Finset.sum_const_zero,
  ̲  ̲ ̲ ̲Finset.sum_ite_eq, Finset.mem_univ, if_true]

Note: This linter can be disabled with `set_option linter.unusedSimpArgs false`
warning: DoCarmoLib/Riemannian/Jacobi/ChartCurvatureNaturality.lean:141:26: This simp argument is unused:
  Finset.sum_const_zero

Hint: Omit it from the simp argument list.
  simp only [hδ, mul_ite, mul_one, mul_zero, ite_mul, zero_mul, Finset.sum_ite_irrel,
  ̲  ̲ ̲ ̲F̵i̵n̵s̵e̵t̵.̵s̵u̵m̵_̵c̵o̵n̵s̵t̵_̵z̵e̵r̵o̵,̵ ̵Finset.sum_ite_eq, Finset.mem_univ, if_true]

Note: This linter can be disabled with `set_option linter.unusedSimpArgs false`
warning: DoCarmoLib/Riemannian/Jacobi/ChartCurvatureNaturality.lean:129:8: Overlapping instance parameters in `chartMetricInner_basis`:

⚠️ `[NormedSpace ℝ E]` and `[InnerProductSpace ℝ E]` can be used to infer conflicting versions of `[SMul ℝ E]`.
💡️ Of these, `[NormedSpace ℝ E]` may be removed.
⚠️ `[Module.Finite ℝ E]` and `[FiniteDimensional ℝ E]` each imply `[Module.Finite ℝ E]`.
💡️ Of these, `[Module.Finite ℝ E]` and `[FiniteDimensional ℝ E]` may be removed.

When a data-carrying type class has multiple potential instances coming from different instance parameters, then these potential instances are incompatible. This is an example of an "instance diamond", which leads to unexpected unification failures.

Delete or combine some of your instance parameters to avoid this.

Note: This linter can be disabled with `set_option linter.overlappingInstances false`
warning: DoCarmoLib/Riemannian/Jacobi/ChartCurvatureNaturality.lean:148:8: Overlapping instance parameters in `chartChristoffelBilin_basis`:

⚠️ `[NormedSpace ℝ E]` and `[InnerProductSpace ℝ E]` can be used to infer conflicting versions of `[SMul ℝ E]`.
💡️ Of these, `[NormedSpace ℝ E]` may be removed.
⚠️ `[Module.Finite ℝ E]` and `[FiniteDimensional ℝ E]` each imply `[Module.Finite ℝ E]`.
💡️ Of these, `[Module.Finite ℝ E]` and `[FiniteDimensional ℝ E]` may be removed.

When a data-carrying type class has multiple potential instances coming from different instance parameters, then these potential instances are incompatible. This is an example of an "instance diamond", which leads to unexpected unification failures.

Delete or combine some of your instance parameters to avoid this.

Note: This linter can be disabled with `set_option linter.overlappingInstances false`
warning: DoCarmoLib/Riemannian/Jacobi/ChartCurvatureNaturality.lean:208:13: `ContinuousLinearMap.sum_apply` has been deprecated: Use `sum_apply` instead

Note: The updated constant is in a different namespace. Dot notation may need to be changed (e.g., from `x.sum_apply` to `sum_apply x`).
warning: DoCarmoLib/Riemannian/Jacobi/ChartCurvatureNaturality.lean:208:44: `ContinuousLinearMap.coe_comp'` has been deprecated: Use `ContinuousLinearMap.coe_comp` instead
warning: DoCarmoLib/Riemannian/Jacobi/ChartCurvatureNaturality.lean:212:4: `ContinuousLinearMap.zero_apply` has been deprecated: Use `zero_apply` instead

Note: The updated constant is in a different namespace. Dot notation may need to be changed (e.g., from `x.zero_apply` to `zero_apply x`).
warning: DoCarmoLib/Riemannian/Jacobi/ChartCurvatureNaturality.lean:211:4: This simp argument is unused:
  apply_ite (fun f : E →L[ℝ] E => f (Module.finBasis ℝ E j))

Hint: Omit it from the simp argument list.
  simp only [ContinuousLinearMap.sum_apply, ContinuousLinearMap.coe_comp', Function.comp_apply,
  ̲  ̲ ̲ ̲ContinuousLinearMap.smulRight_apply, ContinuousLinearMap.smulRightL_apply_apply, hδ, ite_smul,
  ̲  ̲ ̲ ̲one_smul, zero_smul, a̵p̵p̵l̵y̵_̵i̵t̵e̵ ̵(̵f̵u̵n̵ ̵f̵ ̵:̵ ̵E̵ ̵→̵L̵[̵ℝ̵]̵ ̵E̵ ̵=̵>̵ ̵f̵ ̵(̵M̵o̵d̵u̵l̵e̵.̵f̵i̵n̵B̵a̵s̵i̵s̵ ̵ℝ̵ ̵E̵ ̵j̵)̵)̵,̵ContinuousLinearMap.zero_apply, Finset.sum_ite_irrel,
  ̲  ̲ ̲ ̲Finset.sum_const_zero, Finset.sum_ite_eq, Finset.mem_univ, if_true]

Note: This linter can be disabled with `set_option linter.unusedSimpArgs false`
warning: DoCarmoLib/Riemannian/Jacobi/ChartCurvatureNaturality.lean:212:4: This simp argument is unused:
  ContinuousLinearMap.zero_apply

Hint: Omit it from the simp argument list.
  simp only [ContinuousLinearMap.sum_apply, ContinuousLinearMap.coe_comp', Function.comp_apply,
  ̲  ̲ ̲ ̲ContinuousLinearMap.smulRight_apply, ContinuousLinearMap.smulRightL_apply_apply, hδ, ite_smul,
  ̲  ̲ ̲ ̲one_smul, zero_smul, apply_ite (fun f : E →L[ℝ] E => f (Module.finBasis ℝ E j)),
      C̵o̵n̵t̵i̵n̵u̵o̵u̵s̵L̵i̵n̵e̵a̵r̵M̵a̵p̵.̵z̵e̵r̵o̵_̵a̵p̵p̵l̵y̵,̵ ̵Finset.sum_ite_irrel, Finset.sum_const_zero, Finset.sum_ite_eq, Finset.mem_univ, if_true]

Note: This linter can be disabled with `set_option linter.unusedSimpArgs false`
warning: DoCarmoLib/Riemannian/Jacobi/ChartCurvatureNaturality.lean:169:8: Overlapping instance parameters in `fderiv_chartChristoffelBilin_basis`:

⚠️ `[NormedSpace ℝ E]` and `[InnerProductSpace ℝ E]` can be used to infer conflicting versions of `[SMul ℝ E]`.
💡️ Of these, `[NormedSpace ℝ E]` may be removed.
⚠️ `[Module.Finite ℝ E]` and `[FiniteDimensional ℝ E]` each imply `[Module.Finite ℝ E]`.
💡️ Of these, `[Module.Finite ℝ E]` and `[FiniteDimensional ℝ E]` may be removed.

When a data-carrying type class has multiple potential instances coming from different instance parameters, then these potential instances are incompatible. This is an example of an "instance diamond", which leads to unexpected unification failures.

Delete or combine some of your instance parameters to avoid this.

Note: This linter can be disabled with `set_option linter.overlappingInstances false`
warning: DoCarmoLib/Riemannian/Jacobi/ChartCurvatureNaturality.lean:244:4: `Finsupp.coe_finset_sum` has been deprecated: Use `Finsupp.coe_finsetSum` instead
warning: DoCarmoLib/Riemannian/Jacobi/ChartCurvatureNaturality.lean:245:24: `Finsupp.finset_sum_apply` has been deprecated: Use `Finsupp.finsetSum_apply` instead
warning: DoCarmoLib/Riemannian/Jacobi/ChartCurvatureNaturality.lean:246:59: This simp argument is unused:
  mul_ite

Hint: Omit it from the simp argument list.
  simp only [Finset.sum_ite_eq', Finset.mem_univ, if_true, mul_i̵t̵e̵,̵ ̵m̵u̵l̵_̵zero,
  ̵  ̵ ̵ ̵mul_one, smul_eq_mul]

Note: This linter can be disabled with `set_option linter.unusedSimpArgs false`
warning: DoCarmoLib/Riemannian/Jacobi/ChartCurvatureNaturality.lean:246:68: This simp argument is unused:
  mul_zero

Hint: Omit it from the simp argument list.
  simp only [Finset.sum_ite_eq', Finset.mem_univ, if_true, mul_ite, mul_z̵e̵r̵o,̵
  ̵ ̵ ̵ ̵ ̵m̵u̵l̵_̵o̵ne, smul_eq_mul]

Note: This linter can be disabled with `set_option linter.unusedSimpArgs false`
warning: DoCarmoLib/Riemannian/Jacobi/ChartCurvatureNaturality.lean:247:4: This simp argument is unused:
  mul_one

Hint: Omit it from the simp argument list.
  simp only [Finset.sum_ite_eq', Finset.mem_univ, if_true, mul_ite, mul_zero,
  ̵  ̵ ̵ ̵m̵u̵l̵_̵o̵n̵e̵,̵ ̵smul_eq_mul]

Note: This linter can be disabled with `set_option linter.unusedSimpArgs false`
warning: DoCarmoLib/Riemannian/Jacobi/ChartCurvatureNaturality.lean:247:13: This simp argument is unused:
  smul_eq_mul

Hint: Omit it from the simp argument list.
  simp only [Finset.sum_ite_eq', Finset.mem_univ, if_true, mul_ite, mul_zero, m̵u̵l̵_̵o̵n̵e̵,̵ ̵s̵m̵u̵l̵_̵e̵q̵_̵m̵u̵l̵]̵m̲u̲l̲_̲o̲n̲e̲]̲

Note: This linter can be disabled with `set_option linter.unusedSimpArgs false`
warning: DoCarmoLib/Riemannian/Jacobi/ChartCurvatureNaturality.lean:222:8: Overlapping instance parameters in `chartCurvature_basis`:

⚠️ `[NormedSpace ℝ E]` and `[InnerProductSpace ℝ E]` can be used to infer conflicting versions of `[SMul ℝ E]`.
💡️ Of these, `[NormedSpace ℝ E]` may be removed.
⚠️ `[Module.Finite ℝ E]` and `[FiniteDimensional ℝ E]` each imply `[Module.Finite ℝ E]`.
💡️ Of these, `[Module.Finite ℝ E]` and `[FiniteDimensional ℝ E]` may be removed.

When a data-carrying type class has multiple potential instances coming from different instance parameters, then these potential instances are incompatible. This is an example of an "instance diamond", which leads to unexpected unification failures.

Delete or combine some of your instance parameters to avoid this.

Note: This linter can be disabled with `set_option linter.overlappingInstances false`
warning: DoCarmoLib/Riemannian/Jacobi/ChartCurvatureNaturality.lean:259:4: `ContinuousLinearMap.add_apply` has been deprecated: Use `add_apply` instead

Note: The updated constant is in a different namespace. Dot notation may need to be changed (e.g., from `x.add_apply` to `add_apply x`).
warning: DoCarmoLib/Riemannian/Jacobi/ChartCurvatureNaturality.lean:254:8: Overlapping instance parameters in `chartCurvature_add_fst`:

⚠️ `[NormedSpace ℝ E]` and `[InnerProductSpace ℝ E]` can be used to infer conflicting versions of `[SMul ℝ E]`.
💡️ Of these, `[NormedSpace ℝ E]` may be removed.
⚠️ `[Module.Finite ℝ E]` and `[FiniteDimensional ℝ E]` each imply `[Module.Finite ℝ E]`.
💡️ Of these, `[Module.Finite ℝ E]` and `[FiniteDimensional ℝ E]` may be removed.

When a data-carrying type class has multiple potential instances coming from different instance parameters, then these potential instances are incompatible. This is an example of an "instance diamond", which leads to unexpected unification failures.

Delete or combine some of your instance parameters to avoid this.

Note: This linter can be disabled with `set_option linter.overlappingInstances false`
warning: DoCarmoLib/Riemannian/Jacobi/ChartCurvatureNaturality.lean:268:4: `ContinuousLinearMap.smul_apply` has been deprecated: Use `smul_apply` instead

Note: The updated constant is in a different namespace. Dot notation may need to be changed (e.g., from `x.smul_apply` to `smul_apply x`).
warning: DoCarmoLib/Riemannian/Jacobi/ChartCurvatureNaturality.lean:263:8: Overlapping instance parameters in `chartCurvature_smul_fst`:

⚠️ `[NormedSpace ℝ E]` and `[InnerProductSpace ℝ E]` can be used to infer conflicting versions of `[SMul ℝ E]`.
💡️ Of these, `[NormedSpace ℝ E]` may be removed.
⚠️ `[Module.Finite ℝ E]` and `[FiniteDimensional ℝ E]` each imply `[Module.Finite ℝ E]`.
💡️ Of these, `[Module.Finite ℝ E]` and `[FiniteDimensional ℝ E]` may be removed.

When a data-carrying type class has multiple potential instances coming from different instance parameters, then these potential instances are incompatible. This is an example of an "instance diamond", which leads to unexpected unification failures.

Delete or combine some of your instance parameters to avoid this.

Note: This linter can be disabled with `set_option linter.overlappingInstances false`
warning: DoCarmoLib/Riemannian/Jacobi/ChartCurvatureNaturality.lean:276:4: `ContinuousLinearMap.add_apply` has been deprecated: Use `add_apply` instead

Note: The updated constant is in a different namespace. Dot notation may need to be changed (e.g., from `x.add_apply` to `add_apply x`).
warning: DoCarmoLib/Riemannian/Jacobi/ChartCurvatureNaturality.lean:271:8: Overlapping instance parameters in `chartCurvature_add_middle`:

⚠️ `[NormedSpace ℝ E]` and `[InnerProductSpace ℝ E]` can be used to infer conflicting versions of `[SMul ℝ E]`.
💡️ Of these, `[NormedSpace ℝ E]` may be removed.
⚠️ `[Module.Finite ℝ E]` and `[FiniteDimensional ℝ E]` each imply `[Module.Finite ℝ E]`.
💡️ Of these, `[Module.Finite ℝ E]` and `[FiniteDimensional ℝ E]` may be removed.

When a data-carrying type class has multiple potential instances coming from different instance parameters, then these potential instances are incompatible. This is an example of an "instance diamond", which leads to unexpected unification failures.

Delete or combine some of your instance parameters to avoid this.

Note: This linter can be disabled with `set_option linter.overlappingInstances false`
warning: DoCarmoLib/Riemannian/Jacobi/ChartCurvatureNaturality.lean:285:4: `ContinuousLinearMap.smul_apply` has been deprecated: Use `smul_apply` instead

Note: The updated constant is in a different namespace. Dot notation may need to be changed (e.g., from `x.smul_apply` to `smul_apply x`).
warning: DoCarmoLib/Riemannian/Jacobi/ChartCurvatureNaturality.lean:280:8: Overlapping instance parameters in `chartCurvature_smul_middle`:

⚠️ `[NormedSpace ℝ E]` and `[InnerProductSpace ℝ E]` can be used to infer conflicting versions of `[SMul ℝ E]`.
💡️ Of these, `[NormedSpace ℝ E]` may be removed.
⚠️ `[Module.Finite ℝ E]` and `[FiniteDimensional ℝ E]` each imply `[Module.Finite ℝ E]`.
💡️ Of these, `[Module.Finite ℝ E]` and `[FiniteDimensional ℝ E]` may be removed.

When a data-carrying type class has multiple potential instances coming from different instance parameters, then these potential instances are incompatible. This is an example of an "instance diamond", which leads to unexpected unification failures.

Delete or combine some of your instance parameters to avoid this.

Note: This linter can be disabled with `set_option linter.overlappingInstances false`
warning: DoCarmoLib/Riemannian/Jacobi/ChartCurvatureNaturality.lean:293:4: `ContinuousLinearMap.add_apply` has been deprecated: Use `add_apply` instead

Note: The updated constant is in a different namespace. Dot notation may need to be changed (e.g., from `x.add_apply` to `add_apply x`).
warning: DoCarmoLib/Riemannian/Jacobi/ChartCurvatureNaturality.lean:293:4: This simp argument is unused:
  ContinuousLinearMap.add_apply

Hint: Omit it from the simp argument list.
  simp only [chartCurvature_def, christoffelCurvature, map_add,̵
  ̵ ̵ ̵ ̵ ̵C̵o̵n̵t̵i̵n̵u̵o̵u̵s̵L̵i̵n̵e̵a̵r̵M̵a̵p̵.̵a̵d̵d̵_̵a̵p̵p̵l̵y̵]

Note: This linter can be disabled with `set_option linter.unusedSimpArgs false`
warning: DoCarmoLib/Riemannian/Jacobi/ChartCurvatureNaturality.lean:288:8: Overlapping instance parameters in `chartCurvature_add_right`:

⚠️ `[NormedSpace ℝ E]` and `[InnerProductSpace ℝ E]` can be used to infer conflicting versions of `[SMul ℝ E]`.
💡️ Of these, `[NormedSpace ℝ E]` may be removed.
⚠️ `[Module.Finite ℝ E]` and `[FiniteDimensional ℝ E]` each imply `[Module.Finite ℝ E]`.
💡️ Of these, `[Module.Finite ℝ E]` and `[FiniteDimensional ℝ E]` may be removed.

When a data-carrying type class has multiple potential instances coming from different instance parameters, then these potential instances are incompatible. This is an example of an "instance diamond", which leads to unexpected unification failures.

Delete or combine some of your instance parameters to avoid this.

Note: This linter can be disabled with `set_option linter.overlappingInstances false`
warning: DoCarmoLib/Riemannian/Jacobi/ChartCurvatureNaturality.lean:302:4: `ContinuousLinearMap.smul_apply` has been deprecated: Use `smul_apply` instead

Note: The updated constant is in a different namespace. Dot notation may need to be changed (e.g., from `x.smul_apply` to `smul_apply x`).
warning: DoCarmoLib/Riemannian/Jacobi/ChartCurvatureNaturality.lean:302:4: This simp argument is unused:
  ContinuousLinearMap.smul_apply

Hint: Omit it from the simp argument list.
  simp only [chartCurvature_def, christoffelCurvature, map_smul, C̵o̵n̵t̵i̵n̵u̵o̵u̵s̵L̵i̵n̵e̵a̵r̵M̵a̵p̵.̵s̵m̵u̵l̵_̵a̵p̵p̵l̵y̵,̵ ̵smul_sub, smul_add]

Note: This linter can be disabled with `set_option linter.unusedSimpArgs false`
warning: DoCarmoLib/Riemannian/Jacobi/ChartCurvatureNaturality.lean:297:8: Overlapping instance parameters in `chartCurvature_smul_right`:

⚠️ `[NormedSpace ℝ E]` and `[InnerProductSpace ℝ E]` can be used to infer conflicting versions of `[SMul ℝ E]`.
💡️ Of these, `[NormedSpace ℝ E]` may be removed.
⚠️ `[Module.Finite ℝ E]` and `[FiniteDimensional ℝ E]` each imply `[Module.Finite ℝ E]`.
💡️ Of these, `[Module.Finite ℝ E]` and `[FiniteDimensional ℝ E]` may be removed.

When a data-carrying type class has multiple potential instances coming from different instance parameters, then these potential instances are incompatible. This is an example of an "instance diamond", which leads to unexpected unification failures.

Delete or combine some of your instance parameters to avoid this.

Note: This linter can be disabled with `set_option linter.overlappingInstances false`
warning: DoCarmoLib/Riemannian/Jacobi/ChartCurvatureNaturality.lean:307:8: Overlapping instance parameters in `chartCurvature_sum₃`:

⚠️ `[NormedSpace ℝ E]` and `[InnerProductSpace ℝ E]` can be used to infer conflicting versions of `[SMul ℝ E]`.
💡️ Of these, `[NormedSpace ℝ E]` may be removed.
⚠️ `[Module.Finite ℝ E]` and `[FiniteDimensional ℝ E]` each imply `[Module.Finite ℝ E]`.
💡️ Of these, `[Module.Finite ℝ E]` and `[FiniteDimensional ℝ E]` may be removed.

When a data-carrying type class has multiple potential instances coming from different instance parameters, then these potential instances are incompatible. This is an example of an "instance diamond", which leads to unexpected unification failures.

Delete or combine some of your instance parameters to avoid this.

Note: This linter can be disabled with `set_option linter.overlappingInstances false`
warning: DoCarmoLib/Riemannian/Jacobi/ChartCurvatureNaturality.lean:366:8: Overlapping instance parameters in `curvatureFormAt_eq_metricInner`:

⚠️ `[NormedSpace ℝ E]` and `[InnerProductSpace ℝ E]` can be used to infer conflicting versions of `[SMul ℝ E]`.
💡️ Of these, `[NormedSpace ℝ E]` may be removed.
⚠️ `[Module.Finite ℝ E]` and `[FiniteDimensional ℝ E]` each imply `[Module.Finite ℝ E]`.
💡️ Of these, `[Module.Finite ℝ E]` and `[FiniteDimensional ℝ E]` may be removed.

When a data-carrying type class has multiple potential instances coming from different instance parameters, then these potential instances are incompatible. This is an example of an "instance diamond", which leads to unexpected unification failures.

Delete or combine some of your instance parameters to avoid this.

Note: This linter can be disabled with `set_option linter.overlappingInstances false`
warning: DoCarmoLib/Riemannian/Jacobi/ChartCurvatureNaturality.lean:372:8: Overlapping instance parameters in `curvatureFormAt_add_fst`:

⚠️ `[NormedSpace ℝ E]` and `[InnerProductSpace ℝ E]` can be used to infer conflicting versions of `[SMul ℝ E]`.
💡️ Of these, `[NormedSpace ℝ E]` may be removed.
⚠️ `[Module.Finite ℝ E]` and `[FiniteDimensional ℝ E]` each imply `[Module.Finite ℝ E]`.
💡️ Of these, `[Module.Finite ℝ E]` and `[FiniteDimensional ℝ E]` may be removed.

When a data-carrying type class has multiple potential instances coming from different instance parameters, then these potential instances are incompatible. This is an example of an "instance diamond", which leads to unexpected unification failures.

Delete or combine some of your instance parameters to avoid this.

Note: This linter can be disabled with `set_option linter.overlappingInstances false`
warning: DoCarmoLib/Riemannian/Jacobi/ChartCurvatureNaturality.lean:384:29: This simp argument is unused:
  smul_eq_mul

Hint: Omit it from the simp argument list.
  simp only [curvatureFormAt_eq_metricInner, nabla.curvatureOperatorAt_smul_left,
      g.metricInner_smul_left,̵ ̵s̵m̵u̵l̵_̵e̵q̵_̵m̵u̵l̵]

Note: This linter can be disabled with `set_option linter.unusedSimpArgs false`
warning: DoCarmoLib/Riemannian/Jacobi/ChartCurvatureNaturality.lean:380:8: Overlapping instance parameters in `curvatureFormAt_smul_fst`:

⚠️ `[NormedSpace ℝ E]` and `[InnerProductSpace ℝ E]` can be used to infer conflicting versions of `[SMul ℝ E]`.
💡️ Of these, `[NormedSpace ℝ E]` may be removed.
⚠️ `[Module.Finite ℝ E]` and `[FiniteDimensional ℝ E]` each imply `[Module.Finite ℝ E]`.
💡️ Of these, `[Module.Finite ℝ E]` and `[FiniteDimensional ℝ E]` may be removed.

When a data-carrying type class has multiple potential instances coming from different instance parameters, then these potential instances are incompatible. This is an example of an "instance diamond", which leads to unexpected unification failures.

Delete or combine some of your instance parameters to avoid this.

Note: This linter can be disabled with `set_option linter.overlappingInstances false`
warning: DoCarmoLib/Riemannian/Jacobi/ChartCurvatureNaturality.lean:387:8: Overlapping instance parameters in `curvatureFormAt_add_snd`:

⚠️ `[NormedSpace ℝ E]` and `[InnerProductSpace ℝ E]` can be used to infer conflicting versions of `[SMul ℝ E]`.
💡️ Of these, `[NormedSpace ℝ E]` may be removed.
⚠️ `[Module.Finite ℝ E]` and `[FiniteDimensional ℝ E]` each imply `[Module.Finite ℝ E]`.
💡️ Of these, `[Module.Finite ℝ E]` and `[FiniteDimensional ℝ E]` may be removed.

When a data-carrying type class has multiple potential instances coming from different instance parameters, then these potential instances are incompatible. This is an example of an "instance diamond", which leads to unexpected unification failures.

Delete or combine some of your instance parameters to avoid this.

Note: This linter can be disabled with `set_option linter.overlappingInstances false`
warning: DoCarmoLib/Riemannian/Jacobi/ChartCurvatureNaturality.lean:399:29: This simp argument is unused:
  smul_eq_mul

Hint: Omit it from the simp argument list.
  simp only [curvatureFormAt_eq_metricInner, nabla.curvatureOperatorAt_smul_middle,
      g.metricInner_smul_left,̵ ̵s̵m̵u̵l̵_̵e̵q̵_̵m̵u̵l̵]

Note: This linter can be disabled with `set_option linter.unusedSimpArgs false`
warning: DoCarmoLib/Riemannian/Jacobi/ChartCurvatureNaturality.lean:395:8: Overlapping instance parameters in `curvatureFormAt_smul_snd`:

⚠️ `[NormedSpace ℝ E]` and `[InnerProductSpace ℝ E]` can be used to infer conflicting versions of `[SMul ℝ E]`.
💡️ Of these, `[NormedSpace ℝ E]` may be removed.
⚠️ `[Module.Finite ℝ E]` and `[FiniteDimensional ℝ E]` each imply `[Module.Finite ℝ E]`.
💡️ Of these, `[Module.Finite ℝ E]` and `[FiniteDimensional ℝ E]` may be removed.

When a data-carrying type class has multiple potential instances coming from different instance parameters, then these potential instances are incompatible. This is an example of an "instance diamond", which leads to unexpected unification failures.

Delete or combine some of your instance parameters to avoid this.

Note: This linter can be disabled with `set_option linter.overlappingInstances false`
warning: DoCarmoLib/Riemannian/Jacobi/ChartCurvatureNaturality.lean:402:8: Overlapping instance parameters in `curvatureFormAt_add_trd`:

⚠️ `[NormedSpace ℝ E]` and `[InnerProductSpace ℝ E]` can be used to infer conflicting versions of `[SMul ℝ E]`.
💡️ Of these, `[NormedSpace ℝ E]` may be removed.
⚠️ `[Module.Finite ℝ E]` and `[FiniteDimensional ℝ E]` each imply `[Module.Finite ℝ E]`.
💡️ Of these, `[Module.Finite ℝ E]` and `[FiniteDimensional ℝ E]` may be removed.

When a data-carrying type class has multiple potential instances coming from different instance parameters, then these potential instances are incompatible. This is an example of an "instance diamond", which leads to unexpected unification failures.

Delete or combine some of your instance parameters to avoid this.

Note: This linter can be disabled with `set_option linter.overlappingInstances false`
warning: DoCarmoLib/Riemannian/Jacobi/ChartCurvatureNaturality.lean:414:29: This simp argument is unused:
  smul_eq_mul

Hint: Omit it from the simp argument list.
  simp only [curvatureFormAt_eq_metricInner, nabla.curvatureOperatorAt_smul_right,
      g.metricInner_smul_left,̵ ̵s̵m̵u̵l̵_̵e̵q̵_̵m̵u̵l̵]

Note: This linter can be disabled with `set_option linter.unusedSimpArgs false`
warning: DoCarmoLib/Riemannian/Jacobi/ChartCurvatureNaturality.lean:410:8: Overlapping instance parameters in `curvatureFormAt_smul_trd`:

⚠️ `[NormedSpace ℝ E]` and `[InnerProductSpace ℝ E]` can be used to infer conflicting versions of `[SMul ℝ E]`.
💡️ Of these, `[NormedSpace ℝ E]` may be removed.
⚠️ `[Module.Finite ℝ E]` and `[FiniteDimensional ℝ E]` each imply `[Module.Finite ℝ E]`.
💡️ Of these, `[Module.Finite ℝ E]` and `[FiniteDimensional ℝ E]` may be removed.

When a data-carrying type class has multiple potential instances coming from different instance parameters, then these potential instances are incompatible. This is an example of an "instance diamond", which leads to unexpected unification failures.

Delete or combine some of your instance parameters to avoid this.

Note: This linter can be disabled with `set_option linter.overlappingInstances false`
warning: DoCarmoLib/Riemannian/Jacobi/ChartCurvatureNaturality.lean:417:8: Overlapping instance parameters in `curvatureFormAt_add_fth`:

⚠️ `[NormedSpace ℝ E]` and `[InnerProductSpace ℝ E]` can be used to infer conflicting versions of `[SMul ℝ E]`.
💡️ Of these, `[NormedSpace ℝ E]` may be removed.
⚠️ `[Module.Finite ℝ E]` and `[FiniteDimensional ℝ E]` each imply `[Module.Finite ℝ E]`.
💡️ Of these, `[Module.Finite ℝ E]` and `[FiniteDimensional ℝ E]` may be removed.

When a data-carrying type class has multiple potential instances coming from different instance parameters, then these potential instances are incompatible. This is an example of an "instance diamond", which leads to unexpected unification failures.

Delete or combine some of your instance parameters to avoid this.

Note: This linter can be disabled with `set_option linter.overlappingInstances false`
warning: DoCarmoLib/Riemannian/Jacobi/ChartCurvatureNaturality.lean:427:71: This simp argument is unused:
  smul_eq_mul

Hint: Omit it from the simp argument list.
  simp only [curvatureFormAt_eq_metricInner, g.metricInner_smul_right,̵ ̵s̵m̵u̵l̵_̵e̵q̵_̵m̵u̵l̵]

Note: This linter can be disabled with `set_option linter.unusedSimpArgs false`
warning: DoCarmoLib/Riemannian/Jacobi/ChartCurvatureNaturality.lean:424:8: Overlapping instance parameters in `curvatureFormAt_smul_fth`:

⚠️ `[NormedSpace ℝ E]` and `[InnerProductSpace ℝ E]` can be used to infer conflicting versions of `[SMul ℝ E]`.
💡️ Of these, `[NormedSpace ℝ E]` may be removed.
⚠️ `[Module.Finite ℝ E]` and `[FiniteDimensional ℝ E]` each imply `[Module.Finite ℝ E]`.
💡️ Of these, `[Module.Finite ℝ E]` and `[FiniteDimensional ℝ E]` may be removed.

When a data-carrying type class has multiple potential instances coming from different instance parameters, then these potential instances are incompatible. This is an example of an "instance diamond", which leads to unexpected unification failures.

Delete or combine some of your instance parameters to avoid this.

Note: This linter can be disabled with `set_option linter.overlappingInstances false`
warning: DoCarmoLib/Riemannian/Jacobi/ChartCurvatureNaturality.lean:431:8: Overlapping instance parameters in `curvatureFormAt_sum₄`:

⚠️ `[NormedSpace ℝ E]` and `[InnerProductSpace ℝ E]` can be used to infer conflicting versions of `[SMul ℝ E]`.
💡️ Of these, `[NormedSpace ℝ E]` may be removed.
⚠️ `[Module.Finite ℝ E]` and `[FiniteDimensional ℝ E]` each imply `[Module.Finite ℝ E]`.
💡️ Of these, `[Module.Finite ℝ E]` and `[FiniteDimensional ℝ E]` may be removed.

When a data-carrying type class has multiple potential instances coming from different instance parameters, then these potential instances are incompatible. This is an example of an "instance diamond", which leads to unexpected unification failures.

Delete or combine some of your instance parameters to avoid this.

Note: This linter can be disabled with `set_option linter.overlappingInstances false`
warning: DoCarmoLib/Riemannian/Jacobi/ChartCurvatureNaturality.lean:505:8: Overlapping instance parameters in `metricInner_chartBasisVecFiber`:

⚠️ `[NormedSpace ℝ E]` and `[InnerProductSpace ℝ E]` can be used to infer conflicting versions of `[SMul ℝ E]`.
💡️ Of these, `[NormedSpace ℝ E]` may be removed.
⚠️ `[Module.Finite ℝ E]` and `[FiniteDimensional ℝ E]` each imply `[Module.Finite ℝ E]`.
💡️ Of these, `[Module.Finite ℝ E]` and `[FiniteDimensional ℝ E]` may be removed.

When a data-carrying type class has multiple potential instances coming from different instance parameters, then these potential instances are incompatible. This is an example of an "instance diamond", which leads to unexpected unification failures.

Delete or combine some of your instance parameters to avoid this.

Note: This linter can be disabled with `set_option linter.overlappingInstances false`
warning: DoCarmoLib/Riemannian/Jacobi/ChartCurvatureNaturality.lean:523:8: Overlapping instance parameters in `curvatureFormAt_chartFrame`:

⚠️ `[NormedSpace ℝ E]` and `[InnerProductSpace ℝ E]` can be used to infer conflicting versions of `[SMul ℝ E]`.
💡️ Of these, `[NormedSpace ℝ E]` may be removed.
⚠️ `[Module.Finite ℝ E]` and `[FiniteDimensional ℝ E]` each imply `[Module.Finite ℝ E]`.
💡️ Of these, `[Module.Finite ℝ E]` and `[FiniteDimensional ℝ E]` may be removed.

When a data-carrying type class has multiple potential instances coming from different instance parameters, then these potential instances are incompatible. This is an example of an "instance diamond", which leads to unexpected unification failures.

Delete or combine some of your instance parameters to avoid this.

Note: This linter can be disabled with `set_option linter.overlappingInstances false`
ℹ [3195/3211] Replayed CurveControl.Geometry.ProductIntrinsicCurvature
info: CurveControl/Geometry/ProductIntrinsicCurvature.lean:153:0: 'CurveControl.Geometry.canonicalCurvatureFormAt_eq_chart' depends on axioms: [propext, Classical.choice, Quot.sound]
info: CurveControl/Geometry/ProductIntrinsicCurvature.lean:154:0: 'CurveControl.Geometry.productTangentEquiv' depends on axioms: [propext, Classical.choice, Quot.sound]
info: CurveControl/Geometry/ProductIntrinsicCurvature.lean:155:0: 'CurveControl.Geometry.productTangentEquiv_apply' depends on axioms: [propext, Classical.choice, Quot.sound]
info: CurveControl/Geometry/ProductIntrinsicCurvature.lean:156:0: 'CurveControl.Geometry.productL2_finrank_neZero' depends on axioms: [propext, Classical.choice, Quot.sound]
info: CurveControl/Geometry/ProductIntrinsicCurvature.lean:157:0: 'CurveControl.Geometry.productL2Metric_metricInner_split' depends on axioms: [propext, Classical.choice, Quot.sound]
info: CurveControl/Geometry/ProductIntrinsicCurvature.lean:158:0: 'CurveControl.Geometry.productTangentIsometry' depends on axioms: [propext, Classical.choice, Quot.sound]
info: CurveControl/Geometry/ProductIntrinsicCurvature.lean:159:0: 'CurveControl.Geometry.canonicalCurvatureFormAt_eq_metric_chart' depends on axioms: [propext,
 Classical.choice,
 Quot.sound]
info: CurveControl/Geometry/ProductIntrinsicCurvature.lean:160:0: 'CurveControl.Geometry.canonicalCurvatureFormAt_productL2' depends on axioms: [propext, Classical.choice, Quot.sound]
info: CurveControl/Geometry/ProductIntrinsicCurvature.lean:161:0: 'CurveControl.Geometry.ricciTensorAt_productL2' depends on axioms: [propext, Classical.choice, Quot.sound]
ℹ [3197/3211] Replayed CurveControl.Geometry.ProductAmbientBounds
info: CurveControl/Geometry/ProductAmbientBounds.lean:119:0: 'CurveControl.Geometry.ambientRm_eq_canonical' depends on axioms: [propext, Classical.choice, Quot.sound]
info: CurveControl/Geometry/ProductAmbientBounds.lean:120:0: 'CurveControl.Geometry.productL2_metricNorm_fst_le' depends on axioms: [propext, Classical.choice, Quot.sound]
info: CurveControl/Geometry/ProductAmbientBounds.lean:121:0: 'CurveControl.Geometry.productL2_metricNorm_snd_le' depends on axioms: [propext, Classical.choice, Quot.sound]
info: CurveControl/Geometry/ProductAmbientBounds.lean:122:0: 'CurveControl.Geometry.ambientRm_productL2' depends on axioms: [propext, Classical.choice, Quot.sound]
info: CurveControl/Geometry/ProductAmbientBounds.lean:123:0: 'CurveControl.Geometry.productL2_ricci_bound_of_finrank_one' depends on axioms: [propext, Classical.choice, Quot.sound]
info: CurveControl/Geometry/ProductAmbientBounds.lean:124:0: 'CurveControl.Geometry.productL2_curvature_bound_of_finrank_one' depends on axioms: [propext,
 Classical.choice,
 Quot.sound]
ℹ [3199/3211] Replayed MorganTianLib.Ch03.RicciFlow.ScalarSpacetimeSmooth
info: MorganTianLib/Ch03/RicciFlow/ScalarSpacetimeSmooth.lean:274:0: 'MorganTianLib.scalarCurvature_contMDiffOn_of_isSmoothMetricFamilyOn' depends on axioms: [propext,
 Classical.choice,
 Quot.sound]
info: MorganTianLib/Ch03/RicciFlow/ScalarSpacetimeSmooth.lean:275:0: 'MorganTianLib.scalarCurvature_continuousOn_of_isRicciFlowOn' depends on axioms: [propext, Classical.choice, Quot.sound]
⚠ [3200/3211] Replayed CurveControl.Geometry.AmbientTensorRegularity
warning: CurveControl/Geometry/AmbientTensorRegularity.lean:15:0: docstring should start with **Math.**, **Eng.**, or **Mixed.** (got: "Spatial differentiation preserves joint …")

Note: This linter can be disabled with `set_option linter.shared.mathTag false`
warning: CurveControl/Geometry/AmbientTensorRegularity.lean:52:0: automatically included section variable(s) unused in theorem `CurveControl.Geometry.AmbientTensorRegularity.contDiffOn_chartCovRicciOnE_timeSpace`:
  [NeZero (Module.finrank ℝ E)]
consider restructuring your `variable` declarations so that the variables are not in scope or explicitly omit them:
  omit [NeZero (Module.finrank ℝ E)] in theorem ...

Note: This linter can be disabled with `set_option linter.unusedSectionVars false`
warning: CurveControl/Geometry/AmbientTensorRegularity.lean:51:0: docstring should start with **Math.**, **Eng.**, or **Mixed.** (got: "Covariant Ricci coefficients are jointly…")

Note: This linter can be disabled with `set_option linter.shared.mathTag false`
warning: CurveControl/Geometry/AmbientTensorRegularity.lean:72:0: docstring should start with **Math.**, **Eng.**, or **Mixed.** (got: "Coordinate coefficients of ∇Ric are cont…")

Note: This linter can be disabled with `set_option linter.shared.mathTag false`
warning: CurveControl/Geometry/AmbientTensorRegularity.lean:85:0: docstring should start with **Math.**, **Eng.**, or **Mixed.** (got: "Canonical intrinsic covariant derivative…")

Note: This linter can be disabled with `set_option linter.shared.mathTag false`
warning: CurveControl/Geometry/AmbientTensorRegularity.lean:93:0: docstring should start with **Math.**, **Eng.**, or **Mixed.** (got: "Actual ∇Ric evaluated on the fixed chart…")

Note: This linter can be disabled with `set_option linter.shared.mathTag false`
warning: CurveControl/Geometry/AmbientTensorRegularity.lean:106:0: docstring should start with **Math.**, **Eng.**, or **Mixed.** (got: "Joint smoothness is a property of the ac…")

Note: This linter can be disabled with `set_option linter.shared.mathTag false`
warning: CurveControl/Geometry/AmbientTensorRegularity.lean:117:0: docstring should start with **Math.**, **Eng.**, or **Mixed.** (got: "Actual Ricci evaluated on a fixed chart …")

Note: This linter can be disabled with `set_option linter.shared.mathTag false`
warning: CurveControl/Geometry/AmbientTensorRegularity.lean:133:0: docstring should start with **Math.**, **Eng.**, or **Mixed.** (got: "Continuous intrinsic ∇Ric chart coeffici…")

Note: This linter can be disabled with `set_option linter.shared.mathTag false`
⚠ [3201/3211] Replayed CurveControl.Geometry.AmbientTensorExpansion
warning: CurveControl/Geometry/AmbientTensorExpansion.lean:85:0: docstring should start with **Math.**, **Eng.**, or **Mixed.** (got: "Currying of the actual covariant derivat…")

Note: This linter can be disabled with `set_option linter.shared.mathTag false`
warning: CurveControl/Geometry/AmbientTensorExpansion.lean:104:0: docstring should start with **Math.**, **Eng.**, or **Mixed.** (got: "Works for every finite basis, in particu…")

Note: This linter can be disabled with `set_option linter.shared.mathTag false`
warning: CurveControl/Geometry/AmbientTensorExpansion.lean:114:0: docstring should start with **Math.**, **Eng.**, or **Mixed.** (got: "Currying of the intrinsic Morgan–Tian cu…")

Note: This linter can be disabled with `set_option linter.shared.mathTag false`
⚠ [3203/3211] Replayed MorganTianLib.Ch03.RicciFlow.RiemannVariation
warning: MorganTianLib/Ch03/RicciFlow/RiemannVariation.lean:133:0: automatically included section variable(s) unused in theorem `MorganTianLib.chartCurvatureCoefVariationOnE_eq_covariantDerivativeConnectionVariation_sub`:
  [CompleteSpace E]
  [NeZero (Module.finrank ℝ E)]
  [I.Boundaryless]
  [SigmaCompactSpace M]
  [T2Space M]
consider restructuring your `variable` declarations so that the variables are not in scope or explicitly omit them:
  omit [CompleteSpace E] [NeZero (Module.finrank ℝ E)] [I.Boundaryless] [SigmaCompactSpace M] [T2Space M] in theorem ...

Note: This linter can be disabled with `set_option linter.unusedSectionVars false`
info: MorganTianLib/Ch03/RicciFlow/RiemannVariation.lean:189:0: 'MorganTianLib.hasDerivAt_chartRiemannCoefOnE' depends on axioms: [propext, Classical.choice, Quot.sound]
info: MorganTianLib/Ch03/RicciFlow/RiemannVariation.lean:190:0: 'MorganTianLib.hasDerivAt_chartRiemannCoefOnE_of_isRicciFlowOn' depends on axioms: [propext,
 Classical.choice,
 Quot.sound]
ℹ [3205/3211] Replayed CurveControl.Geometry.UniformProductEstimates
info: CurveControl/Geometry/UniformProductEstimates.lean:199:0: 'CurveControl.Geometry.ambientCovRic_eq_zero_of_finrank_one' depends on axioms: [propext, Classical.choice, Quot.sound]
info: CurveControl/Geometry/UniformProductEstimates.lean:200:0: 'CurveControl.Geometry.productL2_covRic_bound_of_split' depends on axioms: [propext, Classical.choice, Quot.sound]
info: CurveControl/Geometry/UniformProductEstimates.lean:201:0: 'CurveControl.Geometry.productL2_tensorBounds_of_covRic_split' depends on axioms: [propext,
 Classical.choice,
 Quot.sound]
info: CurveControl/Geometry/UniformProductEstimates.lean:202:0: 'CurveControl.Geometry.static_product_family_estimate_of_tensorBounds' depends on axioms: [propext,
 Classical.choice,
 Quot.sound]
info: CurveControl/Geometry/UniformProductEstimates.lean:203:0: 'CurveControl.Geometry.compact_base_uniform_coefficients' depends on axioms: [propext, Classical.choice, Quot.sound]
info: CurveControl/Geometry/UniformProductEstimates.lean:204:0: 'CurveControl.Geometry.productL2_tensorBounds_of_finrank_one' depends on axioms: [propext, Classical.choice, Quot.sound]
info: CurveControl/Geometry/UniformProductEstimates.lean:205:0: 'CurveControl.Geometry.uniformTensorBoundsOn_productL2_oneDimensional' depends on axioms: [propext,
 Classical.choice,
 Quot.sound]
info: CurveControl/Geometry/UniformProductEstimates.lean:206:0: 'CurveControl.Geometry.exists_uniform_static_product_family_estimate' depends on axioms: [propext,
 Classical.choice,
 Quot.sound]
info: CurveControl/Geometry/UniformProductEstimates.lean:207:0: 'CurveControl.Geometry.exists_uniform_positive_scale_product_estimate' depends on axioms: [propext,
 Classical.choice,
 Quot.sound]
ℹ [3206/3211] Replayed CurveControl.Examples.StaticFactorApplication
info: CurveControl/Examples/StaticFactorApplication.lean:158:0: 'CurveControl.Examples.StaticFactorApplication.scaledFactorMetric' depends on axioms: [propext,
 Classical.choice,
 Quot.sound]
info: CurveControl/Examples/StaticFactorApplication.lean:159:0: 'CurveControl.Examples.StaticFactorApplication.scaledFactorMetric_inner' depends on axioms: [propext,
 Classical.choice,
 Quot.sound]
info: CurveControl/Examples/StaticFactorApplication.lean:160:0: 'CurveControl.Examples.StaticFactorApplication.scaledFactorMetric_norm' depends on axioms: [propext,
 Classical.choice,
 Quot.sound]
info: CurveControl/Examples/StaticFactorApplication.lean:161:0: 'CurveControl.Examples.StaticFactorApplication.scaledFactorMetric_static' depends on axioms: [propext,
 Classical.choice,
 Quot.sound]
info: CurveControl/Examples/StaticFactorApplication.lean:162:0: 'CurveControl.Examples.StaticFactorApplication.scaledProduct_isRicciFlow' depends on axioms: [propext,
 Classical.choice,
 Quot.sound]
info: CurveControl/Examples/StaticFactorApplication.lean:163:0: 'CurveControl.Examples.StaticFactorApplication.exists_scaledFactor_curve_bounds' depends on axioms: [propext,
 Classical.choice,
 Quot.sound]
info: CurveControl/Examples/StaticFactorApplication.lean:164:0: 'CurveControl.Examples.StaticFactorApplication.exists_scaledFactor_fullInterval_bounds' depends on axioms: [propext,
 Classical.choice,
 Quot.sound]
ℹ [3207/3211] Replayed CurveControl.Analysis.CoupledComparison
info: CurveControl/Analysis/CoupledComparison.lean:101:0: 'CurveControl.Analysis.le_exp_of_deriv_right_le' depends on axioms: [propext, Classical.choice, Quot.sound]
info: CurveControl/Analysis/CoupledComparison.lean:102:0: 'CurveControl.Analysis.coupled_exp_comparison_right' depends on axioms: [propext, Classical.choice, Quot.sound]
info: CurveControl/Analysis/CoupledComparison.lean:103:0: 'CurveControl.Analysis.coupled_exp_comparison' depends on axioms: [propext, Classical.choice, Quot.sound]
info: CurveControl/Analysis/CoupledComparison.lean:104:0: 'CurveControl.Analysis.family_coupled_exp_comparison_right' depends on axioms: [propext, Classical.choice, Quot.sound]
⚠ [3208/3211] Replayed CurveControl.Analysis.CurvatureError
warning: CurveControl/Analysis/CurvatureError.lean:26:5: Variable name `hk` is not explicitly referenced.

The binding can be removed (if unused) or named `_` (if used implicitly).

Note: This linter can be disabled with `set_option linter.unusedVariables false`
ℹ [3209/3211] Replayed CurveControl.Geometry.LengthEstimates
info: CurveControl/Geometry/LengthEstimates.lean:181:0: 'CurveControl.Geometry.IsCurveShorteningFlowOn.hasDerivAt_curveLength' depends on axioms: [propext,
 Classical.choice,
 Quot.sound]
info: CurveControl/Geometry/LengthEstimates.lean:182:0: 'CurveControl.Geometry.IsCurveShorteningFlowOn.curveLength_le_exp' depends on axioms: [propext,
 Classical.choice,
 Quot.sound]
info: CurveControl/Geometry/LengthEstimates.lean:183:0: 'CurveControl.Geometry.IsCurveShorteningFlowOn.curveLength_le_exp_on' depends on axioms: [propext,
 Classical.choice,
 Quot.sound]
info: CurveControl/Geometry/LengthEstimates.lean:184:0: 'CurveControl.Geometry.IsCurveShorteningFlowOn.weighted_curvatureEnergy_integral_le' depends on axioms: [propext,
 Classical.choice,
 Quot.sound]
info: CurveControl/Geometry/LengthEstimates.lean:185:0: 'CurveControl.Geometry.IsCurveShorteningFlowOn.curvatureEnergy_integral_le' depends on axioms: [propext,
 Classical.choice,
 Quot.sound]
Build completed successfully (3211 jobs).
