⚠ [2894/2997] Replayed DoCarmoLib.Riemannian.Metric.RiemannianMetric
warning: DoCarmoLib/Riemannian/Metric/RiemannianMetric.lean:239:40: `ContinuousLinearMap.add_apply` has been deprecated: Use `add_apply` instead

Note: The updated constant is in a different namespace. Dot notation may need to be changed (e.g., from `x.add_apply` to `add_apply x`).
warning: DoCarmoLib/Riemannian/Metric/RiemannianMetric.lean:242:39: `ContinuousLinearMap.smul_apply` has been deprecated: Use `smul_apply` instead

Note: The updated constant is in a different namespace. Dot notation may need to be changed (e.g., from `x.smul_apply` to `smul_apply x`).
⚠ [2905/2997] Replayed DoCarmoLib.Riemannian.Util.Chart.FlatChartDerivs
warning: DoCarmoLib/Riemannian/Util/Chart/FlatChartDerivs.lean:158:6: `ContinuousLinearMap.sum_apply` has been deprecated: Use `sum_apply` instead

Note: The updated constant is in a different namespace. Dot notation may need to be changed (e.g., from `x.sum_apply` to `sum_apply x`).
warning: DoCarmoLib/Riemannian/Util/Chart/FlatChartDerivs.lean:184:8: `contMDiffOn_finset_sum` has been deprecated: Use `contMDiffOn_finsetSum` instead
⚠ [2906/2997] Replayed DoCarmoLib.Riemannian.TangentBundle.TangentSmooth
warning: DoCarmoLib/Riemannian/TangentBundle/TangentSmooth.lean:1:0: 'Mathlib.Geometry.Manifold.VectorBundle.SmoothSection' has been deprecated: please replace this import by

import Mathlib.Geometry.Manifold.VectorBundle.ContMDiffSection
⚠ [2907/2997] Replayed DoCarmoLib.Riemannian.TensorBundle.SmoothOrthoFrame.ChartBasis
warning: DoCarmoLib/Riemannian/TensorBundle/SmoothOrthoFrame/ChartBasis.lean:52:4: Overlapping instance parameters in `chartBasisVecFiber`:

⚠️ `[NormedSpace ℝ E]` and `[InnerProductSpace ℝ E]` can be used to infer conflicting versions of `[SMul ℝ E]`.
💡️ Of these, `[NormedSpace ℝ E]` may be removed.

When a data-carrying type class has multiple potential instances coming from different instance parameters, then these potential instances are incompatible. This is an example of an "instance diamond", which leads to unexpected unification failures.

Delete or combine some of your instance parameters to avoid this.

Note: This linter can be disabled with `set_option linter.overlappingInstances false`
warning: DoCarmoLib/Riemannian/TensorBundle/SmoothOrthoFrame/ChartBasis.lean:58:4: Overlapping instance parameters in `chartBasisVec`:

⚠️ `[NormedSpace ℝ E]` and `[InnerProductSpace ℝ E]` can be used to infer conflicting versions of `[SMul ℝ E]`.
💡️ Of these, `[NormedSpace ℝ E]` may be removed.

When a data-carrying type class has multiple potential instances coming from different instance parameters, then these potential instances are incompatible. This is an example of an "instance diamond", which leads to unexpected unification failures.

Delete or combine some of your instance parameters to avoid this.

Note: This linter can be disabled with `set_option linter.overlappingInstances false`
warning: DoCarmoLib/Riemannian/TensorBundle/SmoothOrthoFrame/ChartBasis.lean:107:4: Overlapping instance parameters in `chartBasisFamily`:

⚠️ `[NormedSpace ℝ E]` and `[InnerProductSpace ℝ E]` can be used to infer conflicting versions of `[SMul ℝ E]`.
💡️ Of these, `[NormedSpace ℝ E]` may be removed.

When a data-carrying type class has multiple potential instances coming from different instance parameters, then these potential instances are incompatible. This is an example of an "instance diamond", which leads to unexpected unification failures.

Delete or combine some of your instance parameters to avoid this.

Note: This linter can be disabled with `set_option linter.overlappingInstances false`
warning: DoCarmoLib/Riemannian/TensorBundle/SmoothOrthoFrame/ChartBasis.lean:153:18: Overlapping instance parameters in `chartFrameNormFiber`:

⚠️ `[NormedSpace ℝ E]` and `[InnerProductSpace ℝ E]` can be used to infer conflicting versions of `[SMul ℝ E]`.
💡️ Of these, `[NormedSpace ℝ E]` may be removed.

When a data-carrying type class has multiple potential instances coming from different instance parameters, then these potential instances are incompatible. This is an example of an "instance diamond", which leads to unexpected unification failures.

Delete or combine some of your instance parameters to avoid this.

Note: This linter can be disabled with `set_option linter.overlappingInstances false`
warning: DoCarmoLib/Riemannian/TensorBundle/SmoothOrthoFrame/ChartBasis.lean:170:18: Overlapping instance parameters in `chartFrameNorm`:

⚠️ `[NormedSpace ℝ E]` and `[InnerProductSpace ℝ E]` can be used to infer conflicting versions of `[SMul ℝ E]`.
💡️ Of these, `[NormedSpace ℝ E]` may be removed.

When a data-carrying type class has multiple potential instances coming from different instance parameters, then these potential instances are incompatible. This is an example of an "instance diamond", which leads to unexpected unification failures.

Delete or combine some of your instance parameters to avoid this.

Note: This linter can be disabled with `set_option linter.overlappingInstances false`
warning: DoCarmoLib/Riemannian/TensorBundle/SmoothOrthoFrame/ChartBasis.lean:180:18: Overlapping instance parameters in `chartFrameRawFiber`:

⚠️ `[NormedSpace ℝ E]` and `[InnerProductSpace ℝ E]` can be used to infer conflicting versions of `[SMul ℝ E]`.
💡️ Of these, `[NormedSpace ℝ E]` may be removed.

When a data-carrying type class has multiple potential instances coming from different instance parameters, then these potential instances are incompatible. This is an example of an "instance diamond", which leads to unexpected unification failures.

Delete or combine some of your instance parameters to avoid this.

Note: This linter can be disabled with `set_option linter.overlappingInstances false`
warning: DoCarmoLib/Riemannian/TensorBundle/SmoothOrthoFrame/ChartBasis.lean:252:12: `ContinuousLinearMap.smul_apply` has been deprecated: Use `smul_apply` instead

Note: The updated constant is in a different namespace. Dot notation may need to be changed (e.g., from `x.smul_apply` to `smul_apply x`).
⚠ [2908/2997] Replayed DoCarmoLib.Riemannian.TensorBundle.SmoothOrthoFrame.Orthonormality
warning: DoCarmoLib/Riemannian/TensorBundle/SmoothOrthoFrame/Orthonormality.lean:88:8: `ContinuousLinearMap.add_apply` has been deprecated: Use `add_apply` instead

Note: The updated constant is in a different namespace. Dot notation may need to be changed (e.g., from `x.add_apply` to `add_apply x`).
⚠ [3011/3091] Replayed MorganTianLib.Ch01.CurvatureCommutation
warning: MorganTianLib/Ch01/CurvatureCommutation.lean:142:13: `ContinuousLinearMap.add_apply` has been deprecated: Use `add_apply` instead

Note: The updated constant is in a different namespace. Dot notation may need to be changed (e.g., from `x.add_apply` to `add_apply x`).
warning: MorganTianLib/Ch01/CurvatureCommutation.lean:142:44: `ContinuousLinearMap.coe_comp'` has been deprecated: Use `ContinuousLinearMap.coe_comp` instead
⚠ [3026/3091] Replayed DoCarmoLib.Riemannian.TensorBundle.SmoothOrthoFrame
warning: DoCarmoLib/Riemannian/TensorBundle/SmoothOrthoFrame.lean:1:0: 'Mathlib.Geometry.Manifold.VectorBundle.SmoothSection' has been deprecated: please replace this import by

import Mathlib.Geometry.Manifold.VectorBundle.ContMDiffSection
warning: DoCarmoLib/Riemannian/TensorBundle/SmoothOrthoFrame.lean:71:18: Overlapping instance parameters in `chartBumpAt`:

⚠️ `[NormedSpace ℝ E]` and `[InnerProductSpace ℝ E]` can be used to infer conflicting versions of `[SMul ℝ E]`.
💡️ Of these, `[NormedSpace ℝ E]` may be removed.

When a data-carrying type class has multiple potential instances coming from different instance parameters, then these potential instances are incompatible. This is an example of an "instance diamond", which leads to unexpected unification failures.

Delete or combine some of your instance parameters to avoid this.

Note: This linter can be disabled with `set_option linter.overlappingInstances false`
warning: DoCarmoLib/Riemannian/TensorBundle/SmoothOrthoFrame.lean:83:18: Overlapping instance parameters in `smoothOrthoFrame`:

⚠️ `[NormedSpace ℝ E]` and `[InnerProductSpace ℝ E]` can be used to infer conflicting versions of `[SMul ℝ E]`.
💡️ Of these, `[NormedSpace ℝ E]` may be removed.

When a data-carrying type class has multiple potential instances coming from different instance parameters, then these potential instances are incompatible. This is an example of an "instance diamond", which leads to unexpected unification failures.

Delete or combine some of your instance parameters to avoid this.

Note: This linter can be disabled with `set_option linter.overlappingInstances false`
warning: DoCarmoLib/Riemannian/TensorBundle/SmoothOrthoFrame.lean:93:18: Overlapping instance parameters in `smoothOrthoFrameNbhd`:

⚠️ `[NormedSpace ℝ E]` and `[InnerProductSpace ℝ E]` can be used to infer conflicting versions of `[SMul ℝ E]`.
💡️ Of these, `[NormedSpace ℝ E]` may be removed.

When a data-carrying type class has multiple potential instances coming from different instance parameters, then these potential instances are incompatible. This is an example of an "instance diamond", which leads to unexpected unification failures.

Delete or combine some of your instance parameters to avoid this.

Note: This linter can be disabled with `set_option linter.overlappingInstances false`
warning: DoCarmoLib/Riemannian/TensorBundle/SmoothOrthoFrame.lean:253:18: Overlapping instance parameters in `smoothOrthoFrameOrthonormalBasis`:

⚠️ `[NormedSpace ℝ E]` and `[InnerProductSpace ℝ E]` can be used to infer conflicting versions of `[SMul ℝ E]`.
💡️ Of these, `[NormedSpace ℝ E]` may be removed.

When a data-carrying type class has multiple potential instances coming from different instance parameters, then these potential instances are incompatible. This is an example of an "instance diamond", which leads to unexpected unification failures.

Delete or combine some of your instance parameters to avoid this.

Note: This linter can be disabled with `set_option linter.overlappingInstances false`
warning: DoCarmoLib/Riemannian/TensorBundle/SmoothOrthoFrame.lean:349:18: Overlapping instance parameters in `smoothOrthoFrameOrthonormalBasis_at_nbhd`:

⚠️ `[NormedSpace ℝ E]` and `[InnerProductSpace ℝ E]` can be used to infer conflicting versions of `[SMul ℝ E]`.
💡️ Of these, `[NormedSpace ℝ E]` may be removed.

When a data-carrying type class has multiple potential instances coming from different instance parameters, then these potential instances are incompatible. This is an example of an "instance diamond", which leads to unexpected unification failures.

Delete or combine some of your instance parameters to avoid this.

Note: This linter can be disabled with `set_option linter.overlappingInstances false`
⚠ [3027/3091] Replayed DoCarmoLib.Riemannian.TensorBundle.MusicalIso
warning: DoCarmoLib/Riemannian/TensorBundle/MusicalIso.lean:57:4: Overlapping instance parameters in `chartGramMatrix`:

⚠️ `[NormedSpace ℝ E]` and `[InnerProductSpace ℝ E]` can be used to infer conflicting versions of `[SMul ℝ E]`.
💡️ Of these, `[NormedSpace ℝ E]` may be removed.

When a data-carrying type class has multiple potential instances coming from different instance parameters, then these potential instances are incompatible. This is an example of an "instance diamond", which leads to unexpected unification failures.

Delete or combine some of your instance parameters to avoid this.

Note: This linter can be disabled with `set_option linter.overlappingInstances false`
warning: DoCarmoLib/Riemannian/TensorBundle/MusicalIso.lean:114:12: `ContinuousLinearMap.sum_apply` has been deprecated: Use `sum_apply` instead

Note: The updated constant is in a different namespace. Dot notation may need to be changed (e.g., from `x.sum_apply` to `sum_apply x`).
warning: DoCarmoLib/Riemannian/TensorBundle/MusicalIso.lean:117:8: `ContinuousLinearMap.smul_apply` has been deprecated: Use `smul_apply` instead

Note: The updated constant is in a different namespace. Dot notation may need to be changed (e.g., from `x.smul_apply` to `smul_apply x`).
warning: DoCarmoLib/Riemannian/TensorBundle/MusicalIso.lean:228:9: `contMDiffOn_finset_sum` has been deprecated: Use `contMDiffOn_finsetSum` instead
warning: DoCarmoLib/Riemannian/TensorBundle/MusicalIso.lean:231:9: `contMDiffOn_finset_prod` has been deprecated: Use `contMDiffOn_finsetProd` instead
warning: DoCarmoLib/Riemannian/TensorBundle/MusicalIso.lean:265:9: `contMDiffOn_finset_sum` has been deprecated: Use `contMDiffOn_finsetSum` instead
warning: DoCarmoLib/Riemannian/TensorBundle/MusicalIso.lean:268:9: `contMDiffOn_finset_prod` has been deprecated: Use `contMDiffOn_finsetProd` instead
warning: DoCarmoLib/Riemannian/TensorBundle/MusicalIso.lean:292:4: Overlapping instance parameters in `chartInvGramMatrix`:

⚠️ `[NormedSpace ℝ E]` and `[InnerProductSpace ℝ E]` can be used to infer conflicting versions of `[SMul ℝ E]`.
💡️ Of these, `[NormedSpace ℝ E]` may be removed.

When a data-carrying type class has multiple potential instances coming from different instance parameters, then these potential instances are incompatible. This is an example of an "instance diamond", which leads to unexpected unification failures.

Delete or combine some of your instance parameters to avoid this.

Note: This linter can be disabled with `set_option linter.overlappingInstances false`
warning: DoCarmoLib/Riemannian/TensorBundle/MusicalIso.lean:399:8: `ContinuousLinearMap.sum_apply` has been deprecated: Use `sum_apply` instead

Note: The updated constant is in a different namespace. Dot notation may need to be changed (e.g., from `x.sum_apply` to `sum_apply x`).
warning: DoCarmoLib/Riemannian/TensorBundle/MusicalIso.lean:410:10: `ContinuousLinearMap.smul_apply` has been deprecated: Use `smul_apply` instead

Note: The updated constant is in a different namespace. Dot notation may need to be changed (e.g., from `x.smul_apply` to `smul_apply x`).
warning: DoCarmoLib/Riemannian/TensorBundle/MusicalIso.lean:555:11: `contMDiffOn_finset_sum` has been deprecated: Use `contMDiffOn_finsetSum` instead
warning: DoCarmoLib/Riemannian/TensorBundle/MusicalIso.lean:597:11: `contMDiffOn_finset_sum` has been deprecated: Use `contMDiffOn_finsetSum` instead
warning: DoCarmoLib/Riemannian/TensorBundle/MusicalIso.lean:671:13: `contMDiffWithinAt_finset_sum` has been deprecated: Use `contMDiffWithinAt_finsetSum` instead
warning: DoCarmoLib/Riemannian/TensorBundle/MusicalIso.lean:711:13: `contMDiffAt_finset_sum` has been deprecated: Use `contMDiffAt_finsetSum` instead
⚠ [3028/3091] Replayed DoCarmoLib.Riemannian.Connection.ChartChristoffel
warning: DoCarmoLib/Riemannian/Connection/ChartChristoffel.lean:38:4: Overlapping instance parameters in `partialDeriv`:

⚠️ `[NormedSpace ℝ E]` and `[InnerProductSpace ℝ E]` can be used to infer conflicting versions of `[SMul ℝ E]`.
💡️ Of these, `[NormedSpace ℝ E]` may be removed.

When a data-carrying type class has multiple potential instances coming from different instance parameters, then these potential instances are incompatible. This is an example of an "instance diamond", which leads to unexpected unification failures.

Delete or combine some of your instance parameters to avoid this.

Note: This linter can be disabled with `set_option linter.overlappingInstances false`
warning: DoCarmoLib/Riemannian/Connection/ChartChristoffel.lean:43:4: Overlapping instance parameters in `chartGramOnE`:

⚠️ `[NormedSpace ℝ E]` and `[InnerProductSpace ℝ E]` can be used to infer conflicting versions of `[SMul ℝ E]`.
💡️ Of these, `[NormedSpace ℝ E]` may be removed.

When a data-carrying type class has multiple potential instances coming from different instance parameters, then these potential instances are incompatible. This is an example of an "instance diamond", which leads to unexpected unification failures.

Delete or combine some of your instance parameters to avoid this.

Note: This linter can be disabled with `set_option linter.overlappingInstances false`
warning: DoCarmoLib/Riemannian/Connection/ChartChristoffel.lean:68:4: Overlapping instance parameters in `chartChristoffel`:

⚠️ `[NormedSpace ℝ E]` and `[InnerProductSpace ℝ E]` can be used to infer conflicting versions of `[SMul ℝ E]`.
💡️ Of these, `[NormedSpace ℝ E]` may be removed.

When a data-carrying type class has multiple potential instances coming from different instance parameters, then these potential instances are incompatible. This is an example of an "instance diamond", which leads to unexpected unification failures.

Delete or combine some of your instance parameters to avoid this.

Note: This linter can be disabled with `set_option linter.overlappingInstances false`
⚠ [3029/3091] Replayed DoCarmoLib.Riemannian.Connection.ChartChristoffelSmooth
warning: DoCarmoLib/Riemannian/Connection/ChartChristoffelSmooth.lean:85:4: Overlapping instance parameters in `chartInvGramOnE`:

⚠️ `[NormedSpace ℝ E]` and `[InnerProductSpace ℝ E]` can be used to infer conflicting versions of `[SMul ℝ E]`.
💡️ Of these, `[NormedSpace ℝ E]` may be removed.

When a data-carrying type class has multiple potential instances coming from different instance parameters, then these potential instances are incompatible. This is an example of an "instance diamond", which leads to unexpected unification failures.

Delete or combine some of your instance parameters to avoid this.

Note: This linter can be disabled with `set_option linter.overlappingInstances false`
⚠ [3030/3091] Replayed DoCarmoLib.Riemannian.Geodesic.Equation
warning: DoCarmoLib/Riemannian/Geodesic/Equation.lean:86:4: Overlapping instance parameters in `chartCoord`:

⚠️ `[NormedSpace ℝ E]` and `[InnerProductSpace ℝ E]` can be used to infer conflicting versions of `[SMul ℝ E]`.
💡️ Of these, `[NormedSpace ℝ E]` may be removed.

When a data-carrying type class has multiple potential instances coming from different instance parameters, then these potential instances are incompatible. This is an example of an "instance diamond", which leads to unexpected unification failures.

Delete or combine some of your instance parameters to avoid this.

Note: This linter can be disabled with `set_option linter.overlappingInstances false`
warning: DoCarmoLib/Riemannian/Geodesic/Equation.lean:113:4: Overlapping instance parameters in `chartChristoffelContraction`:

⚠️ `[NormedSpace ℝ E]` and `[InnerProductSpace ℝ E]` can be used to infer conflicting versions of `[SMul ℝ E]`.
💡️ Of these, `[NormedSpace ℝ E]` may be removed.

When a data-carrying type class has multiple potential instances coming from different instance parameters, then these potential instances are incompatible. This is an example of an "instance diamond", which leads to unexpected unification failures.

Delete or combine some of your instance parameters to avoid this.

Note: This linter can be disabled with `set_option linter.overlappingInstances false`
warning: DoCarmoLib/Riemannian/Geodesic/Equation.lean:262:4: Overlapping instance parameters in `geodesicVectorField`:

⚠️ `[NormedSpace ℝ E]` and `[InnerProductSpace ℝ E]` can be used to infer conflicting versions of `[SMul ℝ E]`.
💡️ Of these, `[NormedSpace ℝ E]` may be removed.

When a data-carrying type class has multiple potential instances coming from different instance parameters, then these potential instances are incompatible. This is an example of an "instance diamond", which leads to unexpected unification failures.

Delete or combine some of your instance parameters to avoid this.

Note: This linter can be disabled with `set_option linter.overlappingInstances false`
warning: DoCarmoLib/Riemannian/Geodesic/Equation.lean:320:4: Overlapping instance parameters in `geodesicSprayCoord`:

⚠️ `[NormedSpace ℝ E]` and `[InnerProductSpace ℝ E]` can be used to infer conflicting versions of `[SMul ℝ E]`.
💡️ Of these, `[NormedSpace ℝ E]` may be removed.

When a data-carrying type class has multiple potential instances coming from different instance parameters, then these potential instances are incompatible. This is an example of an "instance diamond", which leads to unexpected unification failures.

Delete or combine some of your instance parameters to avoid this.

Note: This linter can be disabled with `set_option linter.overlappingInstances false`
warning: DoCarmoLib/Riemannian/Geodesic/Equation.lean:370:4: Overlapping instance parameters in `chartLocalCurve`:

⚠️ `[NormedSpace ℝ E]` and `[InnerProductSpace ℝ E]` can be used to infer conflicting versions of `[SMul ℝ E]`.
💡️ Of these, `[NormedSpace ℝ E]` may be removed.

When a data-carrying type class has multiple potential instances coming from different instance parameters, then these potential instances are incompatible. This is an example of an "instance diamond", which leads to unexpected unification failures.

Delete or combine some of your instance parameters to avoid this.

Note: This linter can be disabled with `set_option linter.overlappingInstances false`
warning: DoCarmoLib/Riemannian/Geodesic/Equation.lean:384:4: Overlapping instance parameters in `HasGeodesicEquationAt`:

⚠️ `[NormedSpace ℝ E]` and `[InnerProductSpace ℝ E]` can be used to infer conflicting versions of `[SMul ℝ E]`.
💡️ Of these, `[NormedSpace ℝ E]` may be removed.

When a data-carrying type class has multiple potential instances coming from different instance parameters, then these potential instances are incompatible. This is an example of an "instance diamond", which leads to unexpected unification failures.

Delete or combine some of your instance parameters to avoid this.

Note: This linter can be disabled with `set_option linter.overlappingInstances false`
warning: DoCarmoLib/Riemannian/Geodesic/Equation.lean:395:4: Overlapping instance parameters in `chartFiberCoord`:

⚠️ `[NormedSpace ℝ E]` and `[InnerProductSpace ℝ E]` can be used to infer conflicting versions of `[SMul ℝ E]`.
💡️ Of these, `[NormedSpace ℝ E]` may be removed.

When a data-carrying type class has multiple potential instances coming from different instance parameters, then these potential instances are incompatible. This is an example of an "instance diamond", which leads to unexpected unification failures.

Delete or combine some of your instance parameters to avoid this.

Note: This linter can be disabled with `set_option linter.overlappingInstances false`
warning: DoCarmoLib/Riemannian/Geodesic/Equation.lean:408:4: Overlapping instance parameters in `geodesicVectorFieldChartFiber`:

⚠️ `[NormedSpace ℝ E]` and `[InnerProductSpace ℝ E]` can be used to infer conflicting versions of `[SMul ℝ E]`.
💡️ Of these, `[NormedSpace ℝ E]` may be removed.

When a data-carrying type class has multiple potential instances coming from different instance parameters, then these potential instances are incompatible. This is an example of an "instance diamond", which leads to unexpected unification failures.

Delete or combine some of your instance parameters to avoid this.

Note: This linter can be disabled with `set_option linter.overlappingInstances false`
warning: DoCarmoLib/Riemannian/Geodesic/Equation.lean:440:4: Overlapping instance parameters in `geodesicVectorFieldChart`:

⚠️ `[NormedSpace ℝ E]` and `[InnerProductSpace ℝ E]` can be used to infer conflicting versions of `[SMul ℝ E]`.
💡️ Of these, `[NormedSpace ℝ E]` may be removed.

When a data-carrying type class has multiple potential instances coming from different instance parameters, then these potential instances are incompatible. This is an example of an "instance diamond", which leads to unexpected unification failures.

Delete or combine some of your instance parameters to avoid this.

Note: This linter can be disabled with `set_option linter.overlappingInstances false`
warning: DoCarmoLib/Riemannian/Geodesic/Equation.lean:449:4: Overlapping instance parameters in `geodesicChartDomain`:

⚠️ `[NormedSpace ℝ E]` and `[InnerProductSpace ℝ E]` can be used to infer conflicting versions of `[SMul ℝ E]`.
💡️ Of these, `[NormedSpace ℝ E]` may be removed.

When a data-carrying type class has multiple potential instances coming from different instance parameters, then these potential instances are incompatible. This is an example of an "instance diamond", which leads to unexpected unification failures.

Delete or combine some of your instance parameters to avoid this.

Note: This linter can be disabled with `set_option linter.overlappingInstances false`
warning: DoCarmoLib/Riemannian/Geodesic/Equation.lean:539:4: Overlapping instance parameters in `IsGeodesicAt`:

⚠️ `[NormedSpace ℝ E]` and `[InnerProductSpace ℝ E]` can be used to infer conflicting versions of `[SMul ℝ E]`.
💡️ Of these, `[NormedSpace ℝ E]` may be removed.

When a data-carrying type class has multiple potential instances coming from different instance parameters, then these potential instances are incompatible. This is an example of an "instance diamond", which leads to unexpected unification failures.

Delete or combine some of your instance parameters to avoid this.

Note: This linter can be disabled with `set_option linter.overlappingInstances false`
warning: DoCarmoLib/Riemannian/Geodesic/Equation.lean:551:4: Overlapping instance parameters in `IsGeodesic`:

⚠️ `[NormedSpace ℝ E]` and `[InnerProductSpace ℝ E]` can be used to infer conflicting versions of `[SMul ℝ E]`.
💡️ Of these, `[NormedSpace ℝ E]` may be removed.

When a data-carrying type class has multiple potential instances coming from different instance parameters, then these potential instances are incompatible. This is an example of an "instance diamond", which leads to unexpected unification failures.

Delete or combine some of your instance parameters to avoid this.

Note: This linter can be disabled with `set_option linter.overlappingInstances false`
warning: DoCarmoLib/Riemannian/Geodesic/Equation.lean:565:4: Overlapping instance parameters in `IsGeodesicOn`:

⚠️ `[NormedSpace ℝ E]` and `[InnerProductSpace ℝ E]` can be used to infer conflicting versions of `[SMul ℝ E]`.
💡️ Of these, `[NormedSpace ℝ E]` may be removed.

When a data-carrying type class has multiple potential instances coming from different instance parameters, then these potential instances are incompatible. This is an example of an "instance diamond", which leads to unexpected unification failures.

Delete or combine some of your instance parameters to avoid this.

Note: This linter can be disabled with `set_option linter.overlappingInstances false`
warning: DoCarmoLib/Riemannian/Geodesic/Equation.lean:573:4: Overlapping instance parameters in `IsGeodesicCurve`:

⚠️ `[NormedSpace ℝ E]` and `[InnerProductSpace ℝ E]` can be used to infer conflicting versions of `[SMul ℝ E]`.
💡️ Of these, `[NormedSpace ℝ E]` may be removed.

When a data-carrying type class has multiple potential instances coming from different instance parameters, then these potential instances are incompatible. This is an example of an "instance diamond", which leads to unexpected unification failures.

Delete or combine some of your instance parameters to avoid this.

Note: This linter can be disabled with `set_option linter.overlappingInstances false`
warning: DoCarmoLib/Riemannian/Geodesic/Equation.lean:577:4: Overlapping instance parameters in `IsGeodesicCurveOn`:

⚠️ `[NormedSpace ℝ E]` and `[InnerProductSpace ℝ E]` can be used to infer conflicting versions of `[SMul ℝ E]`.
💡️ Of these, `[NormedSpace ℝ E]` may be removed.

When a data-carrying type class has multiple potential instances coming from different instance parameters, then these potential instances are incompatible. This is an example of an "instance diamond", which leads to unexpected unification failures.

Delete or combine some of your instance parameters to avoid this.

Note: This linter can be disabled with `set_option linter.overlappingInstances false`
warning: DoCarmoLib/Riemannian/Geodesic/Equation.lean:1046:17: Overlapping instance parameters in `trivializationAt_tangent_tangent_isAtlas`:

⚠️ `[NormedSpace ℝ E]` and `[InnerProductSpace ℝ E]` can be used to infer conflicting versions of `[SMul ℝ E]`.
💡️ Of these, `[NormedSpace ℝ E]` may be removed.

When a data-carrying type class has multiple potential instances coming from different instance parameters, then these potential instances are incompatible. This is an example of an "instance diamond", which leads to unexpected unification failures.

Delete or combine some of your instance parameters to avoid this.

Note: This linter can be disabled with `set_option linter.overlappingInstances false`
⚠ [3049/3091] Replayed DoCarmoLib.Riemannian.Manifold.DoCarmoCh2
warning: DoCarmoLib/Riemannian/Manifold/DoCarmoCh2.lean:792:4: `ContinuousLinearMap.smul_apply` has been deprecated: Use `smul_apply` instead

Note: The updated constant is in a different namespace. Dot notation may need to be changed (e.g., from `x.smul_apply` to `smul_apply x`).
warning: DoCarmoLib/Riemannian/Manifold/DoCarmoCh2.lean:1163:13: `ContinuousLinearMap.smul_apply` has been deprecated: Use `smul_apply` instead

Note: The updated constant is in a different namespace. Dot notation may need to be changed (e.g., from `x.smul_apply` to `smul_apply x`).
warning: DoCarmoLib/Riemannian/Manifold/DoCarmoCh2.lean:1135:8: Overlapping instance parameters in `RiemannianMetric.koszulDualSection_contMDiffAt`:

⚠️ `[NormedSpace ℝ E]` and `[InnerProductSpace ℝ E]` can be used to infer conflicting versions of `[SMul ℝ E]`.
💡️ Of these, `[NormedSpace ℝ E]` may be removed.

When a data-carrying type class has multiple potential instances coming from different instance parameters, then these potential instances are incompatible. This is an example of an "instance diamond", which leads to unexpected unification failures.

Delete or combine some of your instance parameters to avoid this.

Note: This linter can be disabled with `set_option linter.overlappingInstances false`
warning: DoCarmoLib/Riemannian/Manifold/DoCarmoCh2.lean:1170:18: Overlapping instance parameters in `RiemannianMetric.leviCivitaCovField`:

⚠️ `[NormedSpace ℝ E]` and `[InnerProductSpace ℝ E]` can be used to infer conflicting versions of `[SMul ℝ E]`.
💡️ Of these, `[NormedSpace ℝ E]` may be removed.

When a data-carrying type class has multiple potential instances coming from different instance parameters, then these potential instances are incompatible. This is an example of an "instance diamond", which leads to unexpected unification failures.

Delete or combine some of your instance parameters to avoid this.

Note: This linter can be disabled with `set_option linter.overlappingInstances false`
warning: DoCarmoLib/Riemannian/Manifold/DoCarmoCh2.lean:1177:16: Overlapping instance parameters in `RiemannianMetric.leviCivitaCovField_apply`:

⚠️ `[NormedSpace ℝ E]` and `[InnerProductSpace ℝ E]` can be used to infer conflicting versions of `[SMul ℝ E]`.
💡️ Of these, `[NormedSpace ℝ E]` may be removed.

When a data-carrying type class has multiple potential instances coming from different instance parameters, then these potential instances are incompatible. This is an example of an "instance diamond", which leads to unexpected unification failures.

Delete or combine some of your instance parameters to avoid this.

Note: This linter can be disabled with `set_option linter.overlappingInstances false`
warning: DoCarmoLib/Riemannian/Manifold/DoCarmoCh2.lean:1191:18: Overlapping instance parameters in `RiemannianMetric.leviCivitaConnection`:

⚠️ `[NormedSpace ℝ E]` and `[InnerProductSpace ℝ E]` can be used to infer conflicting versions of `[SMul ℝ E]`.
💡️ Of these, `[NormedSpace ℝ E]` may be removed.

When a data-carrying type class has multiple potential instances coming from different instance parameters, then these potential instances are incompatible. This is an example of an "instance diamond", which leads to unexpected unification failures.

Delete or combine some of your instance parameters to avoid this.

Note: This linter can be disabled with `set_option linter.overlappingInstances false`
warning: DoCarmoLib/Riemannian/Manifold/DoCarmoCh2.lean:1269:8: Overlapping instance parameters in `RiemannianMetric.exists_unique_isLeviCivita`:

⚠️ `[NormedSpace ℝ E]` and `[InnerProductSpace ℝ E]` can be used to infer conflicting versions of `[SMul ℝ E]`.
💡️ Of these, `[NormedSpace ℝ E]` may be removed.

When a data-carrying type class has multiple potential instances coming from different instance parameters, then these potential instances are incompatible. This is an example of an "instance diamond", which leads to unexpected unification failures.

Delete or combine some of your instance parameters to avoid this.

Note: This linter can be disabled with `set_option linter.overlappingInstances false`
⚠ [3052/3091] Replayed DoCarmoLib.Riemannian.Connection.ChristoffelBridge
warning: DoCarmoLib/Riemannian/Connection/ChristoffelBridge.lean:78:8: Overlapping instance parameters in `christoffel_bridge_inner`:

⚠️ `[NormedSpace ℝ E]` and `[InnerProductSpace ℝ E]` can be used to infer conflicting versions of `[SMul ℝ E]`.
💡️ Of these, `[NormedSpace ℝ E]` may be removed.

When a data-carrying type class has multiple potential instances coming from different instance parameters, then these potential instances are incompatible. This is an example of an "instance diamond", which leads to unexpected unification failures.

Delete or combine some of your instance parameters to avoid this.

Note: This linter can be disabled with `set_option linter.overlappingInstances false`
warning: DoCarmoLib/Riemannian/Connection/ChristoffelBridge.lean:134:8: Overlapping instance parameters in `christoffel_bridge_vector`:

⚠️ `[NormedSpace ℝ E]` and `[InnerProductSpace ℝ E]` can be used to infer conflicting versions of `[SMul ℝ E]`.
💡️ Of these, `[NormedSpace ℝ E]` may be removed.

When a data-carrying type class has multiple potential instances coming from different instance parameters, then these potential instances are incompatible. This is an example of an "instance diamond", which leads to unexpected unification failures.

Delete or combine some of your instance parameters to avoid this.

Note: This linter can be disabled with `set_option linter.overlappingInstances false`
⚠ [3054/3091] Replayed DoCarmoLib.Riemannian.Geodesic.CovariantDerivative
warning: DoCarmoLib/Riemannian/Geodesic/CovariantDerivative.lean:51:4: Overlapping instance parameters in `covariantDerivCoord`:

⚠️ `[NormedSpace ℝ E]` and `[InnerProductSpace ℝ E]` can be used to infer conflicting versions of `[SMul ℝ E]`.
💡️ Of these, `[NormedSpace ℝ E]` may be removed.

When a data-carrying type class has multiple potential instances coming from different instance parameters, then these potential instances are incompatible. This is an example of an "instance diamond", which leads to unexpected unification failures.

Delete or combine some of your instance parameters to avoid this.

Note: This linter can be disabled with `set_option linter.overlappingInstances false`
warning: DoCarmoLib/Riemannian/Geodesic/CovariantDerivative.lean:88:4: Overlapping instance parameters in `IsParallelCoord`:

⚠️ `[NormedSpace ℝ E]` and `[InnerProductSpace ℝ E]` can be used to infer conflicting versions of `[SMul ℝ E]`.
💡️ Of these, `[NormedSpace ℝ E]` may be removed.

When a data-carrying type class has multiple potential instances coming from different instance parameters, then these potential instances are incompatible. This is an example of an "instance diamond", which leads to unexpected unification failures.

Delete or combine some of your instance parameters to avoid this.

Note: This linter can be disabled with `set_option linter.overlappingInstances false`
warning: DoCarmoLib/Riemannian/Geodesic/CovariantDerivative.lean:125:4: Overlapping instance parameters in `chartChristoffelContractionRight`:

⚠️ `[NormedSpace ℝ E]` and `[InnerProductSpace ℝ E]` can be used to infer conflicting versions of `[SMul ℝ E]`.
💡️ Of these, `[NormedSpace ℝ E]` may be removed.

When a data-carrying type class has multiple potential instances coming from different instance parameters, then these potential instances are incompatible. This is an example of an "instance diamond", which leads to unexpected unification failures.

Delete or combine some of your instance parameters to avoid this.

Note: This linter can be disabled with `set_option linter.overlappingInstances false`
warning: DoCarmoLib/Riemannian/Geodesic/CovariantDerivative.lean:219:11: `ContinuousLinearMap.neg_apply` has been deprecated: Use `neg_apply` instead

Note: The updated constant is in a different namespace. Dot notation may need to be changed (e.g., from `x.neg_apply` to `neg_apply x`).
warning: DoCarmoLib/Riemannian/Geodesic/CovariantDerivative.lean:249:26: `ContinuousLinearMap.neg_apply` has been deprecated: Use `neg_apply` instead

Note: The updated constant is in a different namespace. Dot notation may need to be changed (e.g., from `x.neg_apply` to `neg_apply x`).
warning: DoCarmoLib/Riemannian/Geodesic/CovariantDerivative.lean:255:26: `ContinuousLinearMap.neg_apply` has been deprecated: Use `neg_apply` instead

Note: The updated constant is in a different namespace. Dot notation may need to be changed (e.g., from `x.neg_apply` to `neg_apply x`).
warning: DoCarmoLib/Riemannian/Geodesic/CovariantDerivative.lean:266:18: Overlapping instance parameters in `parallelTransport`:

⚠️ `[NormedSpace ℝ E]` and `[InnerProductSpace ℝ E]` can be used to infer conflicting versions of `[SMul ℝ E]`.
💡️ Of these, `[NormedSpace ℝ E]` may be removed.

When a data-carrying type class has multiple potential instances coming from different instance parameters, then these potential instances are incompatible. This is an example of an "instance diamond", which leads to unexpected unification failures.

Delete or combine some of your instance parameters to avoid this.

Note: This linter can be disabled with `set_option linter.overlappingInstances false`
warning: DoCarmoLib/Riemannian/Geodesic/CovariantDerivative.lean:306:24: `ContinuousLinearMap.neg_apply` has been deprecated: Use `neg_apply` instead

Note: The updated constant is in a different namespace. Dot notation may need to be changed (e.g., from `x.neg_apply` to `neg_apply x`).
warning: DoCarmoLib/Riemannian/Geodesic/CovariantDerivative.lean:316:4: Overlapping instance parameters in `chartCovariantDeriv`:

⚠️ `[NormedSpace ℝ E]` and `[InnerProductSpace ℝ E]` can be used to infer conflicting versions of `[SMul ℝ E]`.
💡️ Of these, `[NormedSpace ℝ E]` may be removed.

When a data-carrying type class has multiple potential instances coming from different instance parameters, then these potential instances are incompatible. This is an example of an "instance diamond", which leads to unexpected unification failures.

Delete or combine some of your instance parameters to avoid this.

Note: This linter can be disabled with `set_option linter.overlappingInstances false`
warning: DoCarmoLib/Riemannian/Geodesic/CovariantDerivative.lean:378:18: Overlapping instance parameters in `Geodesic.chartCoordFunctional`:

⚠️ `[NormedSpace ℝ E]` and `[InnerProductSpace ℝ E]` can be used to infer conflicting versions of `[SMul ℝ E]`.
💡️ Of these, `[NormedSpace ℝ E]` may be removed.

When a data-carrying type class has multiple potential instances coming from different instance parameters, then these potential instances are incompatible. This is an example of an "instance diamond", which leads to unexpected unification failures.

Delete or combine some of your instance parameters to avoid this.

Note: This linter can be disabled with `set_option linter.overlappingInstances false`
warning: DoCarmoLib/Riemannian/Geodesic/CovariantDerivative.lean:391:4: Overlapping instance parameters in `chartMetricInner`:

⚠️ `[NormedSpace ℝ E]` and `[InnerProductSpace ℝ E]` can be used to infer conflicting versions of `[SMul ℝ E]`.
💡️ Of these, `[NormedSpace ℝ E]` may be removed.

When a data-carrying type class has multiple potential instances coming from different instance parameters, then these potential instances are incompatible. This is an example of an "instance diamond", which leads to unexpected unification failures.

Delete or combine some of your instance parameters to avoid this.

Note: This linter can be disabled with `set_option linter.overlappingInstances false`
warning: DoCarmoLib/Riemannian/Geodesic/CovariantDerivative.lean:768:6: `ContinuousLinearMap.zero_apply` has been deprecated: Use `zero_apply` instead

Note: The updated constant is in a different namespace. Dot notation may need to be changed (e.g., from `x.zero_apply` to `zero_apply x`).
warning: DoCarmoLib/Riemannian/Geodesic/CovariantDerivative.lean:823:4: Overlapping instance parameters in `IsMetricCompatibleCoord`:

⚠️ `[NormedSpace ℝ E]` and `[InnerProductSpace ℝ E]` can be used to infer conflicting versions of `[SMul ℝ E]`.
💡️ Of these, `[NormedSpace ℝ E]` may be removed.

When a data-carrying type class has multiple potential instances coming from different instance parameters, then these potential instances are incompatible. This is an example of an "instance diamond", which leads to unexpected unification failures.

Delete or combine some of your instance parameters to avoid this.

Note: This linter can be disabled with `set_option linter.overlappingInstances false`
warning: DoCarmoLib/Riemannian/Geodesic/CovariantDerivative.lean:843:4: Overlapping instance parameters in `covDerivGen`:

⚠️ `[NormedSpace ℝ E]` and `[InnerProductSpace ℝ E]` can be used to infer conflicting versions of `[SMul ℝ E]`.
💡️ Of these, `[NormedSpace ℝ E]` may be removed.

When a data-carrying type class has multiple potential instances coming from different instance parameters, then these potential instances are incompatible. This is an example of an "instance diamond", which leads to unexpected unification failures.

Delete or combine some of your instance parameters to avoid this.

Note: This linter can be disabled with `set_option linter.overlappingInstances false`
warning: DoCarmoLib/Riemannian/Geodesic/CovariantDerivative.lean:847:4: Overlapping instance parameters in `IsParallelGen`:

⚠️ `[NormedSpace ℝ E]` and `[InnerProductSpace ℝ E]` can be used to infer conflicting versions of `[SMul ℝ E]`.
💡️ Of these, `[NormedSpace ℝ E]` may be removed.

When a data-carrying type class has multiple potential instances coming from different instance parameters, then these potential instances are incompatible. This is an example of an "instance diamond", which leads to unexpected unification failures.

Delete or combine some of your instance parameters to avoid this.

Note: This linter can be disabled with `set_option linter.overlappingInstances false`
warning: DoCarmoLib/Riemannian/Geodesic/CovariantDerivative.lean:852:4: Overlapping instance parameters in `CompatibleGen`:

⚠️ `[NormedSpace ℝ E]` and `[InnerProductSpace ℝ E]` can be used to infer conflicting versions of `[SMul ℝ E]`.
💡️ Of these, `[NormedSpace ℝ E]` may be removed.

When a data-carrying type class has multiple potential instances coming from different instance parameters, then these potential instances are incompatible. This is an example of an "instance diamond", which leads to unexpected unification failures.

Delete or combine some of your instance parameters to avoid this.

Note: This linter can be disabled with `set_option linter.overlappingInstances false`
warning: DoCarmoLib/Riemannian/Geodesic/CovariantDerivative.lean:859:4: Overlapping instance parameters in `ProductRuleGen`:

⚠️ `[NormedSpace ℝ E]` and `[InnerProductSpace ℝ E]` can be used to infer conflicting versions of `[SMul ℝ E]`.
💡️ Of these, `[NormedSpace ℝ E]` may be removed.

When a data-carrying type class has multiple potential instances coming from different instance parameters, then these potential instances are incompatible. This is an example of an "instance diamond", which leads to unexpected unification failures.

Delete or combine some of your instance parameters to avoid this.

Note: This linter can be disabled with `set_option linter.overlappingInstances false`
warning: DoCarmoLib/Riemannian/Geodesic/CovariantDerivative.lean:875:14: `ContinuousLinearMap.add_apply` has been deprecated: Use `add_apply` instead

Note: The updated constant is in a different namespace. Dot notation may need to be changed (e.g., from `x.add_apply` to `add_apply x`).
warning: DoCarmoLib/Riemannian/Geodesic/CovariantDerivative.lean:880:4: Overlapping instance parameters in `PointwiseCompatGen`:

⚠️ `[NormedSpace ℝ E]` and `[InnerProductSpace ℝ E]` can be used to infer conflicting versions of `[SMul ℝ E]`.
💡️ Of these, `[NormedSpace ℝ E]` may be removed.

When a data-carrying type class has multiple potential instances coming from different instance parameters, then these potential instances are incompatible. This is an example of an "instance diamond", which leads to unexpected unification failures.

Delete or combine some of your instance parameters to avoid this.

Note: This linter can be disabled with `set_option linter.overlappingInstances false`
warning: DoCarmoLib/Riemannian/Geodesic/CovariantDerivative.lean:905:36: `ContinuousLinearMap.zero_apply` has been deprecated: Use `zero_apply` instead

Note: The updated constant is in a different namespace. Dot notation may need to be changed (e.g., from `x.zero_apply` to `zero_apply x`).
warning: DoCarmoLib/Riemannian/Geodesic/CovariantDerivative.lean:911:37: `ContinuousLinearMap.add_apply` has been deprecated: Use `add_apply` instead

Note: The updated constant is in a different namespace. Dot notation may need to be changed (e.g., from `x.add_apply` to `add_apply x`).
warning: DoCarmoLib/Riemannian/Geodesic/CovariantDerivative.lean:940:24: `ContinuousLinearMap.neg_apply` has been deprecated: Use `neg_apply` instead

Note: The updated constant is in a different namespace. Dot notation may need to be changed (e.g., from `x.neg_apply` to `neg_apply x`).
warning: DoCarmoLib/Riemannian/Geodesic/CovariantDerivative.lean:953:26: `ContinuousLinearMap.neg_apply` has been deprecated: Use `neg_apply` instead

Note: The updated constant is in a different namespace. Dot notation may need to be changed (e.g., from `x.neg_apply` to `neg_apply x`).
⚠ [3055/3091] Replayed DoCarmoLib.Riemannian.Geodesic.FiberScaling
warning: DoCarmoLib/Riemannian/Geodesic/FiberScaling.lean:63:4: Overlapping instance parameters in `fiberScaling`:

⚠️ `[NormedSpace ℝ E]` and `[InnerProductSpace ℝ E]` can be used to infer conflicting versions of `[SMul ℝ E]`.
💡️ Of these, `[NormedSpace ℝ E]` may be removed.

When a data-carrying type class has multiple potential instances coming from different instance parameters, then these potential instances are incompatible. This is an example of an "instance diamond", which leads to unexpected unification failures.

Delete or combine some of your instance parameters to avoid this.

Note: This linter can be disabled with `set_option linter.overlappingInstances false`
warning: DoCarmoLib/Riemannian/Geodesic/FiberScaling.lean:239:4: Overlapping instance parameters in `fiberScalingLinearMap`:

⚠️ `[NormedSpace ℝ E]` and `[InnerProductSpace ℝ E]` can be used to infer conflicting versions of `[SMul ℝ E]`.
💡️ Of these, `[NormedSpace ℝ E]` may be removed.

When a data-carrying type class has multiple potential instances coming from different instance parameters, then these potential instances are incompatible. This is an example of an "instance diamond", which leads to unexpected unification failures.

Delete or combine some of your instance parameters to avoid this.

Note: This linter can be disabled with `set_option linter.overlappingInstances false`
⚠ [3057/3091] Replayed DoCarmoLib.Riemannian.Geodesic.Existence
warning: DoCarmoLib/Riemannian/Geodesic/Existence.lean:86:4: Overlapping instance parameters in `projectCurve`:

⚠️ `[NormedSpace ℝ E]` and `[InnerProductSpace ℝ E]` can be used to infer conflicting versions of `[SMul ℝ E]`.
💡️ Of these, `[NormedSpace ℝ E]` may be removed.

When a data-carrying type class has multiple potential instances coming from different instance parameters, then these potential instances are incompatible. This is an example of an "instance diamond", which leads to unexpected unification failures.

Delete or combine some of your instance parameters to avoid this.

Note: This linter can be disabled with `set_option linter.overlappingInstances false`
⚠ [3059/3091] Replayed DoCarmoLib.Riemannian.Geodesic.MaximalInterval
warning: DoCarmoLib/Riemannian/Geodesic/MaximalInterval.lean:82:4: Overlapping instance parameters in `IsGeodesicOnWithInitial`:

⚠️ `[NormedSpace ℝ E]` and `[InnerProductSpace ℝ E]` can be used to infer conflicting versions of `[SMul ℝ E]`.
💡️ Of these, `[NormedSpace ℝ E]` may be removed.

When a data-carrying type class has multiple potential instances coming from different instance parameters, then these potential instances are incompatible. This is an example of an "instance diamond", which leads to unexpected unification failures.

Delete or combine some of your instance parameters to avoid this.

Note: This linter can be disabled with `set_option linter.overlappingInstances false`
warning: DoCarmoLib/Riemannian/Geodesic/MaximalInterval.lean:143:4: Overlapping instance parameters in `MaximalGeodesicWitness`:

⚠️ `[NormedSpace ℝ E]` and `[InnerProductSpace ℝ E]` can be used to infer conflicting versions of `[SMul ℝ E]`.
💡️ Of these, `[NormedSpace ℝ E]` may be removed.

When a data-carrying type class has multiple potential instances coming from different instance parameters, then these potential instances are incompatible. This is an example of an "instance diamond", which leads to unexpected unification failures.

Delete or combine some of your instance parameters to avoid this.

Note: This linter can be disabled with `set_option linter.overlappingInstances false`
warning: DoCarmoLib/Riemannian/Geodesic/MaximalInterval.lean:153:4: Overlapping instance parameters in `maximalGeodesicInterval`:

⚠️ `[NormedSpace ℝ E]` and `[InnerProductSpace ℝ E]` can be used to infer conflicting versions of `[SMul ℝ E]`.
💡️ Of these, `[NormedSpace ℝ E]` may be removed.

When a data-carrying type class has multiple potential instances coming from different instance parameters, then these potential instances are incompatible. This is an example of an "instance diamond", which leads to unexpected unification failures.

Delete or combine some of your instance parameters to avoid this.

Note: This linter can be disabled with `set_option linter.overlappingInstances false`
warning: DoCarmoLib/Riemannian/Geodesic/MaximalInterval.lean:223:4: Overlapping instance parameters in `maximalGeodesicChosenCurve`:

⚠️ `[NormedSpace ℝ E]` and `[InnerProductSpace ℝ E]` can be used to infer conflicting versions of `[SMul ℝ E]`.
💡️ Of these, `[NormedSpace ℝ E]` may be removed.

When a data-carrying type class has multiple potential instances coming from different instance parameters, then these potential instances are incompatible. This is an example of an "instance diamond", which leads to unexpected unification failures.

Delete or combine some of your instance parameters to avoid this.

Note: This linter can be disabled with `set_option linter.overlappingInstances false`
warning: DoCarmoLib/Riemannian/Geodesic/MaximalInterval.lean:242:4: Overlapping instance parameters in `maximalGeodesic`:

⚠️ `[NormedSpace ℝ E]` and `[InnerProductSpace ℝ E]` can be used to infer conflicting versions of `[SMul ℝ E]`.
💡️ Of these, `[NormedSpace ℝ E]` may be removed.

When a data-carrying type class has multiple potential instances coming from different instance parameters, then these potential instances are incompatible. This is an example of an "instance diamond", which leads to unexpected unification failures.

Delete or combine some of your instance parameters to avoid this.

Note: This linter can be disabled with `set_option linter.overlappingInstances false`
⚠ [3064/3091] Replayed MorganTianLib.Ch01.ChartCurvature
warning: MorganTianLib/Ch01/ChartCurvature.lean:62:4: Overlapping instance parameters in `chartChristoffelBilin`:

⚠️ `[NormedSpace ℝ E]` and `[InnerProductSpace ℝ E]` can be used to infer conflicting versions of `[SMul ℝ E]`.
💡️ Of these, `[NormedSpace ℝ E]` may be removed.
⚠️ `[Module.Finite ℝ E]` and `[FiniteDimensional ℝ E]` each imply `[Module.Finite ℝ E]`.
💡️ Of these, `[Module.Finite ℝ E]` and `[FiniteDimensional ℝ E]` may be removed.

When a data-carrying type class has multiple potential instances coming from different instance parameters, then these potential instances are incompatible. This is an example of an "instance diamond", which leads to unexpected unification failures.

Delete or combine some of your instance parameters to avoid this.

Note: This linter can be disabled with `set_option linter.overlappingInstances false`
warning: MorganTianLib/Ch01/ChartCurvature.lean:76:4: `ContinuousLinearMap.sum_apply` has been deprecated: Use `sum_apply` instead

Note: The updated constant is in a different namespace. Dot notation may need to be changed (e.g., from `x.sum_apply` to `sum_apply x`).
warning: MorganTianLib/Ch01/ChartCurvature.lean:77:4: `ContinuousLinearMap.smul_apply` has been deprecated: Use `smul_apply` instead

Note: The updated constant is in a different namespace. Dot notation may need to be changed (e.g., from `x.smul_apply` to `smul_apply x`).
warning: MorganTianLib/Ch01/ChartCurvature.lean:71:8: Overlapping instance parameters in `chartChristoffelBilin_apply`:

⚠️ `[NormedSpace ℝ E]` and `[InnerProductSpace ℝ E]` can be used to infer conflicting versions of `[SMul ℝ E]`.
💡️ Of these, `[NormedSpace ℝ E]` may be removed.
⚠️ `[Module.Finite ℝ E]` and `[FiniteDimensional ℝ E]` each imply `[Module.Finite ℝ E]`.
💡️ Of these, `[Module.Finite ℝ E]` and `[FiniteDimensional ℝ E]` may be removed.

When a data-carrying type class has multiple potential instances coming from different instance parameters, then these potential instances are incompatible. This is an example of an "instance diamond", which leads to unexpected unification failures.

Delete or combine some of your instance parameters to avoid this.

Note: This linter can be disabled with `set_option linter.overlappingInstances false`
warning: MorganTianLib/Ch01/ChartCurvature.lean:89:8: Overlapping instance parameters in `chartChristoffelBilin_symm`:

⚠️ `[NormedSpace ℝ E]` and `[InnerProductSpace ℝ E]` can be used to infer conflicting versions of `[SMul ℝ E]`.
💡️ Of these, `[NormedSpace ℝ E]` may be removed.
⚠️ `[Module.Finite ℝ E]` and `[FiniteDimensional ℝ E]` each imply `[Module.Finite ℝ E]`.
💡️ Of these, `[Module.Finite ℝ E]` and `[FiniteDimensional ℝ E]` may be removed.

When a data-carrying type class has multiple potential instances coming from different instance parameters, then these potential instances are incompatible. This is an example of an "instance diamond", which leads to unexpected unification failures.

Delete or combine some of your instance parameters to avoid this.

Note: This linter can be disabled with `set_option linter.overlappingInstances false`
warning: MorganTianLib/Ch01/ChartCurvature.lean:100:8: Overlapping instance parameters in `contDiffOn_chartChristoffelBilin`:

⚠️ `[NormedSpace ℝ E]` and `[InnerProductSpace ℝ E]` can be used to infer conflicting versions of `[SMul ℝ E]`.
💡️ Of these, `[NormedSpace ℝ E]` may be removed.
⚠️ `[Module.Finite ℝ E]` and `[FiniteDimensional ℝ E]` each imply `[Module.Finite ℝ E]`.
💡️ Of these, `[Module.Finite ℝ E]` and `[FiniteDimensional ℝ E]` may be removed.

When a data-carrying type class has multiple potential instances coming from different instance parameters, then these potential instances are incompatible. This is an example of an "instance diamond", which leads to unexpected unification failures.

Delete or combine some of your instance parameters to avoid this.

Note: This linter can be disabled with `set_option linter.overlappingInstances false`
warning: MorganTianLib/Ch01/ChartCurvature.lean:115:8: Overlapping instance parameters in `differentiableAt_chartChristoffelBilin`:

⚠️ `[NormedSpace ℝ E]` and `[InnerProductSpace ℝ E]` can be used to infer conflicting versions of `[SMul ℝ E]`.
💡️ Of these, `[NormedSpace ℝ E]` may be removed.
⚠️ `[Module.Finite ℝ E]` and `[FiniteDimensional ℝ E]` each imply `[Module.Finite ℝ E]`.
💡️ Of these, `[Module.Finite ℝ E]` and `[FiniteDimensional ℝ E]` may be removed.

When a data-carrying type class has multiple potential instances coming from different instance parameters, then these potential instances are incompatible. This is an example of an "instance diamond", which leads to unexpected unification failures.

Delete or combine some of your instance parameters to avoid this.

Note: This linter can be disabled with `set_option linter.overlappingInstances false`
warning: MorganTianLib/Ch01/ChartCurvature.lean:131:4: Overlapping instance parameters in `chartCurvature`:

⚠️ `[NormedSpace ℝ E]` and `[InnerProductSpace ℝ E]` can be used to infer conflicting versions of `[SMul ℝ E]`.
💡️ Of these, `[NormedSpace ℝ E]` may be removed.
⚠️ `[Module.Finite ℝ E]` and `[FiniteDimensional ℝ E]` each imply `[Module.Finite ℝ E]`.
💡️ Of these, `[Module.Finite ℝ E]` and `[FiniteDimensional ℝ E]` may be removed.

When a data-carrying type class has multiple potential instances coming from different instance parameters, then these potential instances are incompatible. This is an example of an "instance diamond", which leads to unexpected unification failures.

Delete or combine some of your instance parameters to avoid this.

Note: This linter can be disabled with `set_option linter.overlappingInstances false`
warning: MorganTianLib/Ch01/ChartCurvature.lean:134:8: Overlapping instance parameters in `chartCurvature_def`:

⚠️ `[NormedSpace ℝ E]` and `[InnerProductSpace ℝ E]` can be used to infer conflicting versions of `[SMul ℝ E]`.
💡️ Of these, `[NormedSpace ℝ E]` may be removed.
⚠️ `[Module.Finite ℝ E]` and `[FiniteDimensional ℝ E]` each imply `[Module.Finite ℝ E]`.
💡️ Of these, `[Module.Finite ℝ E]` and `[FiniteDimensional ℝ E]` may be removed.

When a data-carrying type class has multiple potential instances coming from different instance parameters, then these potential instances are incompatible. This is an example of an "instance diamond", which leads to unexpected unification failures.

Delete or combine some of your instance parameters to avoid this.

Note: This linter can be disabled with `set_option linter.overlappingInstances false`
warning: MorganTianLib/Ch01/ChartCurvature.lean:143:8: Overlapping instance parameters in `covDerivAlong_chartChristoffelBilin_eq`:

⚠️ `[NormedSpace ℝ E]` and `[InnerProductSpace ℝ E]` can be used to infer conflicting versions of `[SMul ℝ E]`.
💡️ Of these, `[NormedSpace ℝ E]` may be removed.
⚠️ `[Module.Finite ℝ E]` and `[FiniteDimensional ℝ E]` each imply `[Module.Finite ℝ E]`.
💡️ Of these, `[Module.Finite ℝ E]` and `[FiniteDimensional ℝ E]` may be removed.

When a data-carrying type class has multiple potential instances coming from different instance parameters, then these potential instances are incompatible. This is an example of an "instance diamond", which leads to unexpected unification failures.

Delete or combine some of your instance parameters to avoid this.

Note: This linter can be disabled with `set_option linter.overlappingInstances false`
warning: MorganTianLib/Ch01/ChartCurvature.lean:159:8: Overlapping instance parameters in `chart_geodesic_family_jacobi`:

⚠️ `[NormedSpace ℝ E]` and `[InnerProductSpace ℝ E]` can be used to infer conflicting versions of `[SMul ℝ E]`.
💡️ Of these, `[NormedSpace ℝ E]` may be removed.
⚠️ `[Module.Finite ℝ E]` and `[FiniteDimensional ℝ E]` each imply `[Module.Finite ℝ E]`.
💡️ Of these, `[Module.Finite ℝ E]` and `[FiniteDimensional ℝ E]` may be removed.

When a data-carrying type class has multiple potential instances coming from different instance parameters, then these potential instances are incompatible. This is an example of an "instance diamond", which leads to unexpected unification failures.

Delete or combine some of your instance parameters to avoid this.

Note: This linter can be disabled with `set_option linter.overlappingInstances false`
⚠ [3065/3091] Replayed MorganTianLib.Ch01.JacobiField
warning: MorganTianLib/Ch01/JacobiField.lean:69:4: `ContinuousLinearMap.add_apply` has been deprecated: Use `add_apply` instead

Note: The updated constant is in a different namespace. Dot notation may need to be changed (e.g., from `x.add_apply` to `add_apply x`).
warning: MorganTianLib/Ch01/JacobiField.lean:63:8: Overlapping instance parameters in `chartCurvature_add_left`:

⚠️ `[NormedSpace ℝ E]` and `[InnerProductSpace ℝ E]` can be used to infer conflicting versions of `[SMul ℝ E]`.
💡️ Of these, `[NormedSpace ℝ E]` may be removed.
⚠️ `[Module.Finite ℝ E]` and `[FiniteDimensional ℝ E]` each imply `[Module.Finite ℝ E]`.
💡️ Of these, `[Module.Finite ℝ E]` and `[FiniteDimensional ℝ E]` may be removed.

When a data-carrying type class has multiple potential instances coming from different instance parameters, then these potential instances are incompatible. This is an example of an "instance diamond", which leads to unexpected unification failures.

Delete or combine some of your instance parameters to avoid this.

Note: This linter can be disabled with `set_option linter.overlappingInstances false`
warning: MorganTianLib/Ch01/JacobiField.lean:78:4: `ContinuousLinearMap.smul_apply` has been deprecated: Use `smul_apply` instead

Note: The updated constant is in a different namespace. Dot notation may need to be changed (e.g., from `x.smul_apply` to `smul_apply x`).
warning: MorganTianLib/Ch01/JacobiField.lean:73:8: Overlapping instance parameters in `chartCurvature_smul_left`:

⚠️ `[NormedSpace ℝ E]` and `[InnerProductSpace ℝ E]` can be used to infer conflicting versions of `[SMul ℝ E]`.
💡️ Of these, `[NormedSpace ℝ E]` may be removed.
⚠️ `[Module.Finite ℝ E]` and `[FiniteDimensional ℝ E]` each imply `[Module.Finite ℝ E]`.
💡️ Of these, `[Module.Finite ℝ E]` and `[FiniteDimensional ℝ E]` may be removed.

When a data-carrying type class has multiple potential instances coming from different instance parameters, then these potential instances are incompatible. This is an example of an "instance diamond", which leads to unexpected unification failures.

Delete or combine some of your instance parameters to avoid this.

Note: This linter can be disabled with `set_option linter.overlappingInstances false`
warning: MorganTianLib/Ch01/JacobiField.lean:84:4: Overlapping instance parameters in `chartCurvatureEndo`:

⚠️ `[NormedSpace ℝ E]` and `[InnerProductSpace ℝ E]` can be used to infer conflicting versions of `[SMul ℝ E]`.
💡️ Of these, `[NormedSpace ℝ E]` may be removed.
⚠️ `[Module.Finite ℝ E]` and `[FiniteDimensional ℝ E]` each imply `[Module.Finite ℝ E]`.
💡️ Of these, `[Module.Finite ℝ E]` and `[FiniteDimensional ℝ E]` may be removed.

When a data-carrying type class has multiple potential instances coming from different instance parameters, then these potential instances are incompatible. This is an example of an "instance diamond", which leads to unexpected unification failures.

Delete or combine some of your instance parameters to avoid this.

Note: This linter can be disabled with `set_option linter.overlappingInstances false`
warning: MorganTianLib/Ch01/JacobiField.lean:91:16: Overlapping instance parameters in `chartCurvatureEndo_apply`:

⚠️ `[NormedSpace ℝ E]` and `[InnerProductSpace ℝ E]` can be used to infer conflicting versions of `[SMul ℝ E]`.
💡️ Of these, `[NormedSpace ℝ E]` may be removed.
⚠️ `[Module.Finite ℝ E]` and `[FiniteDimensional ℝ E]` each imply `[Module.Finite ℝ E]`.
💡️ Of these, `[Module.Finite ℝ E]` and `[FiniteDimensional ℝ E]` may be removed.

When a data-carrying type class has multiple potential instances coming from different instance parameters, then these potential instances are incompatible. This is an example of an "instance diamond", which leads to unexpected unification failures.

Delete or combine some of your instance parameters to avoid this.

Note: This linter can be disabled with `set_option linter.overlappingInstances false`
warning: MorganTianLib/Ch01/JacobiField.lean:119:7: Overlapping instance parameters in `JacobiFieldOn`:

⚠️ `[NormedSpace ℝ E]` and `[InnerProductSpace ℝ E]` can be used to infer conflicting versions of `[SMul ℝ E]`.
💡️ Of these, `[NormedSpace ℝ E]` may be removed.
⚠️ `[Module.Finite ℝ E]` and `[FiniteDimensional ℝ E]` each imply `[Module.Finite ℝ E]`.
💡️ Of these, `[Module.Finite ℝ E]` and `[FiniteDimensional ℝ E]` may be removed.

When a data-carrying type class has multiple potential instances coming from different instance parameters, then these potential instances are incompatible. This is an example of an "instance diamond", which leads to unexpected unification failures.

Delete or combine some of your instance parameters to avoid this.

Note: This linter can be disabled with `set_option linter.overlappingInstances false`
warning: MorganTianLib/Ch01/JacobiField.lean:127:8: Overlapping instance parameters in `continuousOn_fst`:

⚠️ `[NormedSpace ℝ E]` and `[InnerProductSpace ℝ E]` can be used to infer conflicting versions of `[SMul ℝ E]`.
💡️ Of these, `[NormedSpace ℝ E]` may be removed.
⚠️ `[Module.Finite ℝ E]` and `[FiniteDimensional ℝ E]` each imply `[Module.Finite ℝ E]`.
💡️ Of these, `[Module.Finite ℝ E]` and `[FiniteDimensional ℝ E]` may be removed.

When a data-carrying type class has multiple potential instances coming from different instance parameters, then these potential instances are incompatible. This is an example of an "instance diamond", which leads to unexpected unification failures.

Delete or combine some of your instance parameters to avoid this.

Note: This linter can be disabled with `set_option linter.overlappingInstances false`
warning: MorganTianLib/Ch01/JacobiField.lean:131:8: Overlapping instance parameters in `continuousOn_snd`:

⚠️ `[NormedSpace ℝ E]` and `[InnerProductSpace ℝ E]` can be used to infer conflicting versions of `[SMul ℝ E]`.
💡️ Of these, `[NormedSpace ℝ E]` may be removed.
⚠️ `[Module.Finite ℝ E]` and `[FiniteDimensional ℝ E]` each imply `[Module.Finite ℝ E]`.
💡️ Of these, `[Module.Finite ℝ E]` and `[FiniteDimensional ℝ E]` may be removed.

When a data-carrying type class has multiple potential instances coming from different instance parameters, then these potential instances are incompatible. This is an example of an "instance diamond", which leads to unexpected unification failures.

Delete or combine some of your instance parameters to avoid this.

Note: This linter can be disabled with `set_option linter.overlappingInstances false`
warning: MorganTianLib/Ch01/JacobiField.lean:137:8: Overlapping instance parameters in `covariantDerivCoord_fst`:

⚠️ `[NormedSpace ℝ E]` and `[InnerProductSpace ℝ E]` can be used to infer conflicting versions of `[SMul ℝ E]`.
💡️ Of these, `[NormedSpace ℝ E]` may be removed.
⚠️ `[Module.Finite ℝ E]` and `[FiniteDimensional ℝ E]` each imply `[Module.Finite ℝ E]`.
💡️ Of these, `[Module.Finite ℝ E]` and `[FiniteDimensional ℝ E]` may be removed.

When a data-carrying type class has multiple potential instances coming from different instance parameters, then these potential instances are incompatible. This is an example of an "instance diamond", which leads to unexpected unification failures.

Delete or combine some of your instance parameters to avoid this.

Note: This linter can be disabled with `set_option linter.overlappingInstances false`
warning: MorganTianLib/Ch01/JacobiField.lean:148:8: Overlapping instance parameters in `covariantDerivCoord_snd`:

⚠️ `[NormedSpace ℝ E]` and `[InnerProductSpace ℝ E]` can be used to infer conflicting versions of `[SMul ℝ E]`.
💡️ Of these, `[NormedSpace ℝ E]` may be removed.
⚠️ `[Module.Finite ℝ E]` and `[FiniteDimensional ℝ E]` each imply `[Module.Finite ℝ E]`.
💡️ Of these, `[Module.Finite ℝ E]` and `[FiniteDimensional ℝ E]` may be removed.

When a data-carrying type class has multiple potential instances coming from different instance parameters, then these potential instances are incompatible. This is an example of an "instance diamond", which leads to unexpected unification failures.

Delete or combine some of your instance parameters to avoid this.

Note: This linter can be disabled with `set_option linter.overlappingInstances false`
warning: MorganTianLib/Ch01/JacobiField.lean:164:4: Overlapping instance parameters in `jacobiPairCoeffCoord`:

⚠️ `[NormedSpace ℝ E]` and `[InnerProductSpace ℝ E]` can be used to infer conflicting versions of `[SMul ℝ E]`.
💡️ Of these, `[NormedSpace ℝ E]` may be removed.
⚠️ `[Module.Finite ℝ E]` and `[FiniteDimensional ℝ E]` each imply `[Module.Finite ℝ E]`.
💡️ Of these, `[Module.Finite ℝ E]` and `[FiniteDimensional ℝ E]` may be removed.

When a data-carrying type class has multiple potential instances coming from different instance parameters, then these potential instances are incompatible. This is an example of an "instance diamond", which leads to unexpected unification failures.

Delete or combine some of your instance parameters to avoid this.

Note: This linter can be disabled with `set_option linter.overlappingInstances false`
warning: MorganTianLib/Ch01/JacobiField.lean:174:16: Overlapping instance parameters in `jacobiPairCoeffCoord_apply`:

⚠️ `[NormedSpace ℝ E]` and `[InnerProductSpace ℝ E]` can be used to infer conflicting versions of `[SMul ℝ E]`.
💡️ Of these, `[NormedSpace ℝ E]` may be removed.
⚠️ `[Module.Finite ℝ E]` and `[FiniteDimensional ℝ E]` each imply `[Module.Finite ℝ E]`.
💡️ Of these, `[Module.Finite ℝ E]` and `[FiniteDimensional ℝ E]` may be removed.

When a data-carrying type class has multiple potential instances coming from different instance parameters, then these potential instances are incompatible. This is an example of an "instance diamond", which leads to unexpected unification failures.

Delete or combine some of your instance parameters to avoid this.

Note: This linter can be disabled with `set_option linter.overlappingInstances false`
warning: MorganTianLib/Ch01/JacobiField.lean:185:8: Overlapping instance parameters in `IsJacobiFieldOn.isSolOn_pair`:

⚠️ `[NormedSpace ℝ E]` and `[InnerProductSpace ℝ E]` can be used to infer conflicting versions of `[SMul ℝ E]`.
💡️ Of these, `[NormedSpace ℝ E]` may be removed.
⚠️ `[Module.Finite ℝ E]` and `[FiniteDimensional ℝ E]` each imply `[Module.Finite ℝ E]`.
💡️ Of these, `[Module.Finite ℝ E]` and `[FiniteDimensional ℝ E]` may be removed.

When a data-carrying type class has multiple potential instances coming from different instance parameters, then these potential instances are incompatible. This is an example of an "instance diamond", which leads to unexpected unification failures.

Delete or combine some of your instance parameters to avoid this.

Note: This linter can be disabled with `set_option linter.overlappingInstances false`
warning: MorganTianLib/Ch01/JacobiField.lean:196:8: Overlapping instance parameters in `isJacobiFieldOn_of_isSolOn`:

⚠️ `[NormedSpace ℝ E]` and `[InnerProductSpace ℝ E]` can be used to infer conflicting versions of `[SMul ℝ E]`.
💡️ Of these, `[NormedSpace ℝ E]` may be removed.
⚠️ `[Module.Finite ℝ E]` and `[FiniteDimensional ℝ E]` each imply `[Module.Finite ℝ E]`.
💡️ Of these, `[Module.Finite ℝ E]` and `[FiniteDimensional ℝ E]` may be removed.

When a data-carrying type class has multiple potential instances coming from different instance parameters, then these potential instances are incompatible. This is an example of an "instance diamond", which leads to unexpected unification failures.

Delete or combine some of your instance parameters to avoid this.

Note: This linter can be disabled with `set_option linter.overlappingInstances false`
warning: MorganTianLib/Ch01/JacobiField.lean:228:8: Overlapping instance parameters in `exists_isJacobiFieldOn_Icc`:

⚠️ `[NormedSpace ℝ E]` and `[InnerProductSpace ℝ E]` can be used to infer conflicting versions of `[SMul ℝ E]`.
💡️ Of these, `[NormedSpace ℝ E]` may be removed.
⚠️ `[Module.Finite ℝ E]` and `[FiniteDimensional ℝ E]` each imply `[Module.Finite ℝ E]`.
💡️ Of these, `[Module.Finite ℝ E]` and `[FiniteDimensional ℝ E]` may be removed.

When a data-carrying type class has multiple potential instances coming from different instance parameters, then these potential instances are incompatible. This is an example of an "instance diamond", which leads to unexpected unification failures.

Delete or combine some of your instance parameters to avoid this.

Note: This linter can be disabled with `set_option linter.overlappingInstances false`
warning: MorganTianLib/Ch01/JacobiField.lean:251:8: Overlapping instance parameters in `eqOn_of_left`:

⚠️ `[NormedSpace ℝ E]` and `[InnerProductSpace ℝ E]` can be used to infer conflicting versions of `[SMul ℝ E]`.
💡️ Of these, `[NormedSpace ℝ E]` may be removed.
⚠️ `[Module.Finite ℝ E]` and `[FiniteDimensional ℝ E]` each imply `[Module.Finite ℝ E]`.
💡️ Of these, `[Module.Finite ℝ E]` and `[FiniteDimensional ℝ E]` may be removed.

When a data-carrying type class has multiple potential instances coming from different instance parameters, then these potential instances are incompatible. This is an example of an "instance diamond", which leads to unexpected unification failures.

Delete or combine some of your instance parameters to avoid this.

Note: This linter can be disabled with `set_option linter.overlappingInstances false`
warning: MorganTianLib/Ch01/JacobiField.lean:267:8: Overlapping instance parameters in `eqOn_of_right`:

⚠️ `[NormedSpace ℝ E]` and `[InnerProductSpace ℝ E]` can be used to infer conflicting versions of `[SMul ℝ E]`.
💡️ Of these, `[NormedSpace ℝ E]` may be removed.
⚠️ `[Module.Finite ℝ E]` and `[FiniteDimensional ℝ E]` each imply `[Module.Finite ℝ E]`.
💡️ Of these, `[Module.Finite ℝ E]` and `[FiniteDimensional ℝ E]` may be removed.

When a data-carrying type class has multiple potential instances coming from different instance parameters, then these potential instances are incompatible. This is an example of an "instance diamond", which leads to unexpected unification failures.

Delete or combine some of your instance parameters to avoid this.

Note: This linter can be disabled with `set_option linter.overlappingInstances false`
warning: MorganTianLib/Ch01/JacobiField.lean:282:8: Overlapping instance parameters in `add`:

⚠️ `[NormedSpace ℝ E]` and `[InnerProductSpace ℝ E]` can be used to infer conflicting versions of `[SMul ℝ E]`.
💡️ Of these, `[NormedSpace ℝ E]` may be removed.
⚠️ `[Module.Finite ℝ E]` and `[FiniteDimensional ℝ E]` each imply `[Module.Finite ℝ E]`.
💡️ Of these, `[Module.Finite ℝ E]` and `[FiniteDimensional ℝ E]` may be removed.

When a data-carrying type class has multiple potential instances coming from different instance parameters, then these potential instances are incompatible. This is an example of an "instance diamond", which leads to unexpected unification failures.

Delete or combine some of your instance parameters to avoid this.

Note: This linter can be disabled with `set_option linter.overlappingInstances false`
warning: MorganTianLib/Ch01/JacobiField.lean:332:8: Overlapping instance parameters in `const_smul`:

⚠️ `[NormedSpace ℝ E]` and `[InnerProductSpace ℝ E]` can be used to infer conflicting versions of `[SMul ℝ E]`.
💡️ Of these, `[NormedSpace ℝ E]` may be removed.
⚠️ `[Module.Finite ℝ E]` and `[FiniteDimensional ℝ E]` each imply `[Module.Finite ℝ E]`.
💡️ Of these, `[Module.Finite ℝ E]` and `[FiniteDimensional ℝ E]` may be removed.

When a data-carrying type class has multiple potential instances coming from different instance parameters, then these potential instances are incompatible. This is an example of an "instance diamond", which leads to unexpected unification failures.

Delete or combine some of your instance parameters to avoid this.

Note: This linter can be disabled with `set_option linter.overlappingInstances false`
warning: MorganTianLib/Ch01/JacobiField.lean:373:8: Overlapping instance parameters in `isJacobiFieldOn_zero`:

⚠️ `[NormedSpace ℝ E]` and `[InnerProductSpace ℝ E]` can be used to infer conflicting versions of `[SMul ℝ E]`.
💡️ Of these, `[NormedSpace ℝ E]` may be removed.
⚠️ `[Module.Finite ℝ E]` and `[FiniteDimensional ℝ E]` each imply `[Module.Finite ℝ E]`.
💡️ Of these, `[Module.Finite ℝ E]` and `[FiniteDimensional ℝ E]` may be removed.

When a data-carrying type class has multiple potential instances coming from different instance parameters, then these potential instances are incompatible. This is an example of an "instance diamond", which leads to unexpected unification failures.

Delete or combine some of your instance parameters to avoid this.

Note: This linter can be disabled with `set_option linter.overlappingInstances false`
warning: MorganTianLib/Ch01/JacobiField.lean:396:8: Overlapping instance parameters in `IsJacobiFieldOn.eqOn_zero`:

⚠️ `[NormedSpace ℝ E]` and `[InnerProductSpace ℝ E]` can be used to infer conflicting versions of `[SMul ℝ E]`.
💡️ Of these, `[NormedSpace ℝ E]` may be removed.
⚠️ `[Module.Finite ℝ E]` and `[FiniteDimensional ℝ E]` each imply `[Module.Finite ℝ E]`.
💡️ Of these, `[Module.Finite ℝ E]` and `[FiniteDimensional ℝ E]` may be removed.

When a data-carrying type class has multiple potential instances coming from different instance parameters, then these potential instances are incompatible. This is an example of an "instance diamond", which leads to unexpected unification failures.

Delete or combine some of your instance parameters to avoid this.

Note: This linter can be disabled with `set_option linter.overlappingInstances false`
warning: MorganTianLib/Ch01/JacobiField.lean:416:8: Overlapping instance parameters in `chartChristoffelContractionRight_eq_bilin`:

⚠️ `[NormedSpace ℝ E]` and `[InnerProductSpace ℝ E]` can be used to infer conflicting versions of `[SMul ℝ E]`.
💡️ Of these, `[NormedSpace ℝ E]` may be removed.
⚠️ `[Module.Finite ℝ E]` and `[FiniteDimensional ℝ E]` each imply `[Module.Finite ℝ E]`.
💡️ Of these, `[Module.Finite ℝ E]` and `[FiniteDimensional ℝ E]` may be removed.

When a data-carrying type class has multiple potential instances coming from different instance parameters, then these potential instances are incompatible. This is an example of an "instance diamond", which leads to unexpected unification failures.

Delete or combine some of your instance parameters to avoid this.

Note: This linter can be disabled with `set_option linter.overlappingInstances false`
warning: MorganTianLib/Ch01/JacobiField.lean:442:4: `ContinuousLinearMap.coe_comp'` has been deprecated: Use `ContinuousLinearMap.coe_comp` instead
warning: MorganTianLib/Ch01/JacobiField.lean:443:37: `ContinuousLinearMap.sub_apply` has been deprecated: Use `sub_apply` instead

Note: The updated constant is in a different namespace. Dot notation may need to be changed (e.g., from `x.sub_apply` to `sub_apply x`).
warning: MorganTianLib/Ch01/JacobiField.lean:444:4: `ContinuousLinearMap.add_apply` has been deprecated: Use `add_apply` instead

Note: The updated constant is in a different namespace. Dot notation may need to be changed (e.g., from `x.add_apply` to `add_apply x`).
warning: MorganTianLib/Ch01/JacobiField.lean:427:8: Overlapping instance parameters in `chartCurvatureEndo_eq`:

⚠️ `[NormedSpace ℝ E]` and `[InnerProductSpace ℝ E]` can be used to infer conflicting versions of `[SMul ℝ E]`.
💡️ Of these, `[NormedSpace ℝ E]` may be removed.
⚠️ `[Module.Finite ℝ E]` and `[FiniteDimensional ℝ E]` each imply `[Module.Finite ℝ E]`.
💡️ Of these, `[Module.Finite ℝ E]` and `[FiniteDimensional ℝ E]` may be removed.

When a data-carrying type class has multiple potential instances coming from different instance parameters, then these potential instances are incompatible. This is an example of an "instance diamond", which leads to unexpected unification failures.

Delete or combine some of your instance parameters to avoid this.

Note: This linter can be disabled with `set_option linter.overlappingInstances false`
warning: MorganTianLib/Ch01/JacobiField.lean:452:8: Overlapping instance parameters in `continuousOn_chartChristoffelContractionRight_comp`:

⚠️ `[NormedSpace ℝ E]` and `[InnerProductSpace ℝ E]` can be used to infer conflicting versions of `[SMul ℝ E]`.
💡️ Of these, `[NormedSpace ℝ E]` may be removed.
⚠️ `[Module.Finite ℝ E]` and `[FiniteDimensional ℝ E]` each imply `[Module.Finite ℝ E]`.
💡️ Of these, `[Module.Finite ℝ E]` and `[FiniteDimensional ℝ E]` may be removed.

When a data-carrying type class has multiple potential instances coming from different instance parameters, then these potential instances are incompatible. This is an example of an "instance diamond", which leads to unexpected unification failures.

Delete or combine some of your instance parameters to avoid this.

Note: This linter can be disabled with `set_option linter.overlappingInstances false`
warning: MorganTianLib/Ch01/JacobiField.lean:468:8: Overlapping instance parameters in `continuousOn_chartCurvatureEndo_comp`:

⚠️ `[NormedSpace ℝ E]` and `[InnerProductSpace ℝ E]` can be used to infer conflicting versions of `[SMul ℝ E]`.
💡️ Of these, `[NormedSpace ℝ E]` may be removed.
⚠️ `[Module.Finite ℝ E]` and `[FiniteDimensional ℝ E]` each imply `[Module.Finite ℝ E]`.
💡️ Of these, `[Module.Finite ℝ E]` and `[FiniteDimensional ℝ E]` may be removed.

When a data-carrying type class has multiple potential instances coming from different instance parameters, then these potential instances are incompatible. This is an example of an "instance diamond", which leads to unexpected unification failures.

Delete or combine some of your instance parameters to avoid this.

Note: This linter can be disabled with `set_option linter.overlappingInstances false`
warning: MorganTianLib/Ch01/JacobiField.lean:503:8: Overlapping instance parameters in `continuousOn_jacobiPairCoeffCoord`:

⚠️ `[NormedSpace ℝ E]` and `[InnerProductSpace ℝ E]` can be used to infer conflicting versions of `[SMul ℝ E]`.
💡️ Of these, `[NormedSpace ℝ E]` may be removed.
⚠️ `[Module.Finite ℝ E]` and `[FiniteDimensional ℝ E]` each imply `[Module.Finite ℝ E]`.
💡️ Of these, `[Module.Finite ℝ E]` and `[FiniteDimensional ℝ E]` may be removed.

When a data-carrying type class has multiple potential instances coming from different instance parameters, then these potential instances are incompatible. This is an example of an "instance diamond", which leads to unexpected unification failures.

Delete or combine some of your instance parameters to avoid this.

Note: This linter can be disabled with `set_option linter.overlappingInstances false`
warning: MorganTianLib/Ch01/JacobiField.lean:526:8: Overlapping instance parameters in `exists_nnnorm_jacobiPairCoeffCoord_le`:

⚠️ `[NormedSpace ℝ E]` and `[InnerProductSpace ℝ E]` can be used to infer conflicting versions of `[SMul ℝ E]`.
💡️ Of these, `[NormedSpace ℝ E]` may be removed.
⚠️ `[Module.Finite ℝ E]` and `[FiniteDimensional ℝ E]` each imply `[Module.Finite ℝ E]`.
💡️ Of these, `[Module.Finite ℝ E]` and `[FiniteDimensional ℝ E]` may be removed.

When a data-carrying type class has multiple potential instances coming from different instance parameters, then these potential instances are incompatible. This is an example of an "instance diamond", which leads to unexpected unification failures.

Delete or combine some of your instance parameters to avoid this.

Note: This linter can be disabled with `set_option linter.overlappingInstances false`
warning: MorganTianLib/Ch01/JacobiField.lean:543:8: Overlapping instance parameters in `exists_isJacobiFieldOn_Icc_of_curve`:

⚠️ `[NormedSpace ℝ E]` and `[InnerProductSpace ℝ E]` can be used to infer conflicting versions of `[SMul ℝ E]`.
💡️ Of these, `[NormedSpace ℝ E]` may be removed.
⚠️ `[Module.Finite ℝ E]` and `[FiniteDimensional ℝ E]` each imply `[Module.Finite ℝ E]`.
💡️ Of these, `[Module.Finite ℝ E]` and `[FiniteDimensional ℝ E]` may be removed.

When a data-carrying type class has multiple potential instances coming from different instance parameters, then these potential instances are incompatible. This is an example of an "instance diamond", which leads to unexpected unification failures.

Delete or combine some of your instance parameters to avoid this.

Note: This linter can be disabled with `set_option linter.overlappingInstances false`
⚠ [3068/3091] Replayed DoCarmoLib.Riemannian.Connection.ChartFrameBridge
warning: DoCarmoLib/Riemannian/Connection/ChartFrameBridge.lean:64:8: Overlapping instance parameters in `mlieBracket_const_const`:

⚠️ `[NormedSpace ℝ E]` and `[InnerProductSpace ℝ E]` can be used to infer conflicting versions of `[SMul ℝ E]`.
💡️ Of these, `[NormedSpace ℝ E]` may be removed.

When a data-carrying type class has multiple potential instances coming from different instance parameters, then these potential instances are incompatible. This is an example of an "instance diamond", which leads to unexpected unification failures.

Delete or combine some of your instance parameters to avoid this.

Note: This linter can be disabled with `set_option linter.overlappingInstances false`
warning: DoCarmoLib/Riemannian/Connection/ChartFrameBridge.lean:76:8: Overlapping instance parameters in `contMDiffAt_const_tangentSection`:

⚠️ `[NormedSpace ℝ E]` and `[InnerProductSpace ℝ E]` can be used to infer conflicting versions of `[SMul ℝ E]`.
💡️ Of these, `[NormedSpace ℝ E]` may be removed.

When a data-carrying type class has multiple potential instances coming from different instance parameters, then these potential instances are incompatible. This is an example of an "instance diamond", which leads to unexpected unification failures.

Delete or combine some of your instance parameters to avoid this.

Note: This linter can be disabled with `set_option linter.overlappingInstances false`
warning: DoCarmoLib/Riemannian/Connection/ChartFrameBridge.lean:88:8: Overlapping instance parameters in `mfderiv_extChartAt_chartBasisVecFiber`:

⚠️ `[NormedSpace ℝ E]` and `[InnerProductSpace ℝ E]` can be used to infer conflicting versions of `[SMul ℝ E]`.
💡️ Of these, `[NormedSpace ℝ E]` may be removed.

When a data-carrying type class has multiple potential instances coming from different instance parameters, then these potential instances are incompatible. This is an example of an "instance diamond", which leads to unexpected unification failures.

Delete or combine some of your instance parameters to avoid this.

Note: This linter can be disabled with `set_option linter.overlappingInstances false`
warning: DoCarmoLib/Riemannian/Connection/ChartFrameBridge.lean:104:8: Overlapping instance parameters in `chartBasisVecFiber_eventuallyEq_mpullback`:

⚠️ `[NormedSpace ℝ E]` and `[InnerProductSpace ℝ E]` can be used to infer conflicting versions of `[SMul ℝ E]`.
💡️ Of these, `[NormedSpace ℝ E]` may be removed.

When a data-carrying type class has multiple potential instances coming from different instance parameters, then these potential instances are incompatible. This is an example of an "instance diamond", which leads to unexpected unification failures.

Delete or combine some of your instance parameters to avoid this.

Note: This linter can be disabled with `set_option linter.overlappingInstances false`
warning: DoCarmoLib/Riemannian/Connection/ChartFrameBridge.lean:128:8: Overlapping instance parameters in `mlieBracket_chartBasisVecFiber_eq_zero`:

⚠️ `[NormedSpace ℝ E]` and `[InnerProductSpace ℝ E]` can be used to infer conflicting versions of `[SMul ℝ E]`.
💡️ Of these, `[NormedSpace ℝ E]` may be removed.

When a data-carrying type class has multiple potential instances coming from different instance parameters, then these potential instances are incompatible. This is an example of an "instance diamond", which leads to unexpected unification failures.

Delete or combine some of your instance parameters to avoid this.

Note: This linter can be disabled with `set_option linter.overlappingInstances false`
warning: DoCarmoLib/Riemannian/Connection/ChartFrameBridge.lean:165:8: Overlapping instance parameters in `mfderiv_chartGramMatrix_eq_partialDeriv`:

⚠️ `[NormedSpace ℝ E]` and `[InnerProductSpace ℝ E]` can be used to infer conflicting versions of `[SMul ℝ E]`.
💡️ Of these, `[NormedSpace ℝ E]` may be removed.

When a data-carrying type class has multiple potential instances coming from different instance parameters, then these potential instances are incompatible. This is an example of an "instance diamond", which leads to unexpected unification failures.

Delete or combine some of your instance parameters to avoid this.

Note: This linter can be disabled with `set_option linter.overlappingInstances false`
warning: DoCarmoLib/Riemannian/Connection/ChartFrameBridge.lean:208:8: Overlapping instance parameters in `exists_chartFrame_leviCivita_christoffel`:

⚠️ `[NormedSpace ℝ E]` and `[InnerProductSpace ℝ E]` can be used to infer conflicting versions of `[SMul ℝ E]`.
💡️ Of these, `[NormedSpace ℝ E]` may be removed.

When a data-carrying type class has multiple potential instances coming from different instance parameters, then these potential instances are incompatible. This is an example of an "instance diamond", which leads to unexpected unification failures.

Delete or combine some of your instance parameters to avoid this.

Note: This linter can be disabled with `set_option linter.overlappingInstances false`
⚠ [3069/3091] Replayed MorganTianLib.Ch01.CurvatureFrameBridge
warning: MorganTianLib/Ch01/CurvatureFrameBridge.lean:71:8: Overlapping instance parameters in `exists_contMDiff_eventuallyEq`:

⚠️ `[NormedSpace ℝ E]` and `[InnerProductSpace ℝ E]` can be used to infer conflicting versions of `[SMul ℝ E]`.
💡️ Of these, `[NormedSpace ℝ E]` may be removed.

When a data-carrying type class has multiple potential instances coming from different instance parameters, then these potential instances are incompatible. This is an example of an "instance diamond", which leads to unexpected unification failures.

Delete or combine some of your instance parameters to avoid this.

Note: This linter can be disabled with `set_option linter.overlappingInstances false`
warning: MorganTianLib/Ch01/CurvatureFrameBridge.lean:118:8: Overlapping instance parameters in `cov_apply_eq_zero_of_eventuallyEq_zero_right`:

⚠️ `[NormedSpace ℝ E]` and `[InnerProductSpace ℝ E]` can be used to infer conflicting versions of `[SMul ℝ E]`.
💡️ Of these, `[NormedSpace ℝ E]` may be removed.

When a data-carrying type class has multiple potential instances coming from different instance parameters, then these potential instances are incompatible. This is an example of an "instance diamond", which leads to unexpected unification failures.

Delete or combine some of your instance parameters to avoid this.

Note: This linter can be disabled with `set_option linter.overlappingInstances false`
warning: MorganTianLib/Ch01/CurvatureFrameBridge.lean:130:8: Overlapping instance parameters in `cov_congr_apply_right`:

⚠️ `[NormedSpace ℝ E]` and `[InnerProductSpace ℝ E]` can be used to infer conflicting versions of `[SMul ℝ E]`.
💡️ Of these, `[NormedSpace ℝ E]` may be removed.

When a data-carrying type class has multiple potential instances coming from different instance parameters, then these potential instances are incompatible. This is an example of an "instance diamond", which leads to unexpected unification failures.

Delete or combine some of your instance parameters to avoid this.

Note: This linter can be disabled with `set_option linter.overlappingInstances false`
warning: MorganTianLib/Ch01/CurvatureFrameBridge.lean:146:8: Overlapping instance parameters in `cov_apply_of_eventuallyEq_sum_smul`:

⚠️ `[NormedSpace ℝ E]` and `[InnerProductSpace ℝ E]` can be used to infer conflicting versions of `[SMul ℝ E]`.
💡️ Of these, `[NormedSpace ℝ E]` may be removed.

When a data-carrying type class has multiple potential instances coming from different instance parameters, then these potential instances are incompatible. This is an example of an "instance diamond", which leads to unexpected unification failures.

Delete or combine some of your instance parameters to avoid this.

Note: This linter can be disabled with `set_option linter.overlappingInstances false`
warning: MorganTianLib/Ch01/CurvatureFrameBridge.lean:186:8: Overlapping instance parameters in `mfderiv_comp_extChartAt_chartBasisVecFiber`:

⚠️ `[NormedSpace ℝ E]` and `[InnerProductSpace ℝ E]` can be used to infer conflicting versions of `[SMul ℝ E]`.
💡️ Of these, `[NormedSpace ℝ E]` may be removed.

When a data-carrying type class has multiple potential instances coming from different instance parameters, then these potential instances are incompatible. This is an example of an "instance diamond", which leads to unexpected unification failures.

Delete or combine some of your instance parameters to avoid this.

Note: This linter can be disabled with `set_option linter.overlappingInstances false`
warning: MorganTianLib/Ch01/CurvatureFrameBridge.lean:217:8: Overlapping instance parameters in `exists_chartFrame_leviCivita_christoffel_nhds`:

⚠️ `[NormedSpace ℝ E]` and `[InnerProductSpace ℝ E]` can be used to infer conflicting versions of `[SMul ℝ E]`.
💡️ Of these, `[NormedSpace ℝ E]` may be removed.

When a data-carrying type class has multiple potential instances coming from different instance parameters, then these potential instances are incompatible. This is an example of an "instance diamond", which leads to unexpected unification failures.

Delete or combine some of your instance parameters to avoid this.

Note: This linter can be disabled with `set_option linter.overlappingInstances false`
warning: MorganTianLib/Ch01/CurvatureFrameBridge.lean:293:8: Overlapping instance parameters in `chartChristoffelBilin_basis`:

⚠️ `[NormedSpace ℝ E]` and `[InnerProductSpace ℝ E]` can be used to infer conflicting versions of `[SMul ℝ E]`.
💡️ Of these, `[NormedSpace ℝ E]` may be removed.

When a data-carrying type class has multiple potential instances coming from different instance parameters, then these potential instances are incompatible. This is an example of an "instance diamond", which leads to unexpected unification failures.

Delete or combine some of your instance parameters to avoid this.

Note: This linter can be disabled with `set_option linter.overlappingInstances false`
warning: MorganTianLib/Ch01/CurvatureFrameBridge.lean:355:13: `ContinuousLinearMap.sum_apply` has been deprecated: Use `sum_apply` instead

Note: The updated constant is in a different namespace. Dot notation may need to be changed (e.g., from `x.sum_apply` to `sum_apply x`).
warning: MorganTianLib/Ch01/CurvatureFrameBridge.lean:355:44: `ContinuousLinearMap.coe_comp'` has been deprecated: Use `ContinuousLinearMap.coe_comp` instead
warning: MorganTianLib/Ch01/CurvatureFrameBridge.lean:359:4: `ContinuousLinearMap.zero_apply` has been deprecated: Use `zero_apply` instead

Note: The updated constant is in a different namespace. Dot notation may need to be changed (e.g., from `x.zero_apply` to `zero_apply x`).
warning: MorganTianLib/Ch01/CurvatureFrameBridge.lean:358:4: This simp argument is unused:
  apply_ite (fun f : E →L[ℝ] E => f (Module.finBasis ℝ E j))

Hint: Omit it from the simp argument list.
  simp only [ContinuousLinearMap.sum_apply, ContinuousLinearMap.coe_comp', Function.comp_apply,
  ̲  ̲ ̲ ̲ContinuousLinearMap.smulRight_apply, ContinuousLinearMap.smulRightL_apply_apply, hδ, ite_smul,
  ̲  ̲ ̲ ̲one_smul, zero_smul, a̵p̵p̵l̵y̵_̵i̵t̵e̵ ̵(̵f̵u̵n̵ ̵f̵ ̵:̵ ̵E̵ ̵→̵L̵[̵ℝ̵]̵ ̵E̵ ̵=̵>̵ ̵f̵ ̵(̵M̵o̵d̵u̵l̵e̵.̵f̵i̵n̵B̵a̵s̵i̵s̵ ̵ℝ̵ ̵E̵ ̵j̵)̵)̵,̵ContinuousLinearMap.zero_apply, Finset.sum_ite_irrel,
  ̲  ̲ ̲ ̲Finset.sum_const_zero, Finset.sum_ite_eq, Finset.mem_univ, if_true]

Note: This linter can be disabled with `set_option linter.unusedSimpArgs false`
warning: MorganTianLib/Ch01/CurvatureFrameBridge.lean:359:4: This simp argument is unused:
  ContinuousLinearMap.zero_apply

Hint: Omit it from the simp argument list.
  simp only [ContinuousLinearMap.sum_apply, ContinuousLinearMap.coe_comp', Function.comp_apply,
  ̲  ̲ ̲ ̲ContinuousLinearMap.smulRight_apply, ContinuousLinearMap.smulRightL_apply_apply, hδ, ite_smul,
  ̲  ̲ ̲ ̲one_smul, zero_smul, apply_ite (fun f : E →L[ℝ] E => f (Module.finBasis ℝ E j)),
      C̵o̵n̵t̵i̵n̵u̵o̵u̵s̵L̵i̵n̵e̵a̵r̵M̵a̵p̵.̵z̵e̵r̵o̵_̵a̵p̵p̵l̵y̵,̵ ̵Finset.sum_ite_irrel, Finset.sum_const_zero, Finset.sum_ite_eq, Finset.mem_univ, if_true]

Note: This linter can be disabled with `set_option linter.unusedSimpArgs false`
warning: MorganTianLib/Ch01/CurvatureFrameBridge.lean:316:8: Overlapping instance parameters in `fderiv_chartChristoffelBilin_basis`:

⚠️ `[NormedSpace ℝ E]` and `[InnerProductSpace ℝ E]` can be used to infer conflicting versions of `[SMul ℝ E]`.
💡️ Of these, `[NormedSpace ℝ E]` may be removed.

When a data-carrying type class has multiple potential instances coming from different instance parameters, then these potential instances are incompatible. This is an example of an "instance diamond", which leads to unexpected unification failures.

Delete or combine some of your instance parameters to avoid this.

Note: This linter can be disabled with `set_option linter.overlappingInstances false`
warning: MorganTianLib/Ch01/CurvatureFrameBridge.lean:392:4: `Finsupp.coe_finset_sum` has been deprecated: Use `Finsupp.coe_finsetSum` instead
warning: MorganTianLib/Ch01/CurvatureFrameBridge.lean:393:24: `Finsupp.finset_sum_apply` has been deprecated: Use `Finsupp.finsetSum_apply` instead
warning: MorganTianLib/Ch01/CurvatureFrameBridge.lean:394:59: This simp argument is unused:
  mul_ite

Hint: Omit it from the simp argument list.
  simp only [Finset.sum_ite_eq', Finset.mem_univ, if_true, mul_i̵t̵e̵,̵ ̵m̵u̵l̵_̵zero,
  ̵  ̵ ̵ ̵mul_one, smul_eq_mul]

Note: This linter can be disabled with `set_option linter.unusedSimpArgs false`
warning: MorganTianLib/Ch01/CurvatureFrameBridge.lean:394:68: This simp argument is unused:
  mul_zero

Hint: Omit it from the simp argument list.
  simp only [Finset.sum_ite_eq', Finset.mem_univ, if_true, mul_ite, mul_z̵e̵r̵o,̵
  ̵ ̵ ̵ ̵ ̵m̵u̵l̵_̵o̵ne, smul_eq_mul]

Note: This linter can be disabled with `set_option linter.unusedSimpArgs false`
warning: MorganTianLib/Ch01/CurvatureFrameBridge.lean:395:4: This simp argument is unused:
  mul_one

Hint: Omit it from the simp argument list.
  simp only [Finset.sum_ite_eq', Finset.mem_univ, if_true, mul_ite, mul_zero,
  ̵  ̵ ̵ ̵m̵u̵l̵_̵o̵n̵e̵,̵ ̵smul_eq_mul]

Note: This linter can be disabled with `set_option linter.unusedSimpArgs false`
warning: MorganTianLib/Ch01/CurvatureFrameBridge.lean:395:13: This simp argument is unused:
  smul_eq_mul

Hint: Omit it from the simp argument list.
  simp only [Finset.sum_ite_eq', Finset.mem_univ, if_true, mul_ite, mul_zero, m̵u̵l̵_̵o̵n̵e̵,̵ ̵s̵m̵u̵l̵_̵e̵q̵_̵m̵u̵l̵]̵m̲u̲l̲_̲o̲n̲e̲]̲

Note: This linter can be disabled with `set_option linter.unusedSimpArgs false`
warning: MorganTianLib/Ch01/CurvatureFrameBridge.lean:370:8: Overlapping instance parameters in `chartCurvature_basis`:

⚠️ `[NormedSpace ℝ E]` and `[InnerProductSpace ℝ E]` can be used to infer conflicting versions of `[SMul ℝ E]`.
💡️ Of these, `[NormedSpace ℝ E]` may be removed.

When a data-carrying type class has multiple potential instances coming from different instance parameters, then these potential instances are incompatible. This is an example of an "instance diamond", which leads to unexpected unification failures.

Delete or combine some of your instance parameters to avoid this.

Note: This linter can be disabled with `set_option linter.overlappingInstances false`
warning: MorganTianLib/Ch01/CurvatureFrameBridge.lean:409:19: This simp argument is unused:
  g.metricInner_zero_left

Hint: Omit it from the simp argument list.
  simp ̵[̵g̵.̵m̵e̵t̵r̵i̵c̵I̵n̵n̵e̵r̵_̵z̵e̵r̵o̵_̵l̵e̵f̵t̵]̵

Note: This linter can be disabled with `set_option linter.unusedSimpArgs false`
warning: MorganTianLib/Ch01/CurvatureFrameBridge.lean:403:8: Overlapping instance parameters in `metricInner_sum_smul_left`:

⚠️ `[NormedSpace ℝ E]` and `[InnerProductSpace ℝ E]` can be used to infer conflicting versions of `[SMul ℝ E]`.
💡️ Of these, `[NormedSpace ℝ E]` may be removed.

When a data-carrying type class has multiple potential instances coming from different instance parameters, then these potential instances are incompatible. This is an example of an "instance diamond", which leads to unexpected unification failures.

Delete or combine some of your instance parameters to avoid this.

Note: This linter can be disabled with `set_option linter.overlappingInstances false`
warning: MorganTianLib/Ch01/CurvatureFrameBridge.lean:422:19: This simp argument is unused:
  g.metricInner_zero_right

Hint: Omit it from the simp argument list.
  simp ̵[̵g̵.̵m̵e̵t̵r̵i̵c̵I̵n̵n̵e̵r̵_̵z̵e̵r̵o̵_̵r̵i̵g̵h̵t̵]̵

Note: This linter can be disabled with `set_option linter.unusedSimpArgs false`
warning: MorganTianLib/Ch01/CurvatureFrameBridge.lean:416:8: Overlapping instance parameters in `metricInner_sum_smul_right`:

⚠️ `[NormedSpace ℝ E]` and `[InnerProductSpace ℝ E]` can be used to infer conflicting versions of `[SMul ℝ E]`.
💡️ Of these, `[NormedSpace ℝ E]` may be removed.

When a data-carrying type class has multiple potential instances coming from different instance parameters, then these potential instances are incompatible. This is an example of an "instance diamond", which leads to unexpected unification failures.

Delete or combine some of your instance parameters to avoid this.

Note: This linter can be disabled with `set_option linter.overlappingInstances false`
warning: MorganTianLib/Ch01/CurvatureFrameBridge.lean:441:45: This simp argument is unused:
  ite_mul

Hint: Omit it from the simp argument list.
  simp only [hδ, mul_ite, mul_one, mul_zero, i̵t̵e̵_̵m̵u̵l̵,̵ ̵zero_mul,
  ̵  ̵ ̵ ̵Finset.sum_ite_irrel, Finset.sum_const_zero,
  ̲  ̲ ̲ ̲Finset.sum_ite_eq,
  ̵  ̵ ̵ ̵Finset.mem_univ, if_true]

Note: This linter can be disabled with `set_option linter.unusedSimpArgs false`
warning: MorganTianLib/Ch01/CurvatureFrameBridge.lean:441:54: This simp argument is unused:
  zero_mul

Hint: Omit it from the simp argument list.
  simp only [hδ, mul_ite, mul_one, mul_zero, ite_mul, z̵e̵r̵o̵_̵m̵u̵l̵,̵
  ̵ ̵ ̵ ̵ ̵Finset.sum_ite_irrel, Finset.sum_const_zero,
  ̲  ̲ ̲ ̲Finset.sum_ite_eq,
  ̵  ̵ ̵ ̵Finset.mem_univ, if_true]

Note: This linter can be disabled with `set_option linter.unusedSimpArgs false`
warning: MorganTianLib/Ch01/CurvatureFrameBridge.lean:442:4: This simp argument is unused:
  Finset.sum_ite_irrel

Hint: Omit it from the simp argument list.
  simp only [hδ, mul_ite, mul_one, mul_zero, ite_mul, zero_mul, F̵i̵n̵s̵e̵t̵.̵s̵u̵m̵_̵i̵t̵e̵_̵i̵r̵r̵e̵l̵,̵ ̵Finset.sum_const_zero,
  ̲  ̲ ̲ ̲Finset.sum_ite_eq, Finset.mem_univ, if_true]

Note: This linter can be disabled with `set_option linter.unusedSimpArgs false`
warning: MorganTianLib/Ch01/CurvatureFrameBridge.lean:442:26: This simp argument is unused:
  Finset.sum_const_zero

Hint: Omit it from the simp argument list.
  simp only [hδ, mul_ite, mul_one, mul_zero, ite_mul, zero_mul, Finset.sum_ite_irrel,
  ̲  ̲ ̲ ̲F̵i̵n̵s̵e̵t̵.̵s̵u̵m̵_̵c̵o̵n̵s̵t̵_̵z̵e̵r̵o̵,̵ ̵Finset.sum_ite_eq, Finset.mem_univ, if_true]

Note: This linter can be disabled with `set_option linter.unusedSimpArgs false`
warning: MorganTianLib/Ch01/CurvatureFrameBridge.lean:430:8: Overlapping instance parameters in `chartMetricInner_basis`:

⚠️ `[NormedSpace ℝ E]` and `[InnerProductSpace ℝ E]` can be used to infer conflicting versions of `[SMul ℝ E]`.
💡️ Of these, `[NormedSpace ℝ E]` may be removed.

When a data-carrying type class has multiple potential instances coming from different instance parameters, then these potential instances are incompatible. This is an example of an "instance diamond", which leads to unexpected unification failures.

Delete or combine some of your instance parameters to avoid this.

Note: This linter can be disabled with `set_option linter.overlappingInstances false`
warning: MorganTianLib/Ch01/CurvatureFrameBridge.lean:449:8: Overlapping instance parameters in `metricInner_chartFrame`:

⚠️ `[NormedSpace ℝ E]` and `[InnerProductSpace ℝ E]` can be used to infer conflicting versions of `[SMul ℝ E]`.
💡️ Of these, `[NormedSpace ℝ E]` may be removed.

When a data-carrying type class has multiple potential instances coming from different instance parameters, then these potential instances are incompatible. This is an example of an "instance diamond", which leads to unexpected unification failures.

Delete or combine some of your instance parameters to avoid this.

Note: This linter can be disabled with `set_option linter.overlappingInstances false`
warning: MorganTianLib/Ch01/CurvatureFrameBridge.lean:481:4: `ContinuousLinearMap.add_apply` has been deprecated: Use `add_apply` instead

Note: The updated constant is in a different namespace. Dot notation may need to be changed (e.g., from `x.add_apply` to `add_apply x`).
warning: MorganTianLib/Ch01/CurvatureFrameBridge.lean:476:8: Overlapping instance parameters in `chartCurvature_add_fst`:

⚠️ `[NormedSpace ℝ E]` and `[InnerProductSpace ℝ E]` can be used to infer conflicting versions of `[SMul ℝ E]`.
💡️ Of these, `[NormedSpace ℝ E]` may be removed.

When a data-carrying type class has multiple potential instances coming from different instance parameters, then these potential instances are incompatible. This is an example of an "instance diamond", which leads to unexpected unification failures.

Delete or combine some of your instance parameters to avoid this.

Note: This linter can be disabled with `set_option linter.overlappingInstances false`
warning: MorganTianLib/Ch01/CurvatureFrameBridge.lean:491:4: `ContinuousLinearMap.smul_apply` has been deprecated: Use `smul_apply` instead

Note: The updated constant is in a different namespace. Dot notation may need to be changed (e.g., from `x.smul_apply` to `smul_apply x`).
warning: MorganTianLib/Ch01/CurvatureFrameBridge.lean:486:8: Overlapping instance parameters in `chartCurvature_smul_fst`:

⚠️ `[NormedSpace ℝ E]` and `[InnerProductSpace ℝ E]` can be used to infer conflicting versions of `[SMul ℝ E]`.
💡️ Of these, `[NormedSpace ℝ E]` may be removed.

When a data-carrying type class has multiple potential instances coming from different instance parameters, then these potential instances are incompatible. This is an example of an "instance diamond", which leads to unexpected unification failures.

Delete or combine some of your instance parameters to avoid this.

Note: This linter can be disabled with `set_option linter.overlappingInstances false`
warning: MorganTianLib/Ch01/CurvatureFrameBridge.lean:500:4: `ContinuousLinearMap.add_apply` has been deprecated: Use `add_apply` instead

Note: The updated constant is in a different namespace. Dot notation may need to be changed (e.g., from `x.add_apply` to `add_apply x`).
warning: MorganTianLib/Ch01/CurvatureFrameBridge.lean:495:8: Overlapping instance parameters in `chartCurvature_add_middle`:

⚠️ `[NormedSpace ℝ E]` and `[InnerProductSpace ℝ E]` can be used to infer conflicting versions of `[SMul ℝ E]`.
💡️ Of these, `[NormedSpace ℝ E]` may be removed.

When a data-carrying type class has multiple potential instances coming from different instance parameters, then these potential instances are incompatible. This is an example of an "instance diamond", which leads to unexpected unification failures.

Delete or combine some of your instance parameters to avoid this.

Note: This linter can be disabled with `set_option linter.overlappingInstances false`
warning: MorganTianLib/Ch01/CurvatureFrameBridge.lean:510:4: `ContinuousLinearMap.smul_apply` has been deprecated: Use `smul_apply` instead

Note: The updated constant is in a different namespace. Dot notation may need to be changed (e.g., from `x.smul_apply` to `smul_apply x`).
warning: MorganTianLib/Ch01/CurvatureFrameBridge.lean:505:8: Overlapping instance parameters in `chartCurvature_smul_middle`:

⚠️ `[NormedSpace ℝ E]` and `[InnerProductSpace ℝ E]` can be used to infer conflicting versions of `[SMul ℝ E]`.
💡️ Of these, `[NormedSpace ℝ E]` may be removed.

When a data-carrying type class has multiple potential instances coming from different instance parameters, then these potential instances are incompatible. This is an example of an "instance diamond", which leads to unexpected unification failures.

Delete or combine some of your instance parameters to avoid this.

Note: This linter can be disabled with `set_option linter.overlappingInstances false`
warning: MorganTianLib/Ch01/CurvatureFrameBridge.lean:519:4: `ContinuousLinearMap.add_apply` has been deprecated: Use `add_apply` instead

Note: The updated constant is in a different namespace. Dot notation may need to be changed (e.g., from `x.add_apply` to `add_apply x`).
warning: MorganTianLib/Ch01/CurvatureFrameBridge.lean:519:4: This simp argument is unused:
  ContinuousLinearMap.add_apply

Hint: Omit it from the simp argument list.
  simp only [chartCurvature_def, christoffelCurvature, map_add,̵
  ̵ ̵ ̵ ̵ ̵C̵o̵n̵t̵i̵n̵u̵o̵u̵s̵L̵i̵n̵e̵a̵r̵M̵a̵p̵.̵a̵d̵d̵_̵a̵p̵p̵l̵y̵]

Note: This linter can be disabled with `set_option linter.unusedSimpArgs false`
warning: MorganTianLib/Ch01/CurvatureFrameBridge.lean:514:8: Overlapping instance parameters in `chartCurvature_add_right`:

⚠️ `[NormedSpace ℝ E]` and `[InnerProductSpace ℝ E]` can be used to infer conflicting versions of `[SMul ℝ E]`.
💡️ Of these, `[NormedSpace ℝ E]` may be removed.

When a data-carrying type class has multiple potential instances coming from different instance parameters, then these potential instances are incompatible. This is an example of an "instance diamond", which leads to unexpected unification failures.

Delete or combine some of your instance parameters to avoid this.

Note: This linter can be disabled with `set_option linter.overlappingInstances false`
warning: MorganTianLib/Ch01/CurvatureFrameBridge.lean:529:4: `ContinuousLinearMap.smul_apply` has been deprecated: Use `smul_apply` instead

Note: The updated constant is in a different namespace. Dot notation may need to be changed (e.g., from `x.smul_apply` to `smul_apply x`).
warning: MorganTianLib/Ch01/CurvatureFrameBridge.lean:529:4: This simp argument is unused:
  ContinuousLinearMap.smul_apply

Hint: Omit it from the simp argument list.
  simp only [chartCurvature_def, christoffelCurvature, map_smul, C̵o̵n̵t̵i̵n̵u̵o̵u̵s̵L̵i̵n̵e̵a̵r̵M̵a̵p̵.̵s̵m̵u̵l̵_̵a̵p̵p̵l̵y̵,̵ ̵smul_sub, smul_add]

Note: This linter can be disabled with `set_option linter.unusedSimpArgs false`
warning: MorganTianLib/Ch01/CurvatureFrameBridge.lean:524:8: Overlapping instance parameters in `chartCurvature_smul_right`:

⚠️ `[NormedSpace ℝ E]` and `[InnerProductSpace ℝ E]` can be used to infer conflicting versions of `[SMul ℝ E]`.
💡️ Of these, `[NormedSpace ℝ E]` may be removed.

When a data-carrying type class has multiple potential instances coming from different instance parameters, then these potential instances are incompatible. This is an example of an "instance diamond", which leads to unexpected unification failures.

Delete or combine some of your instance parameters to avoid this.

Note: This linter can be disabled with `set_option linter.overlappingInstances false`
warning: MorganTianLib/Ch01/CurvatureFrameBridge.lean:538:8: Overlapping instance parameters in `chartCurvature_sum₃`:

⚠️ `[NormedSpace ℝ E]` and `[InnerProductSpace ℝ E]` can be used to infer conflicting versions of `[SMul ℝ E]`.
💡️ Of these, `[NormedSpace ℝ E]` may be removed.

When a data-carrying type class has multiple potential instances coming from different instance parameters, then these potential instances are incompatible. This is an example of an "instance diamond", which leads to unexpected unification failures.

Delete or combine some of your instance parameters to avoid this.

Note: This linter can be disabled with `set_option linter.overlappingInstances false`
warning: MorganTianLib/Ch01/CurvatureFrameBridge.lean:599:8: Overlapping instance parameters in `curvatureFormAt_add_snd`:

⚠️ `[NormedSpace ℝ E]` and `[InnerProductSpace ℝ E]` can be used to infer conflicting versions of `[SMul ℝ E]`.
💡️ Of these, `[NormedSpace ℝ E]` may be removed.

When a data-carrying type class has multiple potential instances coming from different instance parameters, then these potential instances are incompatible. This is an example of an "instance diamond", which leads to unexpected unification failures.

Delete or combine some of your instance parameters to avoid this.

Note: This linter can be disabled with `set_option linter.overlappingInstances false`
warning: MorganTianLib/Ch01/CurvatureFrameBridge.lean:615:8: Overlapping instance parameters in `curvatureFormAt_smul_snd`:

⚠️ `[NormedSpace ℝ E]` and `[InnerProductSpace ℝ E]` can be used to infer conflicting versions of `[SMul ℝ E]`.
💡️ Of these, `[NormedSpace ℝ E]` may be removed.

When a data-carrying type class has multiple potential instances coming from different instance parameters, then these potential instances are incompatible. This is an example of an "instance diamond", which leads to unexpected unification failures.

Delete or combine some of your instance parameters to avoid this.

Note: This linter can be disabled with `set_option linter.overlappingInstances false`
warning: MorganTianLib/Ch01/CurvatureFrameBridge.lean:632:8: Overlapping instance parameters in `curvatureFormAt_add_trd`:

⚠️ `[NormedSpace ℝ E]` and `[InnerProductSpace ℝ E]` can be used to infer conflicting versions of `[SMul ℝ E]`.
💡️ Of these, `[NormedSpace ℝ E]` may be removed.

When a data-carrying type class has multiple potential instances coming from different instance parameters, then these potential instances are incompatible. This is an example of an "instance diamond", which leads to unexpected unification failures.

Delete or combine some of your instance parameters to avoid this.

Note: This linter can be disabled with `set_option linter.overlappingInstances false`
warning: MorganTianLib/Ch01/CurvatureFrameBridge.lean:647:8: Overlapping instance parameters in `curvatureFormAt_smul_trd`:

⚠️ `[NormedSpace ℝ E]` and `[InnerProductSpace ℝ E]` can be used to infer conflicting versions of `[SMul ℝ E]`.
💡️ Of these, `[NormedSpace ℝ E]` may be removed.

When a data-carrying type class has multiple potential instances coming from different instance parameters, then these potential instances are incompatible. This is an example of an "instance diamond", which leads to unexpected unification failures.

Delete or combine some of your instance parameters to avoid this.

Note: This linter can be disabled with `set_option linter.overlappingInstances false`
warning: MorganTianLib/Ch01/CurvatureFrameBridge.lean:664:8: Overlapping instance parameters in `curvatureFormAt_add_fth`:

⚠️ `[NormedSpace ℝ E]` and `[InnerProductSpace ℝ E]` can be used to infer conflicting versions of `[SMul ℝ E]`.
💡️ Of these, `[NormedSpace ℝ E]` may be removed.

When a data-carrying type class has multiple potential instances coming from different instance parameters, then these potential instances are incompatible. This is an example of an "instance diamond", which leads to unexpected unification failures.

Delete or combine some of your instance parameters to avoid this.

Note: This linter can be disabled with `set_option linter.overlappingInstances false`
warning: MorganTianLib/Ch01/CurvatureFrameBridge.lean:679:8: Overlapping instance parameters in `curvatureFormAt_smul_fth`:

⚠️ `[NormedSpace ℝ E]` and `[InnerProductSpace ℝ E]` can be used to infer conflicting versions of `[SMul ℝ E]`.
💡️ Of these, `[NormedSpace ℝ E]` may be removed.

When a data-carrying type class has multiple potential instances coming from different instance parameters, then these potential instances are incompatible. This is an example of an "instance diamond", which leads to unexpected unification failures.

Delete or combine some of your instance parameters to avoid this.

Note: This linter can be disabled with `set_option linter.overlappingInstances false`
warning: MorganTianLib/Ch01/CurvatureFrameBridge.lean:697:8: Overlapping instance parameters in `curvatureFormAt_sum₄`:

⚠️ `[NormedSpace ℝ E]` and `[InnerProductSpace ℝ E]` can be used to infer conflicting versions of `[SMul ℝ E]`.
💡️ Of these, `[NormedSpace ℝ E]` may be removed.

When a data-carrying type class has multiple potential instances coming from different instance parameters, then these potential instances are incompatible. This is an example of an "instance diamond", which leads to unexpected unification failures.

Delete or combine some of your instance parameters to avoid this.

Note: This linter can be disabled with `set_option linter.overlappingInstances false`
⚠ [3070/3091] Replayed MorganTianLib.Ch02.CovDerivAlongCurve
warning: MorganTianLib/Ch02/CovDerivAlongCurve.lean:64:4: Overlapping instance parameters in `chartFieldCoord`:

⚠️ `[NormedSpace ℝ E]` and `[InnerProductSpace ℝ E]` can be used to infer conflicting versions of `[SMul ℝ E]`.
💡️ Of these, `[NormedSpace ℝ E]` may be removed.
⚠️ `[Module.Finite ℝ E]` and `[FiniteDimensional ℝ E]` each imply `[Module.Finite ℝ E]`.
💡️ Of these, `[Module.Finite ℝ E]` and `[FiniteDimensional ℝ E]` may be removed.

When a data-carrying type class has multiple potential instances coming from different instance parameters, then these potential instances are incompatible. This is an example of an "instance diamond", which leads to unexpected unification failures.

Delete or combine some of your instance parameters to avoid this.

Note: This linter can be disabled with `set_option linter.overlappingInstances false`
warning: MorganTianLib/Ch02/CovDerivAlongCurve.lean:67:16: Overlapping instance parameters in `chartFieldCoord_def`:

⚠️ `[NormedSpace ℝ E]` and `[InnerProductSpace ℝ E]` can be used to infer conflicting versions of `[SMul ℝ E]`.
💡️ Of these, `[NormedSpace ℝ E]` may be removed.
⚠️ `[Module.Finite ℝ E]` and `[FiniteDimensional ℝ E]` each imply `[Module.Finite ℝ E]`.
💡️ Of these, `[Module.Finite ℝ E]` and `[FiniteDimensional ℝ E]` may be removed.

When a data-carrying type class has multiple potential instances coming from different instance parameters, then these potential instances are incompatible. This is an example of an "instance diamond", which leads to unexpected unification failures.

Delete or combine some of your instance parameters to avoid this.

Note: This linter can be disabled with `set_option linter.overlappingInstances false`
warning: MorganTianLib/Ch02/CovDerivAlongCurve.lean:74:8: Overlapping instance parameters in `chartFieldCoord_self`:

⚠️ `[NormedSpace ℝ E]` and `[InnerProductSpace ℝ E]` can be used to infer conflicting versions of `[SMul ℝ E]`.
💡️ Of these, `[NormedSpace ℝ E]` may be removed.
⚠️ `[Module.Finite ℝ E]` and `[FiniteDimensional ℝ E]` each imply `[Module.Finite ℝ E]`.
💡️ Of these, `[Module.Finite ℝ E]` and `[FiniteDimensional ℝ E]` may be removed.

When a data-carrying type class has multiple potential instances coming from different instance parameters, then these potential instances are incompatible. This is an example of an "instance diamond", which leads to unexpected unification failures.

Delete or combine some of your instance parameters to avoid this.

Note: This linter can be disabled with `set_option linter.overlappingInstances false`
warning: MorganTianLib/Ch02/CovDerivAlongCurve.lean:80:8: Overlapping instance parameters in `chartFiberCoord_add`:

⚠️ `[NormedSpace ℝ E]` and `[InnerProductSpace ℝ E]` can be used to infer conflicting versions of `[SMul ℝ E]`.
💡️ Of these, `[NormedSpace ℝ E]` may be removed.
⚠️ `[Module.Finite ℝ E]` and `[FiniteDimensional ℝ E]` each imply `[Module.Finite ℝ E]`.
💡️ Of these, `[Module.Finite ℝ E]` and `[FiniteDimensional ℝ E]` may be removed.

When a data-carrying type class has multiple potential instances coming from different instance parameters, then these potential instances are incompatible. This is an example of an "instance diamond", which leads to unexpected unification failures.

Delete or combine some of your instance parameters to avoid this.

Note: This linter can be disabled with `set_option linter.overlappingInstances false`
warning: MorganTianLib/Ch02/CovDerivAlongCurve.lean:93:8: Overlapping instance parameters in `chartFiberCoord_smul`:

⚠️ `[NormedSpace ℝ E]` and `[InnerProductSpace ℝ E]` can be used to infer conflicting versions of `[SMul ℝ E]`.
💡️ Of these, `[NormedSpace ℝ E]` may be removed.
⚠️ `[Module.Finite ℝ E]` and `[FiniteDimensional ℝ E]` each imply `[Module.Finite ℝ E]`.
💡️ Of these, `[Module.Finite ℝ E]` and `[FiniteDimensional ℝ E]` may be removed.

When a data-carrying type class has multiple potential instances coming from different instance parameters, then these potential instances are incompatible. This is an example of an "instance diamond", which leads to unexpected unification failures.

Delete or combine some of your instance parameters to avoid this.

Note: This linter can be disabled with `set_option linter.overlappingInstances false`
warning: MorganTianLib/Ch02/CovDerivAlongCurve.lean:108:8: Overlapping instance parameters in `chartChristoffelContraction_add_right_tangent`:

⚠️ `[NormedSpace ℝ E]` and `[InnerProductSpace ℝ E]` can be used to infer conflicting versions of `[SMul ℝ E]`.
💡️ Of these, `[NormedSpace ℝ E]` may be removed.
⚠️ `[Module.Finite ℝ E]` and `[FiniteDimensional ℝ E]` each imply `[Module.Finite ℝ E]`.
💡️ Of these, `[Module.Finite ℝ E]` and `[FiniteDimensional ℝ E]` may be removed.

When a data-carrying type class has multiple potential instances coming from different instance parameters, then these potential instances are incompatible. This is an example of an "instance diamond", which leads to unexpected unification failures.

Delete or combine some of your instance parameters to avoid this.

Note: This linter can be disabled with `set_option linter.overlappingInstances false`
warning: MorganTianLib/Ch02/CovDerivAlongCurve.lean:117:8: Overlapping instance parameters in `chartChristoffelContraction_smul_right_tangent`:

⚠️ `[NormedSpace ℝ E]` and `[InnerProductSpace ℝ E]` can be used to infer conflicting versions of `[SMul ℝ E]`.
💡️ Of these, `[NormedSpace ℝ E]` may be removed.
⚠️ `[Module.Finite ℝ E]` and `[FiniteDimensional ℝ E]` each imply `[Module.Finite ℝ E]`.
💡️ Of these, `[Module.Finite ℝ E]` and `[FiniteDimensional ℝ E]` may be removed.

When a data-carrying type class has multiple potential instances coming from different instance parameters, then these potential instances are incompatible. This is an example of an "instance diamond", which leads to unexpected unification failures.

Delete or combine some of your instance parameters to avoid this.

Note: This linter can be disabled with `set_option linter.overlappingInstances false`
warning: MorganTianLib/Ch02/CovDerivAlongCurve.lean:124:8: Overlapping instance parameters in `tangentSpace_add_eq`:

⚠️ `[NormedSpace ℝ E]` and `[InnerProductSpace ℝ E]` can be used to infer conflicting versions of `[SMul ℝ E]`.
💡️ Of these, `[NormedSpace ℝ E]` may be removed.
⚠️ `[Module.Finite ℝ E]` and `[FiniteDimensional ℝ E]` each imply `[Module.Finite ℝ E]`.
💡️ Of these, `[Module.Finite ℝ E]` and `[FiniteDimensional ℝ E]` may be removed.

When a data-carrying type class has multiple potential instances coming from different instance parameters, then these potential instances are incompatible. This is an example of an "instance diamond", which leads to unexpected unification failures.

Delete or combine some of your instance parameters to avoid this.

Note: This linter can be disabled with `set_option linter.overlappingInstances false`
warning: MorganTianLib/Ch02/CovDerivAlongCurve.lean:128:8: Overlapping instance parameters in `tangentSpace_smul_eq`:

⚠️ `[NormedSpace ℝ E]` and `[InnerProductSpace ℝ E]` can be used to infer conflicting versions of `[SMul ℝ E]`.
💡️ Of these, `[NormedSpace ℝ E]` may be removed.
⚠️ `[Module.Finite ℝ E]` and `[FiniteDimensional ℝ E]` each imply `[Module.Finite ℝ E]`.
💡️ Of these, `[Module.Finite ℝ E]` and `[FiniteDimensional ℝ E]` may be removed.

When a data-carrying type class has multiple potential instances coming from different instance parameters, then these potential instances are incompatible. This is an example of an "instance diamond", which leads to unexpected unification failures.

Delete or combine some of your instance parameters to avoid this.

Note: This linter can be disabled with `set_option linter.overlappingInstances false`
warning: MorganTianLib/Ch02/CovDerivAlongCurve.lean:149:4: Overlapping instance parameters in `HasCovDerivAlongAt`:

⚠️ `[NormedSpace ℝ E]` and `[InnerProductSpace ℝ E]` can be used to infer conflicting versions of `[SMul ℝ E]`.
💡️ Of these, `[NormedSpace ℝ E]` may be removed.
⚠️ `[Module.Finite ℝ E]` and `[FiniteDimensional ℝ E]` each imply `[Module.Finite ℝ E]`.
💡️ Of these, `[Module.Finite ℝ E]` and `[FiniteDimensional ℝ E]` may be removed.

When a data-carrying type class has multiple potential instances coming from different instance parameters, then these potential instances are incompatible. This is an example of an "instance diamond", which leads to unexpected unification failures.

Delete or combine some of your instance parameters to avoid this.

Note: This linter can be disabled with `set_option linter.overlappingInstances false`
warning: MorganTianLib/Ch02/CovDerivAlongCurve.lean:162:8: Overlapping instance parameters in `HasCovDerivAlongAt.eventually_mem_source`:

⚠️ `[NormedSpace ℝ E]` and `[InnerProductSpace ℝ E]` can be used to infer conflicting versions of `[SMul ℝ E]`.
💡️ Of these, `[NormedSpace ℝ E]` may be removed.
⚠️ `[Module.Finite ℝ E]` and `[FiniteDimensional ℝ E]` each imply `[Module.Finite ℝ E]`.
💡️ Of these, `[Module.Finite ℝ E]` and `[FiniteDimensional ℝ E]` may be removed.

When a data-carrying type class has multiple potential instances coming from different instance parameters, then these potential instances are incompatible. This is an example of an "instance diamond", which leads to unexpected unification failures.

Delete or combine some of your instance parameters to avoid this.

Note: This linter can be disabled with `set_option linter.overlappingInstances false`
warning: MorganTianLib/Ch02/CovDerivAlongCurve.lean:169:8: Overlapping instance parameters in `HasCovDerivAlongAt.unique`:

⚠️ `[NormedSpace ℝ E]` and `[InnerProductSpace ℝ E]` can be used to infer conflicting versions of `[SMul ℝ E]`.
💡️ Of these, `[NormedSpace ℝ E]` may be removed.
⚠️ `[Module.Finite ℝ E]` and `[FiniteDimensional ℝ E]` each imply `[Module.Finite ℝ E]`.
💡️ Of these, `[Module.Finite ℝ E]` and `[FiniteDimensional ℝ E]` may be removed.

When a data-carrying type class has multiple potential instances coming from different instance parameters, then these potential instances are incompatible. This is an example of an "instance diamond", which leads to unexpected unification failures.

Delete or combine some of your instance parameters to avoid this.

Note: This linter can be disabled with `set_option linter.overlappingInstances false`
warning: MorganTianLib/Ch02/CovDerivAlongCurve.lean:178:8: Overlapping instance parameters in `HasCovDerivAlongAt.add`:

⚠️ `[NormedSpace ℝ E]` and `[InnerProductSpace ℝ E]` can be used to infer conflicting versions of `[SMul ℝ E]`.
💡️ Of these, `[NormedSpace ℝ E]` may be removed.
⚠️ `[Module.Finite ℝ E]` and `[FiniteDimensional ℝ E]` each imply `[Module.Finite ℝ E]`.
💡️ Of these, `[Module.Finite ℝ E]` and `[FiniteDimensional ℝ E]` may be removed.

When a data-carrying type class has multiple potential instances coming from different instance parameters, then these potential instances are incompatible. This is an example of an "instance diamond", which leads to unexpected unification failures.

Delete or combine some of your instance parameters to avoid this.

Note: This linter can be disabled with `set_option linter.overlappingInstances false`
warning: MorganTianLib/Ch02/CovDerivAlongCurve.lean:195:8: Overlapping instance parameters in `HasCovDerivAlongAt.const_smul`:

⚠️ `[NormedSpace ℝ E]` and `[InnerProductSpace ℝ E]` can be used to infer conflicting versions of `[SMul ℝ E]`.
💡️ Of these, `[NormedSpace ℝ E]` may be removed.
⚠️ `[Module.Finite ℝ E]` and `[FiniteDimensional ℝ E]` each imply `[Module.Finite ℝ E]`.
💡️ Of these, `[Module.Finite ℝ E]` and `[FiniteDimensional ℝ E]` may be removed.

When a data-carrying type class has multiple potential instances coming from different instance parameters, then these potential instances are incompatible. This is an example of an "instance diamond", which leads to unexpected unification failures.

Delete or combine some of your instance parameters to avoid this.

Note: This linter can be disabled with `set_option linter.overlappingInstances false`
warning: MorganTianLib/Ch02/CovDerivAlongCurve.lean:208:8: Overlapping instance parameters in `HasCovDerivAlongAt.neg`:

⚠️ `[NormedSpace ℝ E]` and `[InnerProductSpace ℝ E]` can be used to infer conflicting versions of `[SMul ℝ E]`.
💡️ Of these, `[NormedSpace ℝ E]` may be removed.
⚠️ `[Module.Finite ℝ E]` and `[FiniteDimensional ℝ E]` each imply `[Module.Finite ℝ E]`.
💡️ Of these, `[Module.Finite ℝ E]` and `[FiniteDimensional ℝ E]` may be removed.

When a data-carrying type class has multiple potential instances coming from different instance parameters, then these potential instances are incompatible. This is an example of an "instance diamond", which leads to unexpected unification failures.

Delete or combine some of your instance parameters to avoid this.

Note: This linter can be disabled with `set_option linter.overlappingInstances false`
warning: MorganTianLib/Ch02/CovDerivAlongCurve.lean:216:8: Overlapping instance parameters in `HasCovDerivAlongAt.sub`:

⚠️ `[NormedSpace ℝ E]` and `[InnerProductSpace ℝ E]` can be used to infer conflicting versions of `[SMul ℝ E]`.
💡️ Of these, `[NormedSpace ℝ E]` may be removed.
⚠️ `[Module.Finite ℝ E]` and `[FiniteDimensional ℝ E]` each imply `[Module.Finite ℝ E]`.
💡️ Of these, `[Module.Finite ℝ E]` and `[FiniteDimensional ℝ E]` may be removed.

When a data-carrying type class has multiple potential instances coming from different instance parameters, then these potential instances are incompatible. This is an example of an "instance diamond", which leads to unexpected unification failures.

Delete or combine some of your instance parameters to avoid this.

Note: This linter can be disabled with `set_option linter.overlappingInstances false`
warning: MorganTianLib/Ch02/CovDerivAlongCurve.lean:229:8: Overlapping instance parameters in `HasCovDerivAlongAt.smul_fun`:

⚠️ `[NormedSpace ℝ E]` and `[InnerProductSpace ℝ E]` can be used to infer conflicting versions of `[SMul ℝ E]`.
💡️ Of these, `[NormedSpace ℝ E]` may be removed.
⚠️ `[Module.Finite ℝ E]` and `[FiniteDimensional ℝ E]` each imply `[Module.Finite ℝ E]`.
💡️ Of these, `[Module.Finite ℝ E]` and `[FiniteDimensional ℝ E]` may be removed.

When a data-carrying type class has multiple potential instances coming from different instance parameters, then these potential instances are incompatible. This is an example of an "instance diamond", which leads to unexpected unification failures.

Delete or combine some of your instance parameters to avoid this.

Note: This linter can be disabled with `set_option linter.overlappingInstances false`
warning: MorganTianLib/Ch02/CovDerivAlongCurve.lean:248:8: Overlapping instance parameters in `sum_chartCoord_smul_chartBasisVecFiber`:

⚠️ `[NormedSpace ℝ E]` and `[InnerProductSpace ℝ E]` can be used to infer conflicting versions of `[SMul ℝ E]`.
💡️ Of these, `[NormedSpace ℝ E]` may be removed.
⚠️ `[Module.Finite ℝ E]` and `[FiniteDimensional ℝ E]` each imply `[Module.Finite ℝ E]`.
💡️ Of these, `[Module.Finite ℝ E]` and `[FiniteDimensional ℝ E]` may be removed.

When a data-carrying type class has multiple potential instances coming from different instance parameters, then these potential instances are incompatible. This is an example of an "instance diamond", which leads to unexpected unification failures.

Delete or combine some of your instance parameters to avoid this.

Note: This linter can be disabled with `set_option linter.overlappingInstances false`
warning: MorganTianLib/Ch02/CovDerivAlongCurve.lean:276:4: `ContinuousLinearMap.coe_sum'` has been deprecated: Use `FunLike.coe_sum` instead

Note: The updated constant is in a different namespace. Dot notation may need to be changed (e.g., from `x.coe_sum'` to `FunLike.coe_sum x`).
warning: MorganTianLib/Ch02/CovDerivAlongCurve.lean:276:52: `ContinuousLinearMap.coe_smul'` has been deprecated: Use `FunLike.coe_smul` instead

Note: The updated constant is in a different namespace. Dot notation may need to be changed (e.g., from `x.coe_smul'` to `FunLike.coe_smul x`).
warning: MorganTianLib/Ch02/CovDerivAlongCurve.lean:270:8: Overlapping instance parameters in `metricInner_sum_smul_sum_smul`:

⚠️ `[NormedSpace ℝ E]` and `[InnerProductSpace ℝ E]` can be used to infer conflicting versions of `[SMul ℝ E]`.
💡️ Of these, `[NormedSpace ℝ E]` may be removed.
⚠️ `[Module.Finite ℝ E]` and `[FiniteDimensional ℝ E]` each imply `[Module.Finite ℝ E]`.
💡️ Of these, `[Module.Finite ℝ E]` and `[FiniteDimensional ℝ E]` may be removed.

When a data-carrying type class has multiple potential instances coming from different instance parameters, then these potential instances are incompatible. This is an example of an "instance diamond", which leads to unexpected unification failures.

Delete or combine some of your instance parameters to avoid this.

Note: This linter can be disabled with `set_option linter.overlappingInstances false`
warning: MorganTianLib/Ch02/CovDerivAlongCurve.lean:289:8: Overlapping instance parameters in `metricInner_eq_chartMetricInner`:

⚠️ `[NormedSpace ℝ E]` and `[InnerProductSpace ℝ E]` can be used to infer conflicting versions of `[SMul ℝ E]`.
💡️ Of these, `[NormedSpace ℝ E]` may be removed.
⚠️ `[Module.Finite ℝ E]` and `[FiniteDimensional ℝ E]` each imply `[Module.Finite ℝ E]`.
💡️ Of these, `[Module.Finite ℝ E]` and `[FiniteDimensional ℝ E]` may be removed.

When a data-carrying type class has multiple potential instances coming from different instance parameters, then these potential instances are incompatible. This is an example of an "instance diamond", which leads to unexpected unification failures.

Delete or combine some of your instance parameters to avoid this.

Note: This linter can be disabled with `set_option linter.overlappingInstances false`
warning: MorganTianLib/Ch02/CovDerivAlongCurve.lean:316:8: Overlapping instance parameters in `HasCovDerivAlongAt.hasDerivAt_metricInner`:

⚠️ `[NormedSpace ℝ E]` and `[InnerProductSpace ℝ E]` can be used to infer conflicting versions of `[SMul ℝ E]`.
💡️ Of these, `[NormedSpace ℝ E]` may be removed.
⚠️ `[Module.Finite ℝ E]` and `[FiniteDimensional ℝ E]` each imply `[Module.Finite ℝ E]`.
💡️ Of these, `[Module.Finite ℝ E]` and `[FiniteDimensional ℝ E]` may be removed.

When a data-carrying type class has multiple potential instances coming from different instance parameters, then these potential instances are incompatible. This is an example of an "instance diamond", which leads to unexpected unification failures.

Delete or combine some of your instance parameters to avoid this.

Note: This linter can be disabled with `set_option linter.overlappingInstances false`
warning: MorganTianLib/Ch02/CovDerivAlongCurve.lean:379:4: Overlapping instance parameters in `IsParallelAlong`:

⚠️ `[NormedSpace ℝ E]` and `[InnerProductSpace ℝ E]` can be used to infer conflicting versions of `[SMul ℝ E]`.
💡️ Of these, `[NormedSpace ℝ E]` may be removed.
⚠️ `[Module.Finite ℝ E]` and `[FiniteDimensional ℝ E]` each imply `[Module.Finite ℝ E]`.
💡️ Of these, `[Module.Finite ℝ E]` and `[FiniteDimensional ℝ E]` may be removed.

When a data-carrying type class has multiple potential instances coming from different instance parameters, then these potential instances are incompatible. This is an example of an "instance diamond", which leads to unexpected unification failures.

Delete or combine some of your instance parameters to avoid this.

Note: This linter can be disabled with `set_option linter.overlappingInstances false`
warning: MorganTianLib/Ch02/CovDerivAlongCurve.lean:385:8: Overlapping instance parameters in `IsParallelAlong.hasDerivAt_metricInner_zero`:

⚠️ `[NormedSpace ℝ E]` and `[InnerProductSpace ℝ E]` can be used to infer conflicting versions of `[SMul ℝ E]`.
💡️ Of these, `[NormedSpace ℝ E]` may be removed.
⚠️ `[Module.Finite ℝ E]` and `[FiniteDimensional ℝ E]` each imply `[Module.Finite ℝ E]`.
💡️ Of these, `[Module.Finite ℝ E]` and `[FiniteDimensional ℝ E]` may be removed.

When a data-carrying type class has multiple potential instances coming from different instance parameters, then these potential instances are incompatible. This is an example of an "instance diamond", which leads to unexpected unification failures.

Delete or combine some of your instance parameters to avoid this.

Note: This linter can be disabled with `set_option linter.overlappingInstances false`
warning: MorganTianLib/Ch02/CovDerivAlongCurve.lean:400:8: Overlapping instance parameters in `IsParallelAlong.metricInner_eq`:

⚠️ `[NormedSpace ℝ E]` and `[InnerProductSpace ℝ E]` can be used to infer conflicting versions of `[SMul ℝ E]`.
💡️ Of these, `[NormedSpace ℝ E]` may be removed.
⚠️ `[Module.Finite ℝ E]` and `[FiniteDimensional ℝ E]` each imply `[Module.Finite ℝ E]`.
💡️ Of these, `[Module.Finite ℝ E]` and `[FiniteDimensional ℝ E]` may be removed.

When a data-carrying type class has multiple potential instances coming from different instance parameters, then these potential instances are incompatible. This is an example of an "instance diamond", which leads to unexpected unification failures.

Delete or combine some of your instance parameters to avoid this.

Note: This linter can be disabled with `set_option linter.overlappingInstances false`
warning: MorganTianLib/Ch02/CovDerivAlongCurve.lean:412:8: Overlapping instance parameters in `IsParallelAlong.apply_eq`:

⚠️ `[NormedSpace ℝ E]` and `[InnerProductSpace ℝ E]` can be used to infer conflicting versions of `[SMul ℝ E]`.
💡️ Of these, `[NormedSpace ℝ E]` may be removed.
⚠️ `[Module.Finite ℝ E]` and `[FiniteDimensional ℝ E]` each imply `[Module.Finite ℝ E]`.
💡️ Of these, `[Module.Finite ℝ E]` and `[FiniteDimensional ℝ E]` may be removed.

When a data-carrying type class has multiple potential instances coming from different instance parameters, then these potential instances are incompatible. This is an example of an "instance diamond", which leads to unexpected unification failures.

Delete or combine some of your instance parameters to avoid this.

Note: This linter can be disabled with `set_option linter.overlappingInstances false`
warning: MorganTianLib/Ch02/CovDerivAlongCurve.lean:433:4: Overlapping instance parameters in `curveVelocityCoord`:

⚠️ `[NormedSpace ℝ E]` and `[InnerProductSpace ℝ E]` can be used to infer conflicting versions of `[SMul ℝ E]`.
💡️ Of these, `[NormedSpace ℝ E]` may be removed.
⚠️ `[Module.Finite ℝ E]` and `[FiniteDimensional ℝ E]` each imply `[Module.Finite ℝ E]`.
💡️ Of these, `[Module.Finite ℝ E]` and `[FiniteDimensional ℝ E]` may be removed.

When a data-carrying type class has multiple potential instances coming from different instance parameters, then these potential instances are incompatible. This is an example of an "instance diamond", which leads to unexpected unification failures.

Delete or combine some of your instance parameters to avoid this.

Note: This linter can be disabled with `set_option linter.overlappingInstances false`
warning: MorganTianLib/Ch02/CovDerivAlongCurve.lean:436:16: Overlapping instance parameters in `curveVelocityCoord_def`:

⚠️ `[NormedSpace ℝ E]` and `[InnerProductSpace ℝ E]` can be used to infer conflicting versions of `[SMul ℝ E]`.
💡️ Of these, `[NormedSpace ℝ E]` may be removed.
⚠️ `[Module.Finite ℝ E]` and `[FiniteDimensional ℝ E]` each imply `[Module.Finite ℝ E]`.
💡️ Of these, `[Module.Finite ℝ E]` and `[FiniteDimensional ℝ E]` may be removed.

When a data-carrying type class has multiple potential instances coming from different instance parameters, then these potential instances are incompatible. This is an example of an "instance diamond", which leads to unexpected unification failures.

Delete or combine some of your instance parameters to avoid this.

Note: This linter can be disabled with `set_option linter.overlappingInstances false`
warning: MorganTianLib/Ch02/CovDerivAlongCurve.lean:443:4: Overlapping instance parameters in `curveVelocity`:

⚠️ `[NormedSpace ℝ E]` and `[InnerProductSpace ℝ E]` can be used to infer conflicting versions of `[SMul ℝ E]`.
💡️ Of these, `[NormedSpace ℝ E]` may be removed.
⚠️ `[Module.Finite ℝ E]` and `[FiniteDimensional ℝ E]` each imply `[Module.Finite ℝ E]`.
💡️ Of these, `[Module.Finite ℝ E]` and `[FiniteDimensional ℝ E]` may be removed.

When a data-carrying type class has multiple potential instances coming from different instance parameters, then these potential instances are incompatible. This is an example of an "instance diamond", which leads to unexpected unification failures.

Delete or combine some of your instance parameters to avoid this.

Note: This linter can be disabled with `set_option linter.overlappingInstances false`
warning: MorganTianLib/Ch02/CovDerivAlongCurve.lean:446:16: Overlapping instance parameters in `curveVelocity_def`:

⚠️ `[NormedSpace ℝ E]` and `[InnerProductSpace ℝ E]` can be used to infer conflicting versions of `[SMul ℝ E]`.
💡️ Of these, `[NormedSpace ℝ E]` may be removed.
⚠️ `[Module.Finite ℝ E]` and `[FiniteDimensional ℝ E]` each imply `[Module.Finite ℝ E]`.
💡️ Of these, `[Module.Finite ℝ E]` and `[FiniteDimensional ℝ E]` may be removed.

When a data-carrying type class has multiple potential instances coming from different instance parameters, then these potential instances are incompatible. This is an example of an "instance diamond", which leads to unexpected unification failures.

Delete or combine some of your instance parameters to avoid this.

Note: This linter can be disabled with `set_option linter.overlappingInstances false`
warning: MorganTianLib/Ch02/CovDerivAlongCurve.lean:454:8: Overlapping instance parameters in `hasDerivAt_extChartAt_comp`:

⚠️ `[NormedSpace ℝ E]` and `[InnerProductSpace ℝ E]` can be used to infer conflicting versions of `[SMul ℝ E]`.
💡️ Of these, `[NormedSpace ℝ E]` may be removed.
⚠️ `[Module.Finite ℝ E]` and `[FiniteDimensional ℝ E]` each imply `[Module.Finite ℝ E]`.
💡️ Of these, `[Module.Finite ℝ E]` and `[FiniteDimensional ℝ E]` may be removed.

When a data-carrying type class has multiple potential instances coming from different instance parameters, then these potential instances are incompatible. This is an example of an "instance diamond", which leads to unexpected unification failures.

Delete or combine some of your instance parameters to avoid this.

Note: This linter can be disabled with `set_option linter.overlappingInstances false`
warning: MorganTianLib/Ch02/CovDerivAlongCurve.lean:477:8: Overlapping instance parameters in `chartFieldCoord_curveVelocity_eq`:

⚠️ `[NormedSpace ℝ E]` and `[InnerProductSpace ℝ E]` can be used to infer conflicting versions of `[SMul ℝ E]`.
💡️ Of these, `[NormedSpace ℝ E]` may be removed.
⚠️ `[Module.Finite ℝ E]` and `[FiniteDimensional ℝ E]` each imply `[Module.Finite ℝ E]`.
💡️ Of these, `[Module.Finite ℝ E]` and `[FiniteDimensional ℝ E]` may be removed.

When a data-carrying type class has multiple potential instances coming from different instance parameters, then these potential instances are incompatible. This is an example of an "instance diamond", which leads to unexpected unification failures.

Delete or combine some of your instance parameters to avoid this.

Note: This linter can be disabled with `set_option linter.overlappingInstances false`
warning: MorganTianLib/Ch02/CovDerivAlongCurve.lean:500:8: Overlapping instance parameters in `hasGeodesicEquationAt_iff_hasCovDerivAlongAt_velocity_zero`:

⚠️ `[NormedSpace ℝ E]` and `[InnerProductSpace ℝ E]` can be used to infer conflicting versions of `[SMul ℝ E]`.
💡️ Of these, `[NormedSpace ℝ E]` may be removed.
⚠️ `[Module.Finite ℝ E]` and `[FiniteDimensional ℝ E]` each imply `[Module.Finite ℝ E]`.
💡️ Of these, `[Module.Finite ℝ E]` and `[FiniteDimensional ℝ E]` may be removed.

When a data-carrying type class has multiple potential instances coming from different instance parameters, then these potential instances are incompatible. This is an example of an "instance diamond", which leads to unexpected unification failures.

Delete or combine some of your instance parameters to avoid this.

Note: This linter can be disabled with `set_option linter.overlappingInstances false`
warning: MorganTianLib/Ch02/CovDerivAlongCurve.lean:527:4: Overlapping instance parameters in `fieldRep`:

⚠️ `[NormedSpace ℝ E]` and `[InnerProductSpace ℝ E]` can be used to infer conflicting versions of `[SMul ℝ E]`.
💡️ Of these, `[NormedSpace ℝ E]` may be removed.
⚠️ `[Module.Finite ℝ E]` and `[FiniteDimensional ℝ E]` each imply `[Module.Finite ℝ E]`.
💡️ Of these, `[Module.Finite ℝ E]` and `[FiniteDimensional ℝ E]` may be removed.

When a data-carrying type class has multiple potential instances coming from different instance parameters, then these potential instances are incompatible. This is an example of an "instance diamond", which leads to unexpected unification failures.

Delete or combine some of your instance parameters to avoid this.

Note: This linter can be disabled with `set_option linter.overlappingInstances false`
warning: MorganTianLib/Ch02/CovDerivAlongCurve.lean:530:16: Overlapping instance parameters in `fieldRep_def`:

⚠️ `[NormedSpace ℝ E]` and `[InnerProductSpace ℝ E]` can be used to infer conflicting versions of `[SMul ℝ E]`.
💡️ Of these, `[NormedSpace ℝ E]` may be removed.
⚠️ `[Module.Finite ℝ E]` and `[FiniteDimensional ℝ E]` each imply `[Module.Finite ℝ E]`.
💡️ Of these, `[Module.Finite ℝ E]` and `[FiniteDimensional ℝ E]` may be removed.

When a data-carrying type class has multiple potential instances coming from different instance parameters, then these potential instances are incompatible. This is an example of an "instance diamond", which leads to unexpected unification failures.

Delete or combine some of your instance parameters to avoid this.

Note: This linter can be disabled with `set_option linter.overlappingInstances false`
warning: MorganTianLib/Ch02/CovDerivAlongCurve.lean:536:4: Overlapping instance parameters in `fieldChartRep`:

⚠️ `[NormedSpace ℝ E]` and `[InnerProductSpace ℝ E]` can be used to infer conflicting versions of `[SMul ℝ E]`.
💡️ Of these, `[NormedSpace ℝ E]` may be removed.
⚠️ `[Module.Finite ℝ E]` and `[FiniteDimensional ℝ E]` each imply `[Module.Finite ℝ E]`.
💡️ Of these, `[Module.Finite ℝ E]` and `[FiniteDimensional ℝ E]` may be removed.

When a data-carrying type class has multiple potential instances coming from different instance parameters, then these potential instances are incompatible. This is an example of an "instance diamond", which leads to unexpected unification failures.

Delete or combine some of your instance parameters to avoid this.

Note: This linter can be disabled with `set_option linter.overlappingInstances false`
warning: MorganTianLib/Ch02/CovDerivAlongCurve.lean:539:16: Overlapping instance parameters in `fieldChartRep_def`:

⚠️ `[NormedSpace ℝ E]` and `[InnerProductSpace ℝ E]` can be used to infer conflicting versions of `[SMul ℝ E]`.
💡️ Of these, `[NormedSpace ℝ E]` may be removed.
⚠️ `[Module.Finite ℝ E]` and `[FiniteDimensional ℝ E]` each imply `[Module.Finite ℝ E]`.
💡️ Of these, `[Module.Finite ℝ E]` and `[FiniteDimensional ℝ E]` may be removed.

When a data-carrying type class has multiple potential instances coming from different instance parameters, then these potential instances are incompatible. This is an example of an "instance diamond", which leads to unexpected unification failures.

Delete or combine some of your instance parameters to avoid this.

Note: This linter can be disabled with `set_option linter.overlappingInstances false`
warning: MorganTianLib/Ch02/CovDerivAlongCurve.lean:546:8: Overlapping instance parameters in `contMDiffAt_fieldRep`:

⚠️ `[NormedSpace ℝ E]` and `[InnerProductSpace ℝ E]` can be used to infer conflicting versions of `[SMul ℝ E]`.
💡️ Of these, `[NormedSpace ℝ E]` may be removed.
⚠️ `[Module.Finite ℝ E]` and `[FiniteDimensional ℝ E]` each imply `[Module.Finite ℝ E]`.
💡️ Of these, `[Module.Finite ℝ E]` and `[FiniteDimensional ℝ E]` may be removed.

When a data-carrying type class has multiple potential instances coming from different instance parameters, then these potential instances are incompatible. This is an example of an "instance diamond", which leads to unexpected unification failures.

Delete or combine some of your instance parameters to avoid this.

Note: This linter can be disabled with `set_option linter.overlappingInstances false`
warning: MorganTianLib/Ch02/CovDerivAlongCurve.lean:552:8: Overlapping instance parameters in `contDiffAt_fieldChartRep`:

⚠️ `[NormedSpace ℝ E]` and `[InnerProductSpace ℝ E]` can be used to infer conflicting versions of `[SMul ℝ E]`.
💡️ Of these, `[NormedSpace ℝ E]` may be removed.
⚠️ `[Module.Finite ℝ E]` and `[FiniteDimensional ℝ E]` each imply `[Module.Finite ℝ E]`.
💡️ Of these, `[Module.Finite ℝ E]` and `[FiniteDimensional ℝ E]` may be removed.

When a data-carrying type class has multiple potential instances coming from different instance parameters, then these potential instances are incompatible. This is an example of an "instance diamond", which leads to unexpected unification failures.

Delete or combine some of your instance parameters to avoid this.

Note: This linter can be disabled with `set_option linter.overlappingInstances false`
warning: MorganTianLib/Ch02/CovDerivAlongCurve.lean:572:8: Overlapping instance parameters in `hasCovDerivAlongAt_comp`:

⚠️ `[NormedSpace ℝ E]` and `[InnerProductSpace ℝ E]` can be used to infer conflicting versions of `[SMul ℝ E]`.
💡️ Of these, `[NormedSpace ℝ E]` may be removed.
⚠️ `[Module.Finite ℝ E]` and `[FiniteDimensional ℝ E]` each imply `[Module.Finite ℝ E]`.
💡️ Of these, `[Module.Finite ℝ E]` and `[FiniteDimensional ℝ E]` may be removed.

When a data-carrying type class has multiple potential instances coming from different instance parameters, then these potential instances are incompatible. This is an example of an "instance diamond", which leads to unexpected unification failures.

Delete or combine some of your instance parameters to avoid this.

Note: This linter can be disabled with `set_option linter.overlappingInstances false`
warning: MorganTianLib/Ch02/CovDerivAlongCurve.lean:613:8: Overlapping instance parameters in `chartBasisVecFiber_self`:

⚠️ `[NormedSpace ℝ E]` and `[InnerProductSpace ℝ E]` can be used to infer conflicting versions of `[SMul ℝ E]`.
💡️ Of these, `[NormedSpace ℝ E]` may be removed.
⚠️ `[Module.Finite ℝ E]` and `[FiniteDimensional ℝ E]` each imply `[Module.Finite ℝ E]`.
💡️ Of these, `[Module.Finite ℝ E]` and `[FiniteDimensional ℝ E]` may be removed.

When a data-carrying type class has multiple potential instances coming from different instance parameters, then these potential instances are incompatible. This is an example of an "instance diamond", which leads to unexpected unification failures.

Delete or combine some of your instance parameters to avoid this.

Note: This linter can be disabled with `set_option linter.overlappingInstances false`
⚠ [3071/3091] Replayed DoCarmoLib.Riemannian.Connection.ChartCurvature
warning: DoCarmoLib/Riemannian/Connection/ChartCurvature.lean:64:8: Overlapping instance parameters in `exists_contMDiff_eventuallyEq`:

⚠️ `[NormedSpace ℝ E]` and `[InnerProductSpace ℝ E]` can be used to infer conflicting versions of `[SMul ℝ E]`.
💡️ Of these, `[NormedSpace ℝ E]` may be removed.

When a data-carrying type class has multiple potential instances coming from different instance parameters, then these potential instances are incompatible. This is an example of an "instance diamond", which leads to unexpected unification failures.

Delete or combine some of your instance parameters to avoid this.

Note: This linter can be disabled with `set_option linter.overlappingInstances false`
warning: DoCarmoLib/Riemannian/Connection/ChartCurvature.lean:113:4: Overlapping instance parameters in `chartFrameField`:

⚠️ `[NormedSpace ℝ E]` and `[InnerProductSpace ℝ E]` can be used to infer conflicting versions of `[SMul ℝ E]`.
💡️ Of these, `[NormedSpace ℝ E]` may be removed.

When a data-carrying type class has multiple potential instances coming from different instance parameters, then these potential instances are incompatible. This is an example of an "instance diamond", which leads to unexpected unification failures.

Delete or combine some of your instance parameters to avoid this.

Note: This linter can be disabled with `set_option linter.overlappingInstances false`
warning: DoCarmoLib/Riemannian/Connection/ChartCurvature.lean:123:8: Overlapping instance parameters in `chartFrameField_eventuallyEq`:

⚠️ `[NormedSpace ℝ E]` and `[InnerProductSpace ℝ E]` can be used to infer conflicting versions of `[SMul ℝ E]`.
💡️ Of these, `[NormedSpace ℝ E]` may be removed.

When a data-carrying type class has multiple potential instances coming from different instance parameters, then these potential instances are incompatible. This is an example of an "instance diamond", which leads to unexpected unification failures.

Delete or combine some of your instance parameters to avoid this.

Note: This linter can be disabled with `set_option linter.overlappingInstances false`
warning: DoCarmoLib/Riemannian/Connection/ChartCurvature.lean:132:8: Overlapping instance parameters in `chartFrameField_apply_self`:

⚠️ `[NormedSpace ℝ E]` and `[InnerProductSpace ℝ E]` can be used to infer conflicting versions of `[SMul ℝ E]`.
💡️ Of these, `[NormedSpace ℝ E]` may be removed.

When a data-carrying type class has multiple potential instances coming from different instance parameters, then these potential instances are incompatible. This is an example of an "instance diamond", which leads to unexpected unification failures.

Delete or combine some of your instance parameters to avoid this.

Note: This linter can be disabled with `set_option linter.overlappingInstances false`
warning: DoCarmoLib/Riemannian/Connection/ChartCurvature.lean:146:8: Overlapping instance parameters in `cov_apply_eq_zero_of_eventuallyEq_zero_right`:

⚠️ `[NormedSpace ℝ E]` and `[InnerProductSpace ℝ E]` can be used to infer conflicting versions of `[SMul ℝ E]`.
💡️ Of these, `[NormedSpace ℝ E]` may be removed.

When a data-carrying type class has multiple potential instances coming from different instance parameters, then these potential instances are incompatible. This is an example of an "instance diamond", which leads to unexpected unification failures.

Delete or combine some of your instance parameters to avoid this.

Note: This linter can be disabled with `set_option linter.overlappingInstances false`
warning: DoCarmoLib/Riemannian/Connection/ChartCurvature.lean:159:8: Overlapping instance parameters in `cov_congr_apply_eventuallyEq_right`:

⚠️ `[NormedSpace ℝ E]` and `[InnerProductSpace ℝ E]` can be used to infer conflicting versions of `[SMul ℝ E]`.
💡️ Of these, `[NormedSpace ℝ E]` may be removed.

When a data-carrying type class has multiple potential instances coming from different instance parameters, then these potential instances are incompatible. This is an example of an "instance diamond", which leads to unexpected unification failures.

Delete or combine some of your instance parameters to avoid this.

Note: This linter can be disabled with `set_option linter.overlappingInstances false`
warning: DoCarmoLib/Riemannian/Connection/ChartCurvature.lean:175:8: Overlapping instance parameters in `cov_smulSum_apply`:

⚠️ `[NormedSpace ℝ E]` and `[InnerProductSpace ℝ E]` can be used to infer conflicting versions of `[SMul ℝ E]`.
💡️ Of these, `[NormedSpace ℝ E]` may be removed.

When a data-carrying type class has multiple potential instances coming from different instance parameters, then these potential instances are incompatible. This is an example of an "instance diamond", which leads to unexpected unification failures.

Delete or combine some of your instance parameters to avoid this.

Note: This linter can be disabled with `set_option linter.overlappingInstances false`
warning: DoCarmoLib/Riemannian/Connection/ChartCurvature.lean:213:8: Overlapping instance parameters in `mfderiv_chartChristoffel_eq_partialDeriv`:

⚠️ `[NormedSpace ℝ E]` and `[InnerProductSpace ℝ E]` can be used to infer conflicting versions of `[SMul ℝ E]`.
💡️ Of these, `[NormedSpace ℝ E]` may be removed.

When a data-carrying type class has multiple potential instances coming from different instance parameters, then these potential instances are incompatible. This is an example of an "instance diamond", which leads to unexpected unification failures.

Delete or combine some of your instance parameters to avoid this.

Note: This linter can be disabled with `set_option linter.overlappingInstances false`
warning: DoCarmoLib/Riemannian/Connection/ChartCurvature.lean:252:8: Overlapping instance parameters in `leviCivita_cov_chartFrameField_expansion`:

⚠️ `[NormedSpace ℝ E]` and `[InnerProductSpace ℝ E]` can be used to infer conflicting versions of `[SMul ℝ E]`.
💡️ Of these, `[NormedSpace ℝ E]` may be removed.

When a data-carrying type class has multiple potential instances coming from different instance parameters, then these potential instances are incompatible. This is an example of an "instance diamond", which leads to unexpected unification failures.

Delete or combine some of your instance parameters to avoid this.

Note: This linter can be disabled with `set_option linter.overlappingInstances false`
warning: DoCarmoLib/Riemannian/Connection/ChartCurvature.lean:301:16: Overlapping instance parameters in `leviCivita_cov_cov_chartFrameField`:

⚠️ `[NormedSpace ℝ E]` and `[InnerProductSpace ℝ E]` can be used to infer conflicting versions of `[SMul ℝ E]`.
💡️ Of these, `[NormedSpace ℝ E]` may be removed.

When a data-carrying type class has multiple potential instances coming from different instance parameters, then these potential instances are incompatible. This is an example of an "instance diamond", which leads to unexpected unification failures.

Delete or combine some of your instance parameters to avoid this.

Note: This linter can be disabled with `set_option linter.overlappingInstances false`
warning: DoCarmoLib/Riemannian/Connection/ChartCurvature.lean:445:8: Overlapping instance parameters in `leviCivita_curvature_chartFrame_expansion`:

⚠️ `[NormedSpace ℝ E]` and `[InnerProductSpace ℝ E]` can be used to infer conflicting versions of `[SMul ℝ E]`.
💡️ Of these, `[NormedSpace ℝ E]` may be removed.

When a data-carrying type class has multiple potential instances coming from different instance parameters, then these potential instances are incompatible. This is an example of an "instance diamond", which leads to unexpected unification failures.

Delete or combine some of your instance parameters to avoid this.

Note: This linter can be disabled with `set_option linter.overlappingInstances false`
ℹ [3075/3091] Replayed MorganTianLib.Ch03.RicciFlow.MetricCoordinateVariation
info: MorganTianLib/Ch03/RicciFlow/MetricCoordinateVariation.lean:881:0: 'MorganTianLib.hasDerivWithinAt_chartGramMatrix' depends on axioms: [propext, Classical.choice, Quot.sound]
info: MorganTianLib/Ch03/RicciFlow/MetricCoordinateVariation.lean:882:0: 'MorganTianLib.hasDerivWithinAt_chartGramOnE' depends on axioms: [propext, Classical.choice, Quot.sound]
info: MorganTianLib/Ch03/RicciFlow/MetricCoordinateVariation.lean:883:0: 'MorganTianLib.hasDerivWithinAt_chartInvGramMatrix_apply' depends on axioms: [propext, Classical.choice, Quot.sound]
info: MorganTianLib/Ch03/RicciFlow/MetricCoordinateVariation.lean:884:0: 'MorganTianLib.hasDerivAt_spatialFDeriv_timeLine' depends on axioms: [propext, Classical.choice, Quot.sound]
info: MorganTianLib/Ch03/RicciFlow/MetricCoordinateVariation.lean:885:0: 'MorganTianLib.contMDiffOn_chartGramMatrix_timeSpace' depends on axioms: [propext, Classical.choice, Quot.sound]
info: MorganTianLib/Ch03/RicciFlow/MetricCoordinateVariation.lean:886:0: 'MorganTianLib.contDiffOn_chartGramOnE_timeSpace' depends on axioms: [propext, Classical.choice, Quot.sound]
info: MorganTianLib/Ch03/RicciFlow/MetricCoordinateVariation.lean:887:0: 'MorganTianLib.hasDerivAt_partialDeriv_chartGramOnE' depends on axioms: [propext, Classical.choice, Quot.sound]
info: MorganTianLib/Ch03/RicciFlow/MetricCoordinateVariation.lean:888:0: 'MorganTianLib.hasDerivAt_chartChristoffel' depends on axioms: [propext, Classical.choice, Quot.sound]
info: MorganTianLib/Ch03/RicciFlow/MetricCoordinateVariation.lean:889:0: 'MorganTianLib.contDiffOn_chartInvGramOnE_timeSpace' depends on axioms: [propext, Classical.choice, Quot.sound]
info: MorganTianLib/Ch03/RicciFlow/MetricCoordinateVariation.lean:890:0: 'MorganTianLib.contDiffOn_chartChristoffel_timeSpace' depends on axioms: [propext, Classical.choice, Quot.sound]
info: MorganTianLib/Ch03/RicciFlow/MetricCoordinateVariation.lean:891:0: 'MorganTianLib.hasDerivAt_partialDeriv_chartChristoffel' depends on axioms: [propext, Classical.choice, Quot.sound]
✔ [3076/3091] Built CurveControl.Analysis.RegularizedNorm (13s)
ℹ [3077/3091] Built CurveControl.Analysis.CoupledComparison (14s)
info: CurveControl/Analysis/CoupledComparison.lean:101:0: 'CurveControl.Analysis.le_exp_of_deriv_right_le' depends on axioms: [propext, Classical.choice, Quot.sound]
info: CurveControl/Analysis/CoupledComparison.lean:102:0: 'CurveControl.Analysis.coupled_exp_comparison_right' depends on axioms: [propext, Classical.choice, Quot.sound]
info: CurveControl/Analysis/CoupledComparison.lean:103:0: 'CurveControl.Analysis.coupled_exp_comparison' depends on axioms: [propext, Classical.choice, Quot.sound]
info: CurveControl/Analysis/CoupledComparison.lean:104:0: 'CurveControl.Analysis.family_coupled_exp_comparison_right' depends on axioms: [propext, Classical.choice, Quot.sound]
ℹ [3078/3091] Built CurveControl.Analysis.WeightedIntegral (16s)
info: CurveControl/Analysis/WeightedIntegral.lean:139:0: 'CurveControl.Analysis.hasDerivAt_weightedIntegral' depends on axioms: [propext, Classical.choice, Quot.sound]
info: CurveControl/Analysis/WeightedIntegral.lean:140:0: 'CurveControl.Analysis.hasDerivAt_weightedIntegral_of_densityEvolution' depends on axioms: [propext,
 Classical.choice,
 Quot.sound]
info: CurveControl/Analysis/WeightedIntegral.lean:141:0: 'CurveControl.Analysis.continuousOn_weightedIntegral' depends on axioms: [propext, Classical.choice, Quot.sound]
info: CurveControl/Analysis/WeightedIntegral.lean:142:0: 'CurveControl.Analysis.hasDerivAt_weightedIntegral_interior' depends on axioms: [propext, Classical.choice, Quot.sound]
info: CurveControl/Analysis/WeightedIntegral.lean:143:0: 'CurveControl.Analysis.integral_deriv_eq_zero_of_endpoints' depends on axioms: [propext, Classical.choice, Quot.sound]
info: CurveControl/Analysis/WeightedIntegral.lean:144:0: 'CurveControl.Analysis.integral_arcDeriv_arcDeriv_eq_zero' depends on axioms: [propext, Classical.choice, Quot.sound]
ℹ [3079/3091] Built CurveControl.Analysis.EnergyIntegral (16s)
info: CurveControl/Analysis/EnergyIntegral.lean:98:0: 'CurveControl.Analysis.weighted_energy_integral_le' depends on axioms: [propext, Classical.choice, Quot.sound]
info: CurveControl/Analysis/EnergyIntegral.lean:99:0: 'CurveControl.Analysis.energy_integral_le' depends on axioms: [propext, Classical.choice, Quot.sound]
✔ [3080/3091] Built CurveControl.Geometry.EvolvingConnection (16s)
ℹ [3081/3091] Built CurveControl.Geometry.MovingMetric (19s)
info: CurveControl/Geometry/MovingMetric.lean:124:0: 'CurveControl.Geometry.hasDerivAt_diagonal_of_slices' depends on axioms: [propext, Classical.choice, Quot.sound]
info: CurveControl/Geometry/MovingMetric.lean:125:0: 'CurveControl.Geometry.differentiableAt_metricInner_time_curve' depends on axioms: [propext,
 Classical.choice,
 Quot.sound]
info: CurveControl/Geometry/MovingMetric.lean:126:0: 'CurveControl.Geometry.hasDerivAt_movingMetricInner' depends on axioms: [propext, Classical.choice, Quot.sound]
info: CurveControl/Geometry/MovingMetric.lean:127:0: 'CurveControl.Geometry.hasDerivAt_ricciFlow_field_sq' depends on axioms: [propext, Classical.choice, Quot.sound]
⚠ [3082/3091] Built CurveControl.Geometry.Basic (20s)
warning: CurveControl/Geometry/Basic.lean:29:4: Overlapping instance parameters in `IsClosedCurve`:

⚠️ `[NormedSpace ℝ E]` and `[InnerProductSpace ℝ E]` can be used to infer conflicting versions of `[SMul ℝ E]`.
💡️ Of these, `[NormedSpace ℝ E]` may be removed.
⚠️ `[Module.Finite ℝ E]` and `[FiniteDimensional ℝ E]` each imply `[Module.Finite ℝ E]`.
💡️ Of these, `[Module.Finite ℝ E]` and `[FiniteDimensional ℝ E]` may be removed.

When a data-carrying type class has multiple potential instances coming from different instance parameters, then these potential instances are incompatible. This is an example of an "instance diamond", which leads to unexpected unification failures.

Delete or combine some of your instance parameters to avoid this.

Note: This linter can be disabled with `set_option linter.overlappingInstances false`
warning: CurveControl/Geometry/Basic.lean:28:0: docstring should start with **Math.**, **Eng.**, or **Mixed.** (got: "Period-one closure of the spatial parame…")

Note: This linter can be disabled with `set_option linter.shared.mathTag false`
warning: CurveControl/Geometry/Basic.lean:32:4: Overlapping instance parameters in `curveSpeed`:

⚠️ `[NormedSpace ℝ E]` and `[InnerProductSpace ℝ E]` can be used to infer conflicting versions of `[SMul ℝ E]`.
💡️ Of these, `[NormedSpace ℝ E]` may be removed.
⚠️ `[Module.Finite ℝ E]` and `[FiniteDimensional ℝ E]` each imply `[Module.Finite ℝ E]`.
💡️ Of these, `[Module.Finite ℝ E]` and `[FiniteDimensional ℝ E]` may be removed.

When a data-carrying type class has multiple potential instances coming from different instance parameters, then these potential instances are incompatible. This is an example of an "instance diamond", which leads to unexpected unification failures.

Delete or combine some of your instance parameters to avoid this.

Note: This linter can be disabled with `set_option linter.overlappingInstances false`
warning: CurveControl/Geometry/Basic.lean:31:0: docstring should start with **Math.**, **Eng.**, or **Mixed.** (got: "Speed for the actual Riemannian metric a…")

Note: This linter can be disabled with `set_option linter.shared.mathTag false`
warning: CurveControl/Geometry/Basic.lean:37:4: Overlapping instance parameters in `unitTangent`:

⚠️ `[NormedSpace ℝ E]` and `[InnerProductSpace ℝ E]` can be used to infer conflicting versions of `[SMul ℝ E]`.
💡️ Of these, `[NormedSpace ℝ E]` may be removed.
⚠️ `[Module.Finite ℝ E]` and `[FiniteDimensional ℝ E]` each imply `[Module.Finite ℝ E]`.
💡️ Of these, `[Module.Finite ℝ E]` and `[FiniteDimensional ℝ E]` may be removed.

When a data-carrying type class has multiple potential instances coming from different instance parameters, then these potential instances are incompatible. This is an example of an "instance diamond", which leads to unexpected unification failures.

Delete or combine some of your instance parameters to avoid this.

Note: This linter can be disabled with `set_option linter.overlappingInstances false`
warning: CurveControl/Geometry/Basic.lean:36:0: docstring should start with **Math.**, **Eng.**, or **Mixed.** (got: "Unit spatial tangent, meaningful when th…")

Note: This linter can be disabled with `set_option linter.shared.mathTag false`
warning: CurveControl/Geometry/Basic.lean:42:4: Overlapping instance parameters in `covDerivAlong`:

⚠️ `[NormedSpace ℝ E]` and `[InnerProductSpace ℝ E]` can be used to infer conflicting versions of `[SMul ℝ E]`.
💡️ Of these, `[NormedSpace ℝ E]` may be removed.
⚠️ `[Module.Finite ℝ E]` and `[FiniteDimensional ℝ E]` each imply `[Module.Finite ℝ E]`.
💡️ Of these, `[Module.Finite ℝ E]` and `[FiniteDimensional ℝ E]` may be removed.

When a data-carrying type class has multiple potential instances coming from different instance parameters, then these potential instances are incompatible. This is an example of an "instance diamond", which leads to unexpected unification failures.

Delete or combine some of your instance parameters to avoid this.

Note: This linter can be disabled with `set_option linter.overlappingInstances false`
warning: CurveControl/Geometry/Basic.lean:41:0: docstring should start with **Math.**, **Eng.**, or **Mixed.** (got: "Actual covariant derivative in the movin…")

Note: This linter can be disabled with `set_option linter.shared.mathTag false`
warning: CurveControl/Geometry/Basic.lean:50:0: automatically included section variable(s) unused in theorem `CurveControl.Geometry.covDerivAlong_eq_of_hasCovDeriv`:
  [InnerProductSpace ℝ E]
  [Module.Finite ℝ E]
  [NeZero (Module.finrank ℝ E)]
  [I.Boundaryless]
consider restructuring your `variable` declarations so that the variables are not in scope or explicitly omit them:
  omit [InnerProductSpace ℝ E] [Module.Finite ℝ E] [NeZero (Module.finrank ℝ E)] [I.Boundaryless] in theorem ...

Note: This linter can be disabled with `set_option linter.unusedSectionVars false`
warning: CurveControl/Geometry/Basic.lean:50:8: Overlapping instance parameters in `covDerivAlong_eq_of_hasCovDeriv`:

⚠️ `[NormedSpace ℝ E]` and `[InnerProductSpace ℝ E]` can be used to infer conflicting versions of `[SMul ℝ E]`.
💡️ Of these, `[NormedSpace ℝ E]` may be removed.
⚠️ `[Module.Finite ℝ E]` and `[FiniteDimensional ℝ E]` each imply `[Module.Finite ℝ E]`.
💡️ Of these, `[Module.Finite ℝ E]` and `[FiniteDimensional ℝ E]` may be removed.

When a data-carrying type class has multiple potential instances coming from different instance parameters, then these potential instances are incompatible. This is an example of an "instance diamond", which leads to unexpected unification failures.

Delete or combine some of your instance parameters to avoid this.

Note: This linter can be disabled with `set_option linter.overlappingInstances false`
warning: CurveControl/Geometry/Basic.lean:49:0: docstring should start with **Math.**, **Eng.**, or **Mixed.** (got: "Identifies the totalized derivative with…")

Note: This linter can be disabled with `set_option linter.shared.mathTag false`
warning: CurveControl/Geometry/Basic.lean:60:4: Overlapping instance parameters in `curvatureVector`:

⚠️ `[NormedSpace ℝ E]` and `[InnerProductSpace ℝ E]` can be used to infer conflicting versions of `[SMul ℝ E]`.
💡️ Of these, `[NormedSpace ℝ E]` may be removed.
⚠️ `[Module.Finite ℝ E]` and `[FiniteDimensional ℝ E]` each imply `[Module.Finite ℝ E]`.
💡️ Of these, `[Module.Finite ℝ E]` and `[FiniteDimensional ℝ E]` may be removed.

When a data-carrying type class has multiple potential instances coming from different instance parameters, then these potential instances are incompatible. This is an example of an "instance diamond", which leads to unexpected unification failures.

Delete or combine some of your instance parameters to avoid this.

Note: This linter can be disabled with `set_option linter.overlappingInstances false`
warning: CurveControl/Geometry/Basic.lean:59:0: docstring should start with **Math.**, **Eng.**, or **Mixed.** (got: "Curvature vector `∇ₛS = speed⁻¹ ∇ₓS`.…")

Note: This linter can be disabled with `set_option linter.shared.mathTag false`
warning: CurveControl/Geometry/Basic.lean:65:4: Overlapping instance parameters in `curvatureSq`:

⚠️ `[NormedSpace ℝ E]` and `[InnerProductSpace ℝ E]` can be used to infer conflicting versions of `[SMul ℝ E]`.
💡️ Of these, `[NormedSpace ℝ E]` may be removed.
⚠️ `[Module.Finite ℝ E]` and `[FiniteDimensional ℝ E]` each imply `[Module.Finite ℝ E]`.
💡️ Of these, `[Module.Finite ℝ E]` and `[FiniteDimensional ℝ E]` may be removed.

When a data-carrying type class has multiple potential instances coming from different instance parameters, then these potential instances are incompatible. This is an example of an "instance diamond", which leads to unexpected unification failures.

Delete or combine some of your instance parameters to avoid this.

Note: This linter can be disabled with `set_option linter.overlappingInstances false`
warning: CurveControl/Geometry/Basic.lean:64:0: docstring should start with **Math.**, **Eng.**, or **Mixed.** (got: "Squared norm of the curvature vector.…")

Note: This linter can be disabled with `set_option linter.shared.mathTag false`
warning: CurveControl/Geometry/Basic.lean:68:4: Overlapping instance parameters in `curvature`:

⚠️ `[NormedSpace ℝ E]` and `[InnerProductSpace ℝ E]` can be used to infer conflicting versions of `[SMul ℝ E]`.
💡️ Of these, `[NormedSpace ℝ E]` may be removed.
⚠️ `[Module.Finite ℝ E]` and `[FiniteDimensional ℝ E]` each imply `[Module.Finite ℝ E]`.
💡️ Of these, `[Module.Finite ℝ E]` and `[FiniteDimensional ℝ E]` may be removed.

When a data-carrying type class has multiple potential instances coming from different instance parameters, then these potential instances are incompatible. This is an example of an "instance diamond", which leads to unexpected unification failures.

Delete or combine some of your instance parameters to avoid this.

Note: This linter can be disabled with `set_option linter.overlappingInstances false`
warning: CurveControl/Geometry/Basic.lean:72:4: Overlapping instance parameters in `regularizedCurvature`:

⚠️ `[NormedSpace ℝ E]` and `[InnerProductSpace ℝ E]` can be used to infer conflicting versions of `[SMul ℝ E]`.
💡️ Of these, `[NormedSpace ℝ E]` may be removed.
⚠️ `[Module.Finite ℝ E]` and `[FiniteDimensional ℝ E]` each imply `[Module.Finite ℝ E]`.
💡️ Of these, `[Module.Finite ℝ E]` and `[FiniteDimensional ℝ E]` may be removed.

When a data-carrying type class has multiple potential instances coming from different instance parameters, then these potential instances are incompatible. This is an example of an "instance diamond", which leads to unexpected unification failures.

Delete or combine some of your instance parameters to avoid this.

Note: This linter can be disabled with `set_option linter.overlappingInstances false`
warning: CurveControl/Geometry/Basic.lean:71:0: docstring should start with **Math.**, **Eng.**, or **Mixed.** (got: "Regularization that remains meaningful a…")

Note: This linter can be disabled with `set_option linter.shared.mathTag false`
warning: CurveControl/Geometry/Basic.lean:76:4: Overlapping instance parameters in `curveLength`:

⚠️ `[NormedSpace ℝ E]` and `[InnerProductSpace ℝ E]` can be used to infer conflicting versions of `[SMul ℝ E]`.
💡️ Of these, `[NormedSpace ℝ E]` may be removed.
⚠️ `[Module.Finite ℝ E]` and `[FiniteDimensional ℝ E]` each imply `[Module.Finite ℝ E]`.
💡️ Of these, `[Module.Finite ℝ E]` and `[FiniteDimensional ℝ E]` may be removed.

When a data-carrying type class has multiple potential instances coming from different instance parameters, then these potential instances are incompatible. This is an example of an "instance diamond", which leads to unexpected unification failures.

Delete or combine some of your instance parameters to avoid this.

Note: This linter can be disabled with `set_option linter.overlappingInstances false`
warning: CurveControl/Geometry/Basic.lean:75:0: docstring should start with **Math.**, **Eng.**, or **Mixed.** (got: "Length over one parameter period; integr…")

Note: This linter can be disabled with `set_option linter.shared.mathTag false`
warning: CurveControl/Geometry/Basic.lean:80:4: Overlapping instance parameters in `totalCurvature`:

⚠️ `[NormedSpace ℝ E]` and `[InnerProductSpace ℝ E]` can be used to infer conflicting versions of `[SMul ℝ E]`.
💡️ Of these, `[NormedSpace ℝ E]` may be removed.
⚠️ `[Module.Finite ℝ E]` and `[FiniteDimensional ℝ E]` each imply `[Module.Finite ℝ E]`.
💡️ Of these, `[Module.Finite ℝ E]` and `[FiniteDimensional ℝ E]` may be removed.

When a data-carrying type class has multiple potential instances coming from different instance parameters, then these potential instances are incompatible. This is an example of an "instance diamond", which leads to unexpected unification failures.

Delete or combine some of your instance parameters to avoid this.

Note: This linter can be disabled with `set_option linter.overlappingInstances false`
warning: CurveControl/Geometry/Basic.lean:79:0: docstring should start with **Math.**, **Eng.**, or **Mixed.** (got: "Total curvature with the actual arc-leng…")

Note: This linter can be disabled with `set_option linter.shared.mathTag false`
warning: CurveControl/Geometry/Basic.lean:84:4: Overlapping instance parameters in `regularizedTotalCurvature`:

⚠️ `[NormedSpace ℝ E]` and `[InnerProductSpace ℝ E]` can be used to infer conflicting versions of `[SMul ℝ E]`.
💡️ Of these, `[NormedSpace ℝ E]` may be removed.
⚠️ `[Module.Finite ℝ E]` and `[FiniteDimensional ℝ E]` each imply `[Module.Finite ℝ E]`.
💡️ Of these, `[Module.Finite ℝ E]` and `[FiniteDimensional ℝ E]` may be removed.

When a data-carrying type class has multiple potential instances coming from different instance parameters, then these potential instances are incompatible. This is an example of an "instance diamond", which leads to unexpected unification failures.

Delete or combine some of your instance parameters to avoid this.

Note: This linter can be disabled with `set_option linter.overlappingInstances false`
warning: CurveControl/Geometry/Basic.lean:83:0: docstring should start with **Math.**, **Eng.**, or **Mixed.** (got: "Regularized total curvature with the act…")

Note: This linter can be disabled with `set_option linter.shared.mathTag false`
warning: CurveControl/Geometry/Basic.lean:89:4: Overlapping instance parameters in `curvatureEnergy`:

⚠️ `[NormedSpace ℝ E]` and `[InnerProductSpace ℝ E]` can be used to infer conflicting versions of `[SMul ℝ E]`.
💡️ Of these, `[NormedSpace ℝ E]` may be removed.
⚠️ `[Module.Finite ℝ E]` and `[FiniteDimensional ℝ E]` each imply `[Module.Finite ℝ E]`.
💡️ Of these, `[Module.Finite ℝ E]` and `[FiniteDimensional ℝ E]` may be removed.

When a data-carrying type class has multiple potential instances coming from different instance parameters, then these potential instances are incompatible. This is an example of an "instance diamond", which leads to unexpected unification failures.

Delete or combine some of your instance parameters to avoid this.

Note: This linter can be disabled with `set_option linter.overlappingInstances false`
warning: CurveControl/Geometry/Basic.lean:88:0: docstring should start with **Math.**, **Eng.**, or **Mixed.** (got: "Integral of squared curvature against ar…")

Note: This linter can be disabled with `set_option linter.shared.mathTag false`
warning: CurveControl/Geometry/Basic.lean:92:0: automatically included section variable(s) unused in theorem `CurveControl.Geometry.curveSpeed_nonneg`:
  [InnerProductSpace ℝ E]
  [Module.Finite ℝ E]
  [FiniteDimensional ℝ E]
  [NeZero (Module.finrank ℝ E)]
  [I.Boundaryless]
consider restructuring your `variable` declarations so that the variables are not in scope or explicitly omit them:
  omit [InnerProductSpace ℝ
  E] [Module.Finite ℝ E] [FiniteDimensional ℝ E] [NeZero (Module.finrank ℝ E)] [I.Boundaryless] in theorem ...

Note: This linter can be disabled with `set_option linter.unusedSectionVars false`
warning: CurveControl/Geometry/Basic.lean:92:8: Overlapping instance parameters in `curveSpeed_nonneg`:

⚠️ `[NormedSpace ℝ E]` and `[InnerProductSpace ℝ E]` can be used to infer conflicting versions of `[SMul ℝ E]`.
💡️ Of these, `[NormedSpace ℝ E]` may be removed.
⚠️ `[Module.Finite ℝ E]` and `[FiniteDimensional ℝ E]` each imply `[Module.Finite ℝ E]`.
💡️ Of these, `[Module.Finite ℝ E]` and `[FiniteDimensional ℝ E]` may be removed.

When a data-carrying type class has multiple potential instances coming from different instance parameters, then these potential instances are incompatible. This is an example of an "instance diamond", which leads to unexpected unification failures.

Delete or combine some of your instance parameters to avoid this.

Note: This linter can be disabled with `set_option linter.overlappingInstances false`
warning: CurveControl/Geometry/Basic.lean:95:0: automatically included section variable(s) unused in theorem `CurveControl.Geometry.curveSpeed_sq`:
  [InnerProductSpace ℝ E]
  [Module.Finite ℝ E]
  [FiniteDimensional ℝ E]
  [NeZero (Module.finrank ℝ E)]
  [I.Boundaryless]
consider restructuring your `variable` declarations so that the variables are not in scope or explicitly omit them:
  omit [InnerProductSpace ℝ
  E] [Module.Finite ℝ E] [FiniteDimensional ℝ E] [NeZero (Module.finrank ℝ E)] [I.Boundaryless] in theorem ...

Note: This linter can be disabled with `set_option linter.unusedSectionVars false`
warning: CurveControl/Geometry/Basic.lean:95:8: Overlapping instance parameters in `curveSpeed_sq`:

⚠️ `[NormedSpace ℝ E]` and `[InnerProductSpace ℝ E]` can be used to infer conflicting versions of `[SMul ℝ E]`.
💡️ Of these, `[NormedSpace ℝ E]` may be removed.
⚠️ `[Module.Finite ℝ E]` and `[FiniteDimensional ℝ E]` each imply `[Module.Finite ℝ E]`.
💡️ Of these, `[Module.Finite ℝ E]` and `[FiniteDimensional ℝ E]` may be removed.

When a data-carrying type class has multiple potential instances coming from different instance parameters, then these potential instances are incompatible. This is an example of an "instance diamond", which leads to unexpected unification failures.

Delete or combine some of your instance parameters to avoid this.

Note: This linter can be disabled with `set_option linter.overlappingInstances false`
warning: CurveControl/Geometry/Basic.lean:100:0: automatically included section variable(s) unused in theorem `CurveControl.Geometry.curveSpeed_pos`:
  [InnerProductSpace ℝ E]
  [Module.Finite ℝ E]
  [FiniteDimensional ℝ E]
  [NeZero (Module.finrank ℝ E)]
  [I.Boundaryless]
consider restructuring your `variable` declarations so that the variables are not in scope or explicitly omit them:
  omit [InnerProductSpace ℝ
  E] [Module.Finite ℝ E] [FiniteDimensional ℝ E] [NeZero (Module.finrank ℝ E)] [I.Boundaryless] in theorem ...

Note: This linter can be disabled with `set_option linter.unusedSectionVars false`
warning: CurveControl/Geometry/Basic.lean:100:8: Overlapping instance parameters in `curveSpeed_pos`:

⚠️ `[NormedSpace ℝ E]` and `[InnerProductSpace ℝ E]` can be used to infer conflicting versions of `[SMul ℝ E]`.
💡️ Of these, `[NormedSpace ℝ E]` may be removed.
⚠️ `[Module.Finite ℝ E]` and `[FiniteDimensional ℝ E]` each imply `[Module.Finite ℝ E]`.
💡️ Of these, `[Module.Finite ℝ E]` and `[FiniteDimensional ℝ E]` may be removed.

When a data-carrying type class has multiple potential instances coming from different instance parameters, then these potential instances are incompatible. This is an example of an "instance diamond", which leads to unexpected unification failures.

Delete or combine some of your instance parameters to avoid this.

Note: This linter can be disabled with `set_option linter.overlappingInstances false`
warning: CurveControl/Geometry/Basic.lean:104:0: automatically included section variable(s) unused in theorem `CurveControl.Geometry.unitTangent_unit`:
  [Module.Finite ℝ E]
consider restructuring your `variable` declarations so that the variables are not in scope or explicitly omit them:
  omit [Module.Finite ℝ E] in theorem ...

Note: This linter can be disabled with `set_option linter.unusedSectionVars false`
warning: CurveControl/Geometry/Basic.lean:104:8: Overlapping instance parameters in `unitTangent_unit`:

⚠️ `[NormedSpace ℝ E]` and `[InnerProductSpace ℝ E]` can be used to infer conflicting versions of `[SMul ℝ E]`.
💡️ Of these, `[NormedSpace ℝ E]` may be removed.
⚠️ `[Module.Finite ℝ E]` and `[FiniteDimensional ℝ E]` each imply `[Module.Finite ℝ E]`.
💡️ Of these, `[Module.Finite ℝ E]` and `[FiniteDimensional ℝ E]` may be removed.

When a data-carrying type class has multiple potential instances coming from different instance parameters, then these potential instances are incompatible. This is an example of an "instance diamond", which leads to unexpected unification failures.

Delete or combine some of your instance parameters to avoid this.

Note: This linter can be disabled with `set_option linter.overlappingInstances false`
warning: CurveControl/Geometry/Basic.lean:112:0: automatically included section variable(s) unused in theorem `CurveControl.Geometry.curvatureSq_nonneg`:
  [InnerProductSpace ℝ E]
  [Module.Finite ℝ E]
  [NeZero (Module.finrank ℝ E)]
  [I.Boundaryless]
consider restructuring your `variable` declarations so that the variables are not in scope or explicitly omit them:
  omit [InnerProductSpace ℝ E] [Module.Finite ℝ E] [NeZero (Module.finrank ℝ E)] [I.Boundaryless] in theorem ...

Note: This linter can be disabled with `set_option linter.unusedSectionVars false`
warning: CurveControl/Geometry/Basic.lean:112:8: Overlapping instance parameters in `curvatureSq_nonneg`:

⚠️ `[NormedSpace ℝ E]` and `[InnerProductSpace ℝ E]` can be used to infer conflicting versions of `[SMul ℝ E]`.
💡️ Of these, `[NormedSpace ℝ E]` may be removed.
⚠️ `[Module.Finite ℝ E]` and `[FiniteDimensional ℝ E]` each imply `[Module.Finite ℝ E]`.
💡️ Of these, `[Module.Finite ℝ E]` and `[FiniteDimensional ℝ E]` may be removed.

When a data-carrying type class has multiple potential instances coming from different instance parameters, then these potential instances are incompatible. This is an example of an "instance diamond", which leads to unexpected unification failures.

Delete or combine some of your instance parameters to avoid this.

Note: This linter can be disabled with `set_option linter.overlappingInstances false`
warning: CurveControl/Geometry/Basic.lean:115:0: automatically included section variable(s) unused in theorem `CurveControl.Geometry.curvature_nonneg`:
  [InnerProductSpace ℝ E]
  [Module.Finite ℝ E]
  [NeZero (Module.finrank ℝ E)]
  [I.Boundaryless]
consider restructuring your `variable` declarations so that the variables are not in scope or explicitly omit them:
  omit [InnerProductSpace ℝ E] [Module.Finite ℝ E] [NeZero (Module.finrank ℝ E)] [I.Boundaryless] in theorem ...

Note: This linter can be disabled with `set_option linter.unusedSectionVars false`
warning: CurveControl/Geometry/Basic.lean:115:8: Overlapping instance parameters in `curvature_nonneg`:

⚠️ `[NormedSpace ℝ E]` and `[InnerProductSpace ℝ E]` can be used to infer conflicting versions of `[SMul ℝ E]`.
💡️ Of these, `[NormedSpace ℝ E]` may be removed.
⚠️ `[Module.Finite ℝ E]` and `[FiniteDimensional ℝ E]` each imply `[Module.Finite ℝ E]`.
💡️ Of these, `[Module.Finite ℝ E]` and `[FiniteDimensional ℝ E]` may be removed.

When a data-carrying type class has multiple potential instances coming from different instance parameters, then these potential instances are incompatible. This is an example of an "instance diamond", which leads to unexpected unification failures.

Delete or combine some of your instance parameters to avoid this.

Note: This linter can be disabled with `set_option linter.overlappingInstances false`
warning: CurveControl/Geometry/Basic.lean:118:0: automatically included section variable(s) unused in theorem `CurveControl.Geometry.curvature_sq`:
  [Module.Finite ℝ E]
consider restructuring your `variable` declarations so that the variables are not in scope or explicitly omit them:
  omit [Module.Finite ℝ E] in theorem ...

Note: This linter can be disabled with `set_option linter.unusedSectionVars false`
warning: CurveControl/Geometry/Basic.lean:118:8: Overlapping instance parameters in `curvature_sq`:

⚠️ `[NormedSpace ℝ E]` and `[InnerProductSpace ℝ E]` can be used to infer conflicting versions of `[SMul ℝ E]`.
💡️ Of these, `[NormedSpace ℝ E]` may be removed.
⚠️ `[Module.Finite ℝ E]` and `[FiniteDimensional ℝ E]` each imply `[Module.Finite ℝ E]`.
💡️ Of these, `[Module.Finite ℝ E]` and `[FiniteDimensional ℝ E]` may be removed.

When a data-carrying type class has multiple potential instances coming from different instance parameters, then these potential instances are incompatible. This is an example of an "instance diamond", which leads to unexpected unification failures.

Delete or combine some of your instance parameters to avoid this.

Note: This linter can be disabled with `set_option linter.overlappingInstances false`
warning: CurveControl/Geometry/Basic.lean:122:0: automatically included section variable(s) unused in theorem `CurveControl.Geometry.regularizedCurvature_nonneg`:
  [InnerProductSpace ℝ E]
  [Module.Finite ℝ E]
  [NeZero (Module.finrank ℝ E)]
  [I.Boundaryless]
consider restructuring your `variable` declarations so that the variables are not in scope or explicitly omit them:
  omit [InnerProductSpace ℝ E] [Module.Finite ℝ E] [NeZero (Module.finrank ℝ E)] [I.Boundaryless] in theorem ...

Note: This linter can be disabled with `set_option linter.unusedSectionVars false`
warning: CurveControl/Geometry/Basic.lean:122:8: Overlapping instance parameters in `regularizedCurvature_nonneg`:

⚠️ `[NormedSpace ℝ E]` and `[InnerProductSpace ℝ E]` can be used to infer conflicting versions of `[SMul ℝ E]`.
💡️ Of these, `[NormedSpace ℝ E]` may be removed.
⚠️ `[Module.Finite ℝ E]` and `[FiniteDimensional ℝ E]` each imply `[Module.Finite ℝ E]`.
💡️ Of these, `[Module.Finite ℝ E]` and `[FiniteDimensional ℝ E]` may be removed.

When a data-carrying type class has multiple potential instances coming from different instance parameters, then these potential instances are incompatible. This is an example of an "instance diamond", which leads to unexpected unification failures.

Delete or combine some of your instance parameters to avoid this.

Note: This linter can be disabled with `set_option linter.overlappingInstances false`
warning: CurveControl/Geometry/Basic.lean:125:0: automatically included section variable(s) unused in theorem `CurveControl.Geometry.regularizedCurvature_sq`:
  [Module.Finite ℝ E]
consider restructuring your `variable` declarations so that the variables are not in scope or explicitly omit them:
  omit [Module.Finite ℝ E] in theorem ...

Note: This linter can be disabled with `set_option linter.unusedSectionVars false`
warning: CurveControl/Geometry/Basic.lean:125:8: Overlapping instance parameters in `regularizedCurvature_sq`:

⚠️ `[NormedSpace ℝ E]` and `[InnerProductSpace ℝ E]` can be used to infer conflicting versions of `[SMul ℝ E]`.
💡️ Of these, `[NormedSpace ℝ E]` may be removed.
⚠️ `[Module.Finite ℝ E]` and `[FiniteDimensional ℝ E]` each imply `[Module.Finite ℝ E]`.
💡️ Of these, `[Module.Finite ℝ E]` and `[FiniteDimensional ℝ E]` may be removed.

When a data-carrying type class has multiple potential instances coming from different instance parameters, then these potential instances are incompatible. This is an example of an "instance diamond", which leads to unexpected unification failures.

Delete or combine some of your instance parameters to avoid this.

Note: This linter can be disabled with `set_option linter.overlappingInstances false`
warning: CurveControl/Geometry/Basic.lean:129:0: automatically included section variable(s) unused in theorem `CurveControl.Geometry.regularizedCurvature_pos`:
  [Module.Finite ℝ E]
consider restructuring your `variable` declarations so that the variables are not in scope or explicitly omit them:
  omit [Module.Finite ℝ E] in theorem ...

Note: This linter can be disabled with `set_option linter.unusedSectionVars false`
warning: CurveControl/Geometry/Basic.lean:129:8: Overlapping instance parameters in `regularizedCurvature_pos`:

⚠️ `[NormedSpace ℝ E]` and `[InnerProductSpace ℝ E]` can be used to infer conflicting versions of `[SMul ℝ E]`.
💡️ Of these, `[NormedSpace ℝ E]` may be removed.
⚠️ `[Module.Finite ℝ E]` and `[FiniteDimensional ℝ E]` each imply `[Module.Finite ℝ E]`.
💡️ Of these, `[Module.Finite ℝ E]` and `[FiniteDimensional ℝ E]` may be removed.

When a data-carrying type class has multiple potential instances coming from different instance parameters, then these potential instances are incompatible. This is an example of an "instance diamond", which leads to unexpected unification failures.

Delete or combine some of your instance parameters to avoid this.

Note: This linter can be disabled with `set_option linter.overlappingInstances false`
✔ [3083/3091] Built CurveControl.Analysis.RegularizedIntegral (13s)
✔ [3084/3091] Built CurveControl.Geometry.CurveEvolution (13s)
ℹ [3085/3091] Built CurveControl.Analysis.IntegralEstimates (13s)
info: CurveControl/Analysis/IntegralEstimates.lean:174:0: 'CurveControl.Analysis.MovingWeightData.hasDerivAt' depends on axioms: [propext, Classical.choice, Quot.sound]
info: CurveControl/Analysis/IntegralEstimates.lean:175:0: 'CurveControl.Analysis.sqrt_cube_sub_regularized_mul_nonpos' depends on axioms: [propext, Classical.choice, Quot.sound]
info: CurveControl/Analysis/IntegralEstimates.lean:176:0: 'CurveControl.Analysis.regularized_density_pointwise_le' depends on axioms: [propext, Classical.choice, Quot.sound]
info: CurveControl/Analysis/IntegralEstimates.lean:177:0: 'CurveControl.Analysis.integral_density_le' depends on axioms: [propext, Classical.choice, Quot.sound]
info: CurveControl/Analysis/IntegralEstimates.lean:178:0: 'CurveControl.Analysis.integral_regularized_density_le' depends on axioms: [propext, Classical.choice, Quot.sound]
info: CurveControl/Analysis/IntegralEstimates.lean:179:0: 'CurveControl.Analysis.hasDerivAt_length' depends on axioms: [propext, Classical.choice, Quot.sound]
info: CurveControl/Analysis/IntegralEstimates.lean:180:0: 'CurveControl.Analysis.deriv_length_le' depends on axioms: [propext, Classical.choice, Quot.sound]
info: CurveControl/Analysis/IntegralEstimates.lean:181:0: 'CurveControl.Analysis.deriv_regularizedTotal_le' depends on axioms: [propext, Classical.choice, Quot.sound]
✔ [3086/3091] Built CurveControl.Analysis.RegularizedPDE (14s)
⚠ [3087/3091] Built CurveControl.Geometry.Flow (17s)
warning: CurveControl/Geometry/Flow.lean:30:0: docstring should start with **Math.**, **Eng.**, or **Mixed.** (got: "A genuine smooth immersed closed curve-s…")

Note: This linter can be disabled with `set_option linter.shared.mathTag false`
warning: CurveControl/Geometry/Flow.lean:58:0: automatically included section variable(s) unused in theorem `CurveControl.Geometry.IsCurveShorteningFlowOn.hasDerivAt_timeChart`:
  [NeZero (Module.finrank ℝ E)]
  [I.Boundaryless]
consider restructuring your `variable` declarations so that the variables are not in scope or explicitly omit them:
  omit [NeZero (Module.finrank ℝ E)] [I.Boundaryless] in theorem ...

Note: This linter can be disabled with `set_option linter.unusedSectionVars false`
⚠ [3088/3091] Built CurveControl.Geometry.SpatialCurve (17s)
warning: CurveControl/Geometry/SpatialCurve.lean:20:0: automatically included section variable(s) unused in theorem `CurveControl.Geometry.contDiffAt_chartLocalCurve`:
  [InnerProductSpace ℝ E]
  [Module.Finite ℝ E]
  [FiniteDimensional ℝ E]
  [NeZero (Module.finrank ℝ E)]
  [IsManifold I ∞ M]
  [I.Boundaryless]
consider restructuring your `variable` declarations so that the variables are not in scope or explicitly omit them:
  omit [InnerProductSpace ℝ
  E] [Module.Finite ℝ
  E] [FiniteDimensional ℝ E] [NeZero (Module.finrank ℝ E)] [IsManifold I ∞ M] [I.Boundaryless] in theorem ...

Note: This linter can be disabled with `set_option linter.unusedSectionVars false`
warning: CurveControl/Geometry/SpatialCurve.lean:20:8: Overlapping instance parameters in `contDiffAt_chartLocalCurve`:

⚠️ `[NormedSpace ℝ E]` and `[InnerProductSpace ℝ E]` can be used to infer conflicting versions of `[SMul ℝ E]`.
💡️ Of these, `[NormedSpace ℝ E]` may be removed.
⚠️ `[Module.Finite ℝ E]` and `[FiniteDimensional ℝ E]` each imply `[Module.Finite ℝ E]`.
💡️ Of these, `[Module.Finite ℝ E]` and `[FiniteDimensional ℝ E]` may be removed.

When a data-carrying type class has multiple potential instances coming from different instance parameters, then these potential instances are incompatible. This is an example of an "instance diamond", which leads to unexpected unification failures.

Delete or combine some of your instance parameters to avoid this.

Note: This linter can be disabled with `set_option linter.overlappingInstances false`
warning: CurveControl/Geometry/SpatialCurve.lean:19:0: docstring should start with **Math.**, **Eng.**, or **Mixed.** (got: "A smooth curve has a smooth representati…")

Note: This linter can be disabled with `set_option linter.shared.mathTag false`
warning: CurveControl/Geometry/SpatialCurve.lean:25:0: docstring should start with **Math.**, **Eng.**, or **Mixed.** (got: "Continuity keeps the curve in the anchor…")

Note: This linter can be disabled with `set_option linter.shared.mathTag false`
warning: CurveControl/Geometry/SpatialCurve.lean:33:0: automatically included section variable(s) unused in theorem `CurveControl.Geometry.hasCovDerivAlongAt_covDerivAlong`:
  [InnerProductSpace ℝ E]
  [Module.Finite ℝ E]
  [NeZero (Module.finrank ℝ E)]
  [I.Boundaryless]
consider restructuring your `variable` declarations so that the variables are not in scope or explicitly omit them:
  omit [InnerProductSpace ℝ E] [Module.Finite ℝ E] [NeZero (Module.finrank ℝ E)] [I.Boundaryless] in theorem ...

Note: This linter can be disabled with `set_option linter.unusedSectionVars false`
warning: CurveControl/Geometry/SpatialCurve.lean:33:8: Overlapping instance parameters in `hasCovDerivAlongAt_covDerivAlong`:

⚠️ `[NormedSpace ℝ E]` and `[InnerProductSpace ℝ E]` can be used to infer conflicting versions of `[SMul ℝ E]`.
💡️ Of these, `[NormedSpace ℝ E]` may be removed.
⚠️ `[Module.Finite ℝ E]` and `[FiniteDimensional ℝ E]` each imply `[Module.Finite ℝ E]`.
💡️ Of these, `[Module.Finite ℝ E]` and `[FiniteDimensional ℝ E]` may be removed.

When a data-carrying type class has multiple potential instances coming from different instance parameters, then these potential instances are incompatible. This is an example of an "instance diamond", which leads to unexpected unification failures.

Delete or combine some of your instance parameters to avoid this.

Note: This linter can be disabled with `set_option linter.overlappingInstances false`
warning: CurveControl/Geometry/SpatialCurve.lean:31:0: docstring should start with **Math.**, **Eng.**, or **Mixed.** (got: "Differentiability of the actual chart re…")

Note: This linter can be disabled with `set_option linter.shared.mathTag false`
warning: CurveControl/Geometry/SpatialCurve.lean:43:0: automatically included section variable(s) unused in theorem `CurveControl.Geometry.contDiffAt_chartFieldCoord_velocity`:
  [Module.Finite ℝ E]
consider restructuring your `variable` declarations so that the variables are not in scope or explicitly omit them:
  omit [Module.Finite ℝ E] in theorem ...

Note: This linter can be disabled with `set_option linter.unusedSectionVars false`
warning: CurveControl/Geometry/SpatialCurve.lean:43:8: Overlapping instance parameters in `contDiffAt_chartFieldCoord_velocity`:

⚠️ `[NormedSpace ℝ E]` and `[InnerProductSpace ℝ E]` can be used to infer conflicting versions of `[SMul ℝ E]`.
💡️ Of these, `[NormedSpace ℝ E]` may be removed.
⚠️ `[Module.Finite ℝ E]` and `[FiniteDimensional ℝ E]` each imply `[Module.Finite ℝ E]`.
💡️ Of these, `[Module.Finite ℝ E]` and `[FiniteDimensional ℝ E]` may be removed.

When a data-carrying type class has multiple potential instances coming from different instance parameters, then these potential instances are incompatible. This is an example of an "instance diamond", which leads to unexpected unification failures.

Delete or combine some of your instance parameters to avoid this.

Note: This linter can be disabled with `set_option linter.overlappingInstances false`
warning: CurveControl/Geometry/SpatialCurve.lean:41:0: docstring should start with **Math.**, **Eng.**, or **Mixed.** (got: "The velocity field has smooth coordinate…")

Note: This linter can be disabled with `set_option linter.shared.mathTag false`
warning: CurveControl/Geometry/SpatialCurve.lean:60:0: automatically included section variable(s) unused in theorem `CurveControl.Geometry.hasCovDerivAlongAt_velocity`:
  [Module.Finite ℝ E]
consider restructuring your `variable` declarations so that the variables are not in scope or explicitly omit them:
  omit [Module.Finite ℝ E] in theorem ...

Note: This linter can be disabled with `set_option linter.unusedSectionVars false`
warning: CurveControl/Geometry/SpatialCurve.lean:60:8: Overlapping instance parameters in `hasCovDerivAlongAt_velocity`:

⚠️ `[NormedSpace ℝ E]` and `[InnerProductSpace ℝ E]` can be used to infer conflicting versions of `[SMul ℝ E]`.
💡️ Of these, `[NormedSpace ℝ E]` may be removed.
⚠️ `[Module.Finite ℝ E]` and `[FiniteDimensional ℝ E]` each imply `[Module.Finite ℝ E]`.
💡️ Of these, `[Module.Finite ℝ E]` and `[FiniteDimensional ℝ E]` may be removed.

When a data-carrying type class has multiple potential instances coming from different instance parameters, then these potential instances are incompatible. This is an example of an "instance diamond", which leads to unexpected unification failures.

Delete or combine some of your instance parameters to avoid this.

Note: This linter can be disabled with `set_option linter.overlappingInstances false`
warning: CurveControl/Geometry/SpatialCurve.lean:59:0: docstring should start with **Math.**, **Eng.**, or **Mixed.** (got: "Smoothness of the curve supplies the act…")

Note: This linter can be disabled with `set_option linter.shared.mathTag false`
warning: CurveControl/Geometry/SpatialCurve.lean:72:0: automatically included section variable(s) unused in theorem `CurveControl.Geometry.hasDerivAt_curveSpeed`:
  [Module.Finite ℝ E]
consider restructuring your `variable` declarations so that the variables are not in scope or explicitly omit them:
  omit [Module.Finite ℝ E] in theorem ...

Note: This linter can be disabled with `set_option linter.unusedSectionVars false`
warning: CurveControl/Geometry/SpatialCurve.lean:72:8: Overlapping instance parameters in `hasDerivAt_curveSpeed`:

⚠️ `[NormedSpace ℝ E]` and `[InnerProductSpace ℝ E]` can be used to infer conflicting versions of `[SMul ℝ E]`.
💡️ Of these, `[NormedSpace ℝ E]` may be removed.
⚠️ `[Module.Finite ℝ E]` and `[FiniteDimensional ℝ E]` each imply `[Module.Finite ℝ E]`.
💡️ Of these, `[Module.Finite ℝ E]` and `[FiniteDimensional ℝ E]` may be removed.

When a data-carrying type class has multiple potential instances coming from different instance parameters, then these potential instances are incompatible. This is an example of an "instance diamond", which leads to unexpected unification failures.

Delete or combine some of your instance parameters to avoid this.

Note: This linter can be disabled with `set_option linter.overlappingInstances false`
warning: CurveControl/Geometry/SpatialCurve.lean:69:0: docstring should start with **Math.**, **Eng.**, or **Mixed.** (got: "Spatial speed derivative in a fixed ambi…")

Note: This linter can be disabled with `set_option linter.shared.mathTag false`
warning: CurveControl/Geometry/SpatialCurve.lean:84:0: automatically included section variable(s) unused in theorem `CurveControl.Geometry.curvatureVector_orthogonal`:
  [Module.Finite ℝ E]
consider restructuring your `variable` declarations so that the variables are not in scope or explicitly omit them:
  omit [Module.Finite ℝ E] in theorem ...

Note: This linter can be disabled with `set_option linter.unusedSectionVars false`
warning: CurveControl/Geometry/SpatialCurve.lean:84:8: Overlapping instance parameters in `curvatureVector_orthogonal`:

⚠️ `[NormedSpace ℝ E]` and `[InnerProductSpace ℝ E]` can be used to infer conflicting versions of `[SMul ℝ E]`.
💡️ Of these, `[NormedSpace ℝ E]` may be removed.
⚠️ `[Module.Finite ℝ E]` and `[FiniteDimensional ℝ E]` each imply `[Module.Finite ℝ E]`.
💡️ Of these, `[Module.Finite ℝ E]` and `[FiniteDimensional ℝ E]` may be removed.

When a data-carrying type class has multiple potential instances coming from different instance parameters, then these potential instances are incompatible. This is an example of an "instance diamond", which leads to unexpected unification failures.

Delete or combine some of your instance parameters to avoid this.

Note: This linter can be disabled with `set_option linter.overlappingInstances false`
warning: CurveControl/Geometry/SpatialCurve.lean:82:0: docstring should start with **Math.**, **Eng.**, or **Mixed.** (got: "Curvature is orthogonal to the unit tang…")

Note: This linter can be disabled with `set_option linter.shared.mathTag false`
warning: CurveControl/Geometry/SpatialCurve.lean:104:0: automatically included section variable(s) unused in theorem `CurveControl.Geometry.hasCovDerivAlongAt_unitTangent`:
  [Module.Finite ℝ E]
consider restructuring your `variable` declarations so that the variables are not in scope or explicitly omit them:
  omit [Module.Finite ℝ E] in theorem ...

Note: This linter can be disabled with `set_option linter.unusedSectionVars false`
warning: CurveControl/Geometry/SpatialCurve.lean:104:8: Overlapping instance parameters in `hasCovDerivAlongAt_unitTangent`:

⚠️ `[NormedSpace ℝ E]` and `[InnerProductSpace ℝ E]` can be used to infer conflicting versions of `[SMul ℝ E]`.
💡️ Of these, `[NormedSpace ℝ E]` may be removed.
⚠️ `[Module.Finite ℝ E]` and `[FiniteDimensional ℝ E]` each imply `[Module.Finite ℝ E]`.
💡️ Of these, `[Module.Finite ℝ E]` and `[FiniteDimensional ℝ E]` may be removed.

When a data-carrying type class has multiple potential instances coming from different instance parameters, then these potential instances are incompatible. This is an example of an "instance diamond", which leads to unexpected unification failures.

Delete or combine some of your instance parameters to avoid this.

Note: This linter can be disabled with `set_option linter.overlappingInstances false`
warning: CurveControl/Geometry/SpatialCurve.lean:103:0: docstring should start with **Math.**, **Eng.**, or **Mixed.** (got: "Unit tangent covariant differentiability…")

Note: This linter can be disabled with `set_option linter.shared.mathTag false`
warning: CurveControl/Geometry/SpatialCurve.lean:119:0: automatically included section variable(s) unused in theorem `CurveControl.Geometry.curvatureVector_orthogonal_of_contMDiff`:
  [Module.Finite ℝ E]
consider restructuring your `variable` declarations so that the variables are not in scope or explicitly omit them:
  omit [Module.Finite ℝ E] in theorem ...

Note: This linter can be disabled with `set_option linter.unusedSectionVars false`
warning: CurveControl/Geometry/SpatialCurve.lean:119:8: Overlapping instance parameters in `curvatureVector_orthogonal_of_contMDiff`:

⚠️ `[NormedSpace ℝ E]` and `[InnerProductSpace ℝ E]` can be used to infer conflicting versions of `[SMul ℝ E]`.
💡️ Of these, `[NormedSpace ℝ E]` may be removed.
⚠️ `[Module.Finite ℝ E]` and `[FiniteDimensional ℝ E]` each imply `[Module.Finite ℝ E]`.
💡️ Of these, `[Module.Finite ℝ E]` and `[FiniteDimensional ℝ E]` may be removed.

When a data-carrying type class has multiple potential instances coming from different instance parameters, then these potential instances are incompatible. This is an example of an "instance diamond", which leads to unexpected unification failures.

Delete or combine some of your instance parameters to avoid this.

Note: This linter can be disabled with `set_option linter.overlappingInstances false`
warning: CurveControl/Geometry/SpatialCurve.lean:117:0: docstring should start with **Math.**, **Eng.**, or **Mixed.** (got: "Orthogonality for a smooth immersed curv…")

Note: This linter can be disabled with `set_option linter.shared.mathTag false`
⚠ [3089/3091] Built CurveControl.Geometry.ChartBridge (12s)
warning: CurveControl/Geometry/ChartBridge.lean:24:0: docstring should start with **Math.**, **Eng.**, or **Mixed.** (got: "Representation of the family in one fixe…")

Note: This linter can be disabled with `set_option linter.shared.mathTag false`
warning: CurveControl/Geometry/ChartBridge.lean:35:0: automatically included section variable(s) unused in theorem `CurveControl.Geometry.IsCurveShorteningFlowOn.contMDiff_curve`:
  [NeZero (Module.finrank ℝ E)]
  [I.Boundaryless]
consider restructuring your `variable` declarations so that the variables are not in scope or explicitly omit them:
  omit [NeZero (Module.finrank ℝ E)] [I.Boundaryless] in theorem ...

Note: This linter can be disabled with `set_option linter.unusedSectionVars false`
warning: CurveControl/Geometry/ChartBridge.lean:41:0: automatically included section variable(s) unused in theorem `CurveControl.Geometry.IsCurveShorteningFlowOn.contMDiffAt_family`:
  [NeZero (Module.finrank ℝ E)]
  [I.Boundaryless]
consider restructuring your `variable` declarations so that the variables are not in scope or explicitly omit them:
  omit [NeZero (Module.finrank ℝ E)] [I.Boundaryless] in theorem ...

Note: This linter can be disabled with `set_option linter.unusedSectionVars false`
✔ [3090/3091] Built CurveControl (11s)
Build completed successfully (3091 jobs).
